NS_Waveform_File,EW_Waveform_File,UP_Waveform_File,Record_Folder,Scale_Factor_Used,P_Pick_Index,P_Pick_Time_sec,Waveform_Start_Sample,Waveform_End_Sample,Waveform_Duration_sec,Number_of_Waveform_Samples,Sampling_Frequency_Hz,Damping,STA_Seconds,LTA_Seconds,STA_LTA_Threshold,Response_Spectrum_Method,Number_of_Periods,Minimum_Period_sec,Maximum_Period_sec,Station_Name,Station_Lat,Station_Lon,Origin_Date,Origin_Time,Rec_Start_Date,Rec_Start_Time,Duration_Time(s),Last_Corr_Date,Last_Corr_Time,Epicenter_Lat,Epicenter_Lon,Magnitude,EQ_Depth(km),Samp_Freq(Hz),PGA_EW(gal),PGA_NS(gal),PGA_UD(gal),Station Height(m),Scale_factor,Numerator,Denominator,INdex,Epicentral_Distance_km
F:\Research Work\Response Spectrum\Seismic waveform 1\data2\ER_3.6.21\HRS0010210240613\HRS0010210240613Anj.NS.csv,F:\Research Work\Response Spectrum\Seismic waveform 1\data2\ER_3.6.21\HRS0010210240613\HRS0010210240613Anj.EW.csv,F:\Research Work\Response Spectrum\Seismic waveform 1\data2\ER_3.6.21\HRS0010210240613\HRS0010210240613Anj.UD.csv,F:\Research Work\Response Spectrum\Seismic waveform 1\data2\ER_3.6.21\HRS0010210240613,0.0002384185791015,721,7.21,721,1320,6.0,600,100.0,0.05,0.1,0.3,2.5,Duhamel,100,0.01,4.0,HRS001,35.0337,132.9018,2002/10/24,06:13:00,2002/10/24,06:13:33,119,2002/10/24,06:00:00,35.34,133.402,3.6,12,100,7.527,9.527,1.355,566,0.0002384185791015,2000.0,8388608.0,0,56.800632
F:\Research Work\Response Spectrum\Seismic waveform 1\data2\ER_3.6.21\HRS0210210240613\HRS0210210240613Anj.NS.csv,F:\Research Work\Response Spectrum\Seismic waveform 1\data2\ER_3.6.21\HRS0210210240613\HRS0210210240613Anj.EW.csv,F:\Research Work\Response Spectrum\Seismic waveform 1\data2\ER_3.6.21\HRS0210210240613\HRS0210210240613Anj.UD.csv,F:\Research Work\Response Spectrum\Seismic waveform 1\data2\ER_3.6.21\HRS0210210240613,0.0002384185791015,1442,14.42,1442,2041,6.0,600,100.0,0.05,0.1,0.3,2.5,Duhamel,100,0.01,4.0,HRS021,34.9529,133.1171,2002/10/24,06:13:00,2002/10/24,06:13:25,119,2002/10/24,06:00:00,35.34,133.402,3.6,12,100,2.984,3.245,6.025,325,0.0002384185791015,2000.0,8388608.0,1,50.23689
F:\Research Work\Response Spectrum\Seismic waveform 1\data2\ER_3.6.21\OKY0010210240613\OKY0010210240613Anj.NS.csv,F:\Research Work\Response Spectrum\Seismic waveform 1\data2\ER_3.6.21\OKY0010210240613\OKY0010210240613Anj.EW.csv,F:\Research Work\Response Spectrum\Seismic waveform 1\data2\ER_3.6.21\OKY0010210240613\OKY0010210240613Anj.UD.csv,F:\Research Work\Response Spectrum\Seismic waveform 1\data2\ER_3.6.21\OKY0010210240613,0.0002384185791015,1461,14.61,1461,2060,6.0,600,100.0,0.05,0.1,0.3,2.5,Duhamel,100,0.01,4.0,OKY001,35.1945,133.7314,2002/10/24,06:13:00,2002/10/24,06:13:22,119,2002/10/24,06:00:00,35.34,133.402,3.6,12,100,5.032,2.479,3.959,334,0.0002384185791015,2000.0,8388608.0,2,34.001152
F:\Research Work\Response Spectrum\Seismic waveform 1\data2\ER_3.6.21\SMN0010210240613\SMN0010210240613Anj.NS.csv,F:\Research Work\Response Spectrum\Seismic waveform 1\data2\ER_3.6.21\SMN0010210240613\SMN0010210240613Anj.EW.csv,F:\Research Work\Response Spectrum\Seismic waveform 1\data2\ER_3.6.21\SMN0010210240613\SMN0010210240613Anj.UD.csv,F:\Research Work\Response Spectrum\Seismic waveform 1\data2\ER_3.6.21\SMN0010210240613,0.0002384185791015,1016,10.16,1016,1615,6.0,600,100.0,0.05,0.1,0.3,2.5,Duhamel,100,0.01,4.0,SMN001,35.5372,133.1612,2002/10/24,06:13:00,2002/10/24,06:13:26,119,2002/10/24,06:00:00,35.34,133.402,3.6,12,100,5.286,6.463,1.889,2,0.0002384185791015,2000.0,8388608.0,3,30.930933
F:\Research Work\Response Spectrum\Seismic waveform 1\data2\ER_3.6.21\TTR0060210240613\TTR0060210240613Anj.NS.csv,F:\Research Work\Response Spectrum\Seismic waveform 1\data2\ER_3.6.21\TTR0060210240613\TTR0060210240613Anj.EW.csv,F:\Research Work\Response Spectrum\Seismic waveform 1\data2\ER_3.6.21\TTR0060210240613\TTR0060210240613Anj.UD.csv,F:\Research Work\Response Spectrum\Seismic waveform 1\data2\ER_3.6.21\TTR0060210240613,0.0002384185791015,96,0.96,96,695,6.0,600,100.0,0.05,0.1,0.3,2.5,Duhamel,100,0.01,4.0,TTR006,35.5106,133.6303,2002/10/24,06:13:00,2002/10/24,06:13:25,119,2002/10/24,06:00:00,35.34,133.402,3.6,12,100,6.095,9.368,2.556,20,0.0002384185791015,2000.0,8388608.0,4,28.067282
F:\Research Work\Response Spectrum\Seismic waveform 1\data2\ER_3.6.21\TTR0070210240613\TTR0070210240613Anj.NS.csv,F:\Research Work\Response Spectrum\Seismic waveform 1\data2\ER_3.6.21\TTR0070210240613\TTR0070210240613Anj.EW.csv,F:\Research Work\Response Spectrum\Seismic waveform 1\data2\ER_3.6.21\TTR0070210240613\TTR0070210240613Anj.UD.csv,F:\Research Work\Response Spectrum\Seismic waveform 1\data2\ER_3.6.21\TTR0070210240613,0.0002384185791015,1398,13.98,1398,1997,6.0,600,100.0,0.05,0.1,0.3,2.5,Duhamel,100,0.01,4.0,TTR007,35.2826,133.4876,2002/10/24,06:13:00,2002/10/24,06:13:19,119,2002/10/24,06:00:00,35.34,133.402,3.6,12,100,11.389,9.529,11.262,155,0.0002384185791015,2000.0,8388608.0,5,10.053158
F:\Research Work\Response Spectrum\Seismic waveform 1\data2\ER_3.6.21\TTR0080210240613\TTR0080210240613Anj.NS.csv,F:\Research Work\Response Spectrum\Seismic waveform 1\data2\ER_3.6.21\TTR0080210240613\TTR0080210240613Anj.EW.csv,F:\Research Work\Response Spectrum\Seismic waveform 1\data2\ER_3.6.21\TTR0080210240613\TTR0080210240613Anj.UD.csv,F:\Research Work\Response Spectrum\Seismic waveform 1\data2\ER_3.6.21\TTR0080210240613,0.0002384185791015,778,7.78,778,1377,6.0,600,100.0,0.05,0.1,0.3,2.5,Duhamel,100,0.01,4.0,TTR008,35.4258,133.3301,2002/10/24,06:13:00,2002/10/24,06:13:21,120,2002/10/24,06:00:00,35.34,133.402,3.6,12,100,12.258,8.321,6.408,2,0.0002384185791015,2000.0,8388608.0,6,11.554623
F:\Research Work\Response Spectrum\Seismic waveform 1\data2\ER_3.7.13\HRS0010102180957\HRS0010102180957Anj.NS.csv,F:\Research Work\Response Spectrum\Seismic waveform 1\data2\ER_3.7.13\HRS0010102180957\HRS0010102180957Anj.EW.csv,F:\Research Work\Response Spectrum\Seismic waveform 1\data2\ER_3.7.13\HRS0010102180957\HRS0010102180957Anj.UD.csv,F:\Research Work\Response Spectrum\Seismic waveform 1\data2\ER_3.7.13\HRS0010102180957,0.0002384185791015,863,8.63,863,1462,6.0,600,100.0,0.05,0.1,0.3,2.5,Duhamel,100,0.01,4.0,HRS001,35.0337,132.9018,2001/02/18,09:57:00,2001/02/18,09:58:02,119,2001/02/18,09:00:00,35.205,133.414,3.7,11,100,5.75,4.696,2.493,566,0.0002384185791015,2000.0,8388608.0,24,50.329407
F:\Research Work\Response Spectrum\Seismic waveform 1\data2\ER_3.7.13\HRS0020102180957\HRS0020102180957Anj.NS.csv,F:\Research Work\Response Spectrum\Seismic waveform 1\data2\ER_3.7.13\HRS0020102180957\HRS0020102180957Anj.EW.csv,F:\Research Work\Response Spectrum\Seismic waveform 1\data2\ER_3.7.13\HRS0020102180957\HRS0020102180957Anj.UD.csv,F:\Research Work\Response Spectrum\Seismic waveform 1\data2\ER_3.7.13\HRS0020102180957,0.0002384185791015,948,9.48,948,1547,6.0,600,100.0,0.05,0.1,0.3,2.5,Duhamel,100,0.01,4.0,HRS002,34.8951,133.2755,2001/02/18,09:57:00,2001/02/18,09:57:59,119,2001/02/18,09:00:00,35.205,133.414,3.7,11,100,14.215,12.919,1.665,306,0.0002384185791015,2000.0,8388608.0,25,36.693256
F:\Research Work\Response Spectrum\Seismic waveform 1\data2\ER_3.7.13\HRS0060102180957\HRS0060102180957Anj.NS.csv,F:\Research Work\Response Spectrum\Seismic waveform 1\data2\ER_3.7.13\HRS0060102180957\HRS0060102180957Anj.EW.csv,F:\Research Work\Response Spectrum\Seismic waveform 1\data2\ER_3.7.13\HRS0060102180957\HRS0060102180957Anj.UD.csv,F:\Research Work\Response Spectrum\Seismic waveform 1\data2\ER_3.7.13\HRS0060102180957,0.0002384185791015,1060,10.6,1060,1659,6.0,600,100.0,0.05,0.1,0.3,2.5,Duhamel,100,0.01,4.0,HRS006,34.6659,132.4077,2001/02/18,09:57:00,2001/02/18,09:58:19,119,2001/02/18,09:00:00,35.205,133.414,3.7,11,100,2.474,1.692,1.628,371,0.0002384185791015,2000.0,8388608.0,26,109.58054
F:\Research Work\Response Spectrum\Seismic waveform 1\data2\ER_3.7.13\HRS0210102180957\HRS0210102180957Anj.NS.csv,F:\Research Work\Response Spectrum\Seismic waveform 1\data2\ER_3.7.13\HRS0210102180957\HRS0210102180957Anj.EW.csv,F:\Research Work\Response Spectrum\Seismic waveform 1\data2\ER_3.7.13\HRS0210102180957\HRS0210102180957Anj.UD.csv,F:\Research Work\Response Spectrum\Seismic waveform 1\data2\ER_3.7.13\HRS0210102180957,0.0002384185791015,894,8.94,894,1493,6.0,600,100.0,0.05,0.1,0.3,2.5,Duhamel,100,0.01,4.0,HRS021,34.9529,133.1171,2001/02/18,09:57:00,2001/02/18,09:58:00,119,2001/02/18,09:00:00,35.205,133.414,3.7,11,100,5.104,5.712,1.977,325,0.0002384185791015,2000.0,8388608.0,27,38.932392
F:\Research Work\Response Spectrum\Seismic waveform 1\data2\ER_3.7.13\OKY0010102180957\OKY0010102180957Anj.NS.csv,F:\Research Work\Response Spectrum\Seismic waveform 1\data2\ER_3.7.13\OKY0010102180957\OKY0010102180957Anj.EW.csv,F:\Research Work\Response Spectrum\Seismic waveform 1\data2\ER_3.7.13\OKY0010102180957\OKY0010102180957Anj.UD.csv,F:\Research Work\Response Spectrum\Seismic waveform 1\data2\ER_3.7.13\OKY0010102180957,0.0002384185791015,1421,14.21,1421,2020,6.0,600,100.0,0.05,0.1,0.3,2.5,Duhamel,100,0.01,4.0,OKY001,35.1945,133.7314,2001/02/18,09:57:00,2001/02/18,09:57:53,119,2001/02/18,09:00:00,35.205,133.414,3.7,11,100,6.076,4.85,4.514,334,0.0002384185791015,2000.0,8388608.0,28,28.863415
F:\Research Work\Response Spectrum\Seismic waveform 1\data2\ER_3.7.13\OKY0050102180957\OKY0050102180957Anj.NS.csv,F:\Research Work\Response Spectrum\Seismic waveform 1\data2\ER_3.7.13\OKY0050102180957\OKY0050102180957Anj.EW.csv,F:\Research Work\Response Spectrum\Seismic waveform 1\data2\ER_3.7.13\OKY0050102180957\OKY0050102180957Anj.UD.csv,F:\Research Work\Response Spectrum\Seismic waveform 1\data2\ER_3.7.13\OKY0050102180957,0.0002384185791015,938,9.38,938,1537,6.0,600,100.0,0.05,0.1,0.3,2.5,Duhamel,100,0.01,4.0,OKY005,35.0098,133.7317,2001/02/18,09:57:00,2001/02/18,09:57:59,119,2001/02/18,09:00:00,35.205,133.414,3.7,11,100,7.545,6.625,4.888,134,0.0002384185791015,2000.0,8388608.0,29,36.142998
F:\Research Work\Response Spectrum\Seismic waveform 1\data2\ER_3.7.13\OKY0080102180957\OKY0080102180957Anj.NS.csv,F:\Research Work\Response Spectrum\Seismic waveform 1\data2\ER_3.7.13\OKY0080102180957\OKY0080102180957Anj.EW.csv,F:\Research Work\Response Spectrum\Seismic waveform 1\data2\ER_3.7.13\OKY0080102180957\OKY0080102180957Anj.UD.csv,F:\Research Work\Response Spectrum\Seismic waveform 1\data2\ER_3.7.13\OKY0080102180957,0.0002384185791015,720,7.2,720,1319,6.0,600,100.0,0.05,0.1,0.3,2.5,Duhamel,100,0.01,4.0,OKY008,34.8701,133.9036,2001/02/18,09:57:00,2001/02/18,09:58:05,119,2001/02/18,09:00:00,35.205,133.414,3.7,11,100,2.556,2.324,0.967,62,0.0002384185791015,2000.0,8388608.0,30,58.083305
F:\Research Work\Response Spectrum\Seismic waveform 1\data2\ER_3.7.13\SMN0010102180957\SMN0010102180957Anj.NS.csv,F:\Research Work\Response Spectrum\Seismic waveform 1\data2\ER_3.7.13\SMN0010102180957\SMN0010102180957Anj.EW.csv,F:\Research Work\Response Spectrum\Seismic waveform 1\data2\ER_3.7.13\SMN0010102180957\SMN0010102180957Anj.UD.csv,F:\Research Work\Response Spectrum\Seismic waveform 1\data2\ER_3.7.13\SMN0010102180957,0.0002384185791015,859,8.59,859,1458,6.0,600,100.0,0.05,0.1,0.3,2.5,Duhamel,100,0.01,4.0,SMN001,35.5372,133.1612,2001/02/18,09:57:00,2001/02/18,09:58:01,119,2001/02/18,09:00:00,35.205,133.414,3.7,11,100,3.988,4.188,0.85,2,0.0002384185791015,2000.0,8388608.0,31,43.47273
F:\Research Work\Response Spectrum\Seismic waveform 1\data2\ER_3.7.13\TTR0070102180957\TTR0070102180957Anj.NS.csv,F:\Research Work\Response Spectrum\Seismic waveform 1\data2\ER_3.7.13\TTR0070102180957\TTR0070102180957Anj.EW.csv,F:\Research Work\Response Spectrum\Seismic waveform 1\data2\ER_3.7.13\TTR0070102180957\TTR0070102180957Anj.UD.csv,F:\Research Work\Response Spectrum\Seismic waveform 1\data2\ER_3.7.13\TTR0070102180957,0.0002384185791015,1321,13.21,1321,1920,6.0,600,100.0,0.05,0.1,0.3,2.5,Duhamel,100,0.01,4.0,TTR007,35.2826,133.4876,2001/02/18,09:57:00,2001/02/18,09:57:51,119,2001/02/18,09:00:00,35.205,133.414,3.7,11,100,19.802,20.061,6.794,155,0.0002384185791015,2000.0,8388608.0,32,10.914619
F:\Research Work\Response Spectrum\Seismic waveform 1\data2\ER_3.7.13\TTR0090102180957\TTR0090102180957Anj.NS.csv,F:\Research Work\Response Spectrum\Seismic waveform 1\data2\ER_3.7.13\TTR0090102180957\TTR0090102180957Anj.EW.csv,F:\Research Work\Response Spectrum\Seismic waveform 1\data2\ER_3.7.13\TTR0090102180957\TTR0090102180957Anj.UD.csv,F:\Research Work\Response Spectrum\Seismic waveform 1\data2\ER_3.7.13\TTR0090102180957,0.0002384185791015,1439,14.39,1439,2038,6.0,600,100.0,0.05,0.1,0.3,2.5,Duhamel,100,0.01,4.0,TTR009,35.1629,133.3063,2001/02/18,09:57:00,2001/02/18,09:57:50,119,2001/02/18,09:00:00,35.205,133.414,3.7,11,100,19.065,26.167,6.518,299,0.0002384185791015,2000.0,8388608.0,33,10.849693
F:\Research Work\Response Spectrum\Seismic waveform 1\data2\ER_3.7.14\HRS0010109171849\HRS0010109171849Anj.NS.csv,F:\Research Work\Response Spectrum\Seismic waveform 1\data2\ER_3.7.14\HRS0010109171849\HRS0010109171849Anj.EW.csv,F:\Research Work\Response Spectrum\Seismic waveform 1\data2\ER_3.7.14\HRS0010109171849\HRS0010109171849Anj.UD.csv,F:\Research Work\Response Spectrum\Seismic waveform 1\data2\ER_3.7.14\HRS0010109171849,0.0002384185791015,814,8.14,814,1413,6.0,600,100.0,0.05,0.1,0.3,2.5,Duhamel,100,0.01,4.0,HRS001,35.0337,132.9018,2001/09/17,18:49:00,2001/09/17,18:49:36,119,2001/09/17,17:00:00,34.928,132.377,3.7,16,100,3.09,3.527,2.223,566,0.0002384185791015,2000.0,8388608.0,34,49.236217
F:\Research Work\Response Spectrum\Seismic waveform 1\data2\ER_3.7.14\HRS0040109171849\HRS0040109171849Anj.NS.csv,F:\Research Work\Response Spectrum\Seismic waveform 1\data2\ER_3.7.14\HRS0040109171849\HRS0040109171849Anj.EW.csv,F:\Research Work\Response Spectrum\Seismic waveform 1\data2\ER_3.7.14\HRS0040109171849\HRS0040109171849Anj.UD.csv,F:\Research Work\Response Spectrum\Seismic waveform 1\data2\ER_3.7.14\HRS0040109171849,0.0002384185791015,1058,10.58,1058,1657,6.0,600,100.0,0.05,0.1,0.3,2.5,Duhamel,100,0.01,4.0,HRS004,34.7262,132.2772,2001/09/17,18:49:00,2001/09/17,18:49:30,119,2001/09/17,18:00:00,34.928,132.377,3.7,16,100,6.574,10.146,3.143,586,0.0002384185791015,2000.0,8388608.0,35,24.217714
F:\Research Work\Response Spectrum\Seismic waveform 1\data2\ER_3.7.14\HRS0060109171849\HRS0060109171849Anj.NS.csv,F:\Research Work\Response Spectrum\Seismic waveform 1\data2\ER_3.7.14\HRS0060109171849\HRS0060109171849Anj.EW.csv,F:\Research Work\Response Spectrum\Seismic waveform 1\data2\ER_3.7.14\HRS0060109171849\HRS0060109171849Anj.UD.csv,F:\Research Work\Response Spectrum\Seismic waveform 1\data2\ER_3.7.14\HRS0060109171849,0.0002384185791015,1020,10.2,1020,1619,6.0,600,100.0,0.05,0.1,0.3,2.5,Duhamel,100,0.01,4.0,HRS006,34.6659,132.4077,2001/09/17,18:49:00,2001/09/17,18:49:31,119,2001/09/17,18:00:00,34.928,132.377,3.7,16,100,5.747,3.29,1.458,371,0.0002384185791015,2000.0,8388608.0,36,29.278696
F:\Research Work\Response Spectrum\Seismic waveform 1\data2\ER_3.7.14\HRS0090109171849\HRS0090109171849Anj.NS.csv,F:\Research Work\Response Spectrum\Seismic waveform 1\data2\ER_3.7.14\HRS0090109171849\HRS0090109171849Anj.EW.csv,F:\Research Work\Response Spectrum\Seismic waveform 1\data2\ER_3.7.14\HRS0090109171849\HRS0090109171849Anj.UD.csv,F:\Research Work\Response Spectrum\Seismic waveform 1\data2\ER_3.7.14\HRS0090109171849,0.0002384185791015,837,8.37,837,1436,6.0,600,100.0,0.05,0.1,0.3,2.5,Duhamel,100,0.01,4.0,HRS009,34.4926,132.2794,2001/09/17,18:49:00,2001/09/17,18:49:36,119,2001/09/17,17:00:00,34.928,132.377,3.7,16,100,3.244,4.345,2.092,219,0.0002384185791015,2000.0,8388608.0,37,49.229366
F:\Research Work\Response Spectrum\Seismic waveform 1\data2\ER_3.7.14\HRS0210109171849\HRS0210109171849Anj.NS.csv,F:\Research Work\Response Spectrum\Seismic waveform 1\data2\ER_3.7.14\HRS0210109171849\HRS0210109171849Anj.EW.csv,F:\Research Work\Response Spectrum\Seismic waveform 1\data2\ER_3.7.14\HRS0210109171849\HRS0210109171849Anj.UD.csv,F:\Research Work\Response Spectrum\Seismic waveform 1\data2\ER_3.7.14\HRS0210109171849,0.0002384185791015,1399,13.99,1399,1998,6.0,600,100.0,0.05,0.1,0.3,2.5,Duhamel,100,0.01,4.0,HRS021,34.9529,133.1171,2001/09/17,18:49:00,2001/09/17,18:49:33,119,2001/09/17,17:00:00,34.928,132.377,3.7,16,100,2.719,4.073,6.104,325,0.0002384185791015,2000.0,8388608.0,38,67.51808
F:\Research Work\Response Spectrum\Seismic waveform 1\data2\ER_3.7.14\SMN0040109171849\SMN0040109171849Anj.NS.csv,F:\Research Work\Response Spectrum\Seismic waveform 1\data2\ER_3.7.14\SMN0040109171849\SMN0040109171849Anj.EW.csv,F:\Research Work\Response Spectrum\Seismic waveform 1\data2\ER_3.7.14\SMN0040109171849\SMN0040109171849Anj.UD.csv,F:\Research Work\Response Spectrum\Seismic waveform 1\data2\ER_3.7.14\SMN0040109171849,0.0002384185791015,1453,14.53,1453,2052,6.0,600,100.0,0.05,0.1,0.3,2.5,Duhamel,100,0.01,4.0,SMN004,35.2881,132.9004,2001/09/17,18:49:00,2001/09/17,18:49:39,119,2001/09/17,17:00:00,34.928,132.377,3.7,16,100,4.502,2.992,2.542,45,0.0002384185791015,2000.0,8388608.0,39,62.210144
F:\Research Work\Response Spectrum\Seismic waveform 1\data2\ER_3.7.14\SMN0070109171849\SMN0070109171849Anj.NS.csv,F:\Research Work\Response Spectrum\Seismic waveform 1\data2\ER_3.7.14\SMN0070109171849\SMN0070109171849Anj.EW.csv,F:\Research Work\Response Spectrum\Seismic waveform 1\data2\ER_3.7.14\SMN0070109171849\SMN0070109171849Anj.UD.csv,F:\Research Work\Response Spectrum\Seismic waveform 1\data2\ER_3.7.14\SMN0070109171849,0.0002384185791015,1058,10.58,1058,1657,6.0,600,100.0,0.05,0.1,0.3,2.5,Duhamel,100,0.01,4.0,SMN007,35.0807,132.5914,2001/09/17,18:49:00,2001/09/17,18:49:30,119,2001/09/17,18:00:00,34.928,132.377,3.7,16,100,14.642,14.172,7.056,67,0.0002384185791015,2000.0,8388608.0,40,25.877264
F:\Research Work\Response Spectrum\Seismic waveform 1\data2\ER_3.7.14\SMN0080109171849\SMN0080109171849Anj.NS.csv,F:\Research Work\Response Spectrum\Seismic waveform 1\data2\ER_3.7.14\SMN0080109171849\SMN0080109171849Anj.EW.csv,F:\Research Work\Response Spectrum\Seismic waveform 1\data2\ER_3.7.14\SMN0080109171849\SMN0080109171849Anj.UD.csv,F:\Research Work\Response Spectrum\Seismic waveform 1\data2\ER_3.7.14\SMN0080109171849,0.0002384185791015,1451,14.51,1451,2050,6.0,600,100.0,0.05,0.1,0.3,2.5,Duhamel,100,0.01,4.0,SMN008,34.8523,132.5308,2001/09/17,18:49:00,2001/09/17,18:49:25,119,2001/09/17,17:00:00,34.928,132.377,3.7,16,100,13.632,26.068,9.155,335,0.0002384185791015,2000.0,8388608.0,41,16.359428
F:\Research Work\Response Spectrum\Seismic waveform 1\data2\ER_3.7.14\SMN0090109171849\SMN0090109171849Anj.NS.csv,F:\Research Work\Response Spectrum\Seismic waveform 1\data2\ER_3.7.14\SMN0090109171849\SMN0090109171849Anj.EW.csv,F:\Research Work\Response Spectrum\Seismic waveform 1\data2\ER_3.7.14\SMN0090109171849\SMN0090109171849Anj.UD.csv,F:\Research Work\Response Spectrum\Seismic waveform 1\data2\ER_3.7.14\SMN0090109171849,0.0002384185791015,875,8.75,875,1474,6.0,600,100.0,0.05,0.1,0.3,2.5,Duhamel,100,0.01,4.0,SMN009,35.0112,132.2227,2001/09/17,18:49:00,2001/09/17,18:49:27,119,2001/09/17,18:00:00,34.928,132.377,3.7,16,100,17.481,10.932,5.635,20,0.0002384185791015,2000.0,8388608.0,42,16.830458
F:\Research Work\Response Spectrum\Seismic waveform 1\data2\ER_3.7.14\SMN0160109171849\SMN0160109171849Anj.NS.csv,F:\Research Work\Response Spectrum\Seismic waveform 1\data2\ER_3.7.14\SMN0160109171849\SMN0160109171849Anj.EW.csv,F:\Research Work\Response Spectrum\Seismic waveform 1\data2\ER_3.7.14\SMN0160109171849\SMN0160109171849Anj.UD.csv,F:\Research Work\Response Spectrum\Seismic waveform 1\data2\ER_3.7.14\SMN0160109171849,0.0002384185791015,828,8.28,828,1427,6.0,600,100.0,0.05,0.1,0.3,2.5,Duhamel,100,0.01,4.0,SMN016,35.1957,132.8146,2001/09/17,18:49:00,2001/09/17,18:49:36,119,2001/09/17,17:00:00,34.928,132.377,3.7,16,100,3.707,4.456,4.149,210,0.0002384185791015,2000.0,8388608.0,43,49.72321
F:\Research Work\Response Spectrum\Seismic waveform 1\data2\ER_3.7.15\SMN0060110010245\SMN0060110010245Anj.NS.csv,F:\Research Work\Response Spectrum\Seismic waveform 1\data2\ER_3.7.15\SMN0060110010245\SMN0060110010245Anj.EW.csv,F:\Research Work\Response Spectrum\Seismic waveform 1\data2\ER_3.7.15\SMN0060110010245\SMN0060110010245Anj.UD.csv,F:\Research Work\Response Spectrum\Seismic waveform 1\data2\ER_3.7.15\SMN0060110010245,0.0002384185791015,1064,10.64,1064,1663,6.0,600,100.0,0.05,0.1,0.3,2.5,Duhamel,100,0.01,4.0,SMN006,35.1942,132.4978,2001/10/01,02:45:00,2001/10/01,02:45:14,119,2001/10/01,02:00:00,35.018,132.369,3.7,13,100,2.093,3.177,1.347,36,0.0002384185791015,2000.0,8388608.0,44,22.828623
F:\Research Work\Response Spectrum\Seismic waveform 1\data2\ER_3.7.15\SMN0080110010245\SMN0080110010245Anj.NS.csv,F:\Research Work\Response Spectrum\Seismic waveform 1\data2\ER_3.7.15\SMN0080110010245\SMN0080110010245Anj.EW.csv,F:\Research Work\Response Spectrum\Seismic waveform 1\data2\ER_3.7.15\SMN0080110010245\SMN0080110010245Anj.UD.csv,F:\Research Work\Response Spectrum\Seismic waveform 1\data2\ER_3.7.15\SMN0080110010245,0.0002384185791015,1079,10.79,1079,1678,6.0,600,100.0,0.05,0.1,0.3,2.5,Duhamel,100,0.01,4.0,SMN008,34.8523,132.5308,2001/10/01,02:45:00,2001/10/01,02:45:14,119,2001/10/01,02:00:00,35.018,132.369,3.7,13,100,4.211,6.108,3.794,335,0.0002384185791015,2000.0,8388608.0,45,23.601322
F:\Research Work\Response Spectrum\Seismic waveform 1\data2\ER_3.7.15\SMN0090110010245\SMN0090110010245Anj.NS.csv,F:\Research Work\Response Spectrum\Seismic waveform 1\data2\ER_3.7.15\SMN0090110010245\SMN0090110010245Anj.EW.csv,F:\Research Work\Response Spectrum\Seismic waveform 1\data2\ER_3.7.15\SMN0090110010245\SMN0090110010245Anj.UD.csv,F:\Research Work\Response Spectrum\Seismic waveform 1\data2\ER_3.7.15\SMN0090110010245,0.0002384185791015,1425,14.25,1425,2024,6.0,600,100.0,0.05,0.1,0.3,2.5,Duhamel,100,0.01,4.0,SMN009,35.0112,132.2227,2001/10/01,02:45:00,2001/10/01,02:45:09,119,2001/10/01,02:00:00,35.018,132.369,3.7,13,100,10.415,13.467,10.15,20,0.0002384185791015,2000.0,8388608.0,46,13.344875
F:\Research Work\Response Spectrum\Seismic waveform 1\data2\ER_3.7.17\HRS0010209031728\HRS0010209031728Anj.NS.csv,F:\Research Work\Response Spectrum\Seismic waveform 1\data2\ER_3.7.17\HRS0010209031728\HRS0010209031728Anj.EW.csv,F:\Research Work\Response Spectrum\Seismic waveform 1\data2\ER_3.7.17\HRS0010209031728\HRS0010209031728Anj.UD.csv,F:\Research Work\Response Spectrum\Seismic waveform 1\data2\ER_3.7.17\HRS0010209031728,0.0002384185791015,1379,13.79,1379,1978,6.0,600,100.0,0.05,0.1,0.3,2.5,Duhamel,100,0.01,4.0,HRS001,35.0337,132.9018,2002/09/03,17:28:00,2002/09/03,17:28:45,119,2002/09/03,17:00:00,35.003,132.884,3.7,9,100,24.44,36.218,14.934,566,0.0002384185791015,2000.0,8388608.0,47,3.778988
F:\Research Work\Response Spectrum\Seismic waveform 1\data2\ER_3.7.17\HRS0020209031728\HRS0020209031728Anj.NS.csv,F:\Research Work\Response Spectrum\Seismic waveform 1\data2\ER_3.7.17\HRS0020209031728\HRS0020209031728Anj.EW.csv,F:\Research Work\Response Spectrum\Seismic waveform 1\data2\ER_3.7.17\HRS0020209031728\HRS0020209031728Anj.UD.csv,F:\Research Work\Response Spectrum\Seismic waveform 1\data2\ER_3.7.17\HRS0020209031728,0.0002384185791015,981,9.81,981,1580,6.0,600,100.0,0.05,0.1,0.3,2.5,Duhamel,100,0.01,4.0,HRS002,34.8951,133.2755,2002/09/03,17:28:00,2002/09/03,17:28:54,119,2002/09/03,17:00:00,35.003,132.884,3.7,9,100,4.107,3.049,1.241,306,0.0002384185791015,2000.0,8388608.0,48,37.645267
F:\Research Work\Response Spectrum\Seismic waveform 1\data2\ER_3.7.17\HRS0030209031728\HRS0030209031728Anj.NS.csv,F:\Research Work\Response Spectrum\Seismic waveform 1\data2\ER_3.7.17\HRS0030209031728\HRS0030209031728Anj.EW.csv,F:\Research Work\Response Spectrum\Seismic waveform 1\data2\ER_3.7.17\HRS0030209031728\HRS0030209031728Anj.UD.csv,F:\Research Work\Response Spectrum\Seismic waveform 1\data2\ER_3.7.17\HRS0030209031728,0.0002384185791015,1432,14.32,1432,2031,6.0,600,100.0,0.05,0.1,0.3,2.5,Duhamel,100,0.01,4.0,HRS003,34.8143,132.8418,2002/09/03,17:28:00,2002/09/03,17:28:47,119,2002/09/03,17:00:00,35.003,132.884,3.7,9,100,2.717,1.716,3.184,156,0.0002384185791015,2000.0,8388608.0,49,21.332426
F:\Research Work\Response Spectrum\Seismic waveform 1\data2\ER_3.7.17\HRS0210209031728\HRS0210209031728Anj.NS.csv,F:\Research Work\Response Spectrum\Seismic waveform 1\data2\ER_3.7.17\HRS0210209031728\HRS0210209031728Anj.EW.csv,F:\Research Work\Response Spectrum\Seismic waveform 1\data2\ER_3.7.17\HRS0210209031728\HRS0210209031728Anj.UD.csv,F:\Research Work\Response Spectrum\Seismic waveform 1\data2\ER_3.7.17\HRS0210209031728,0.0002384185791015,1434,14.34,1434,2033,6.0,600,100.0,0.05,0.1,0.3,2.5,Duhamel,100,0.01,4.0,HRS021,34.9529,133.1171,2002/09/03,17:28:00,2002/09/03,17:28:47,119,2002/09/03,17:00:00,35.003,132.884,3.7,9,100,12.375,16.56,7.108,325,0.0002384185791015,2000.0,8388608.0,50,21.956247
F:\Research Work\Response Spectrum\Seismic waveform 1\data2\ER_3.7.17\SMN0160209031728\SMN0160209031728Anj.NS.csv,F:\Research Work\Response Spectrum\Seismic waveform 1\data2\ER_3.7.17\SMN0160209031728\SMN0160209031728Anj.EW.csv,F:\Research Work\Response Spectrum\Seismic waveform 1\data2\ER_3.7.17\SMN0160209031728\SMN0160209031728Anj.UD.csv,F:\Research Work\Response Spectrum\Seismic waveform 1\data2\ER_3.7.17\SMN0160209031728,0.0002384185791015,1130,11.3,1130,1729,6.0,600,100.0,0.05,0.1,0.3,2.5,Duhamel,100,0.01,4.0,SMN016,35.1957,132.8146,2002/09/03,17:28:00,2002/09/03,17:28:50,119,2002/09/03,17:00:00,35.003,132.884,3.7,9,100,2.66,3.487,2.318,210,0.0002384185791015,2000.0,8388608.0,51,22.338078
F:\Research Work\Response Spectrum\Seismic waveform 1\data2\ER_3.7.19\HRS0010710140307\HRS0010710140307Anj.NS.csv,F:\Research Work\Response Spectrum\Seismic waveform 1\data2\ER_3.7.19\HRS0010710140307\HRS0010710140307Anj.EW.csv,F:\Research Work\Response Spectrum\Seismic waveform 1\data2\ER_3.7.19\HRS0010710140307\HRS0010710140307Anj.UD.csv,F:\Research Work\Response Spectrum\Seismic waveform 1\data2\ER_3.7.19\HRS0010710140307,0.0006340209495401,32,0.32,32,631,6.0,600,100.0,0.05,0.1,0.3,2.5,Duhamel,100,0.01,4.0,HRS001,35.0337,132.9018,2007/10/14,03:07:00,2007/10/14,03:07:58,60,2007/10/14,03:07:43,35.43,133.2,3.7,11,100,2.084,2.006,1.268,566,0.0006340209495401,3920.0,6182761.0,69,51.724506
F:\Research Work\Response Spectrum\Seismic waveform 1\data2\ER_3.7.19\HRS0040710140307\HRS0040710140307Anj.NS.csv,F:\Research Work\Response Spectrum\Seismic waveform 1\data2\ER_3.7.19\HRS0040710140307\HRS0040710140307Anj.EW.csv,F:\Research Work\Response Spectrum\Seismic waveform 1\data2\ER_3.7.19\HRS0040710140307\HRS0040710140307Anj.UD.csv,F:\Research Work\Response Spectrum\Seismic waveform 1\data2\ER_3.7.19\HRS0040710140307,0.0006340209495401,111,1.11,111,710,6.0,600,100.0,0.05,0.1,0.3,2.5,Duhamel,100,0.01,4.0,HRS004,34.7262,132.2772,2007/10/14,03:07:00,2007/10/14,03:08:16,60,2007/10/14,03:08:01,35.43,133.2,3.7,11,100,1.517,0.679,0.24,586,0.0006340209495401,3920.0,6182761.0,70,114.78562
F:\Research Work\Response Spectrum\Seismic waveform 1\data2\ER_3.7.19\HRS0050710140307\HRS0050710140307Anj.NS.csv,F:\Research Work\Response Spectrum\Seismic waveform 1\data2\ER_3.7.19\HRS0050710140307\HRS0050710140307Anj.EW.csv,F:\Research Work\Response Spectrum\Seismic waveform 1\data2\ER_3.7.19\HRS0050710140307\HRS0050710140307Anj.UD.csv,F:\Research Work\Response Spectrum\Seismic waveform 1\data2\ER_3.7.19\HRS0050710140307,0.0006340209495401,674,6.74,674,1273,6.0,600,100.0,0.05,0.1,0.3,2.5,Duhamel,100,0.01,4.0,HRS005,34.777,133.2807,2007/10/14,03:07:00,2007/10/14,03:08:04,60,2007/10/14,03:07:49,35.43,133.2,3.7,11,100,2.641,1.963,1.187,480,0.0006340209495401,3920.0,6182761.0,71,72.98045
F:\Research Work\Response Spectrum\Seismic waveform 1\data2\ER_3.7.19\HRS0210710140307\HRS0210710140307Anj.NS.csv,F:\Research Work\Response Spectrum\Seismic waveform 1\data2\ER_3.7.19\HRS0210710140307\HRS0210710140307Anj.EW.csv,F:\Research Work\Response Spectrum\Seismic waveform 1\data2\ER_3.7.19\HRS0210710140307\HRS0210710140307Anj.UD.csv,F:\Research Work\Response Spectrum\Seismic waveform 1\data2\ER_3.7.19\HRS0210710140307,0.0006340209495401,791,7.91,791,1390,6.0,600,100.0,0.05,0.1,0.3,2.5,Duhamel,100,0.01,4.0,HRS021,34.9529,133.1171,2007/10/14,03:07:00,2007/10/14,03:08:00,60,2007/10/14,03:07:45,35.43,133.2,3.7,11,100,2.045,2.155,1.413,325,0.0006340209495401,3920.0,6182761.0,72,53.583286
F:\Research Work\Response Spectrum\Seismic waveform 1\data2\ER_3.7.19\OKY0010710140307\OKY0010710140307Anj.NS.csv,F:\Research Work\Response Spectrum\Seismic waveform 1\data2\ER_3.7.19\OKY0010710140307\OKY0010710140307Anj.EW.csv,F:\Research Work\Response Spectrum\Seismic waveform 1\data2\ER_3.7.19\OKY0010710140307\OKY0010710140307Anj.UD.csv,F:\Research Work\Response Spectrum\Seismic waveform 1\data2\ER_3.7.19\OKY0010710140307,0.0006340209495401,410,4.1,410,1009,6.0,600,100.0,0.05,0.1,0.3,2.5,Duhamel,100,0.01,4.0,OKY001,35.1945,133.7314,2007/10/14,03:07:00,2007/10/14,03:07:59,60,2007/10/14,03:07:44,35.43,133.2,3.7,11,100,2.863,1.852,0.918,334,0.0006340209495401,3920.0,6182761.0,73,54.86926
F:\Research Work\Response Spectrum\Seismic waveform 1\data2\ER_3.7.19\OKY0040710140307\OKY0040710140307Anj.NS.csv,F:\Research Work\Response Spectrum\Seismic waveform 1\data2\ER_3.7.19\OKY0040710140307\OKY0040710140307Anj.EW.csv,F:\Research Work\Response Spectrum\Seismic waveform 1\data2\ER_3.7.19\OKY0040710140307\OKY0040710140307Anj.UD.csv,F:\Research Work\Response Spectrum\Seismic waveform 1\data2\ER_3.7.19\OKY0040710140307,0.0006340209495401,732,7.32,732,1331,6.0,600,100.0,0.05,0.1,0.3,2.5,Duhamel,100,0.01,4.0,OKY004,34.9579,133.5018,2007/10/14,03:07:00,2007/10/14,03:08:01,60,2007/10/14,03:07:46,35.43,133.2,3.7,11,100,2.152,2.277,0.541,168,0.0006340209495401,3920.0,6182761.0,74,59.22685
F:\Research Work\Response Spectrum\Seismic waveform 1\data2\ER_3.7.19\OKY0050710140307\OKY0050710140307Anj.NS.csv,F:\Research Work\Response Spectrum\Seismic waveform 1\data2\ER_3.7.19\OKY0050710140307\OKY0050710140307Anj.EW.csv,F:\Research Work\Response Spectrum\Seismic waveform 1\data2\ER_3.7.19\OKY0050710140307\OKY0050710140307Anj.UD.csv,F:\Research Work\Response Spectrum\Seismic waveform 1\data2\ER_3.7.19\OKY0050710140307,0.0006340209495401,664,6.64,664,1263,6.0,600,100.0,0.05,0.1,0.3,2.5,Duhamel,100,0.01,4.0,OKY005,35.0098,133.7317,2007/10/14,03:07:00,2007/10/14,03:08:03,60,2007/10/14,03:07:48,35.43,133.2,3.7,11,100,1.208,1.88,0.593,134,0.0006340209495401,3920.0,6182761.0,75,67.200966
F:\Research Work\Response Spectrum\Seismic waveform 1\data2\ER_3.7.19\SMN0010710140307\SMN0010710140307Anj.NS.csv,F:\Research Work\Response Spectrum\Seismic waveform 1\data2\ER_3.7.19\SMN0010710140307\SMN0010710140307Anj.EW.csv,F:\Research Work\Response Spectrum\Seismic waveform 1\data2\ER_3.7.19\SMN0010710140307\SMN0010710140307Anj.UD.csv,F:\Research Work\Response Spectrum\Seismic waveform 1\data2\ER_3.7.19\SMN0010710140307,0.0006340209495401,1578,15.78,1578,2177,6.0,600,100.0,0.05,0.1,0.3,2.5,Duhamel,100,0.01,4.0,SMN001,35.5372,133.1612,2007/10/14,03:07:00,2007/10/14,03:07:45,60,2007/10/14,03:07:30,35.43,133.2,3.7,11,100,140.132,75.627,24.729,2,0.0006340209495401,3920.0,6182761.0,76,12.4270115
F:\Research Work\Response Spectrum\Seismic waveform 1\data2\ER_3.7.19\SMN0020710140307\SMN0020710140307Anj.NS.csv,F:\Research Work\Response Spectrum\Seismic waveform 1\data2\ER_3.7.19\SMN0020710140307\SMN0020710140307Anj.EW.csv,F:\Research Work\Response Spectrum\Seismic waveform 1\data2\ER_3.7.19\SMN0020710140307\SMN0020710140307Anj.UD.csv,F:\Research Work\Response Spectrum\Seismic waveform 1\data2\ER_3.7.19\SMN0020710140307,0.0006340209495401,1586,15.86,1586,2185,6.0,600,100.0,0.05,0.1,0.3,2.5,Duhamel,100,0.01,4.0,SMN002,35.4714,133.0682,2007/10/14,03:07:00,2007/10/14,03:07:45,62,2007/10/14,03:07:30,35.43,133.2,3.7,11,100,27.258,13.7,6.314,2,0.0006340209495401,3920.0,6182761.0,77,12.795375
F:\Research Work\Response Spectrum\Seismic waveform 1\data2\ER_3.7.19\SMN0040710140307\SMN0040710140307Anj.NS.csv,F:\Research Work\Response Spectrum\Seismic waveform 1\data2\ER_3.7.19\SMN0040710140307\SMN0040710140307Anj.EW.csv,F:\Research Work\Response Spectrum\Seismic waveform 1\data2\ER_3.7.19\SMN0040710140307\SMN0040710140307Anj.UD.csv,F:\Research Work\Response Spectrum\Seismic waveform 1\data2\ER_3.7.19\SMN0040710140307,0.0006340209495401,1180,11.8,1180,1779,6.0,600,100.0,0.05,0.1,0.3,2.5,Duhamel,100,0.01,4.0,SMN004,35.2881,132.9004,2007/10/14,03:07:00,2007/10/14,03:07:52,60,2007/10/14,03:07:37,35.43,133.2,3.7,11,100,3.052,4.096,2.476,45,0.0006340209495401,3920.0,6182761.0,78,31.418362
F:\Research Work\Response Spectrum\Seismic waveform 1\data2\ER_3.7.19\SMN0150710140307\SMN0150710140307Anj.NS.csv,F:\Research Work\Response Spectrum\Seismic waveform 1\data2\ER_3.7.19\SMN0150710140307\SMN0150710140307Anj.EW.csv,F:\Research Work\Response Spectrum\Seismic waveform 1\data2\ER_3.7.19\SMN0150710140307\SMN0150710140307Anj.UD.csv,F:\Research Work\Response Spectrum\Seismic waveform 1\data2\ER_3.7.19\SMN0150710140307,0.0006340209495401,602,6.02,602,1201,6.0,600,100.0,0.05,0.1,0.3,2.5,Duhamel,100,0.01,4.0,SMN015,35.3644,133.1704,2007/10/14,03:07:00,2007/10/14,03:07:45,60,2007/10/14,03:07:30,35.43,133.2,3.7,11,100,10.987,16.69,13.268,32,0.0006340209495401,3920.0,6182761.0,79,7.7721596
F:\Research Work\Response Spectrum\Seismic waveform 1\data2\ER_3.7.19\SMN0160710140307\SMN0160710140307Anj.NS.csv,F:\Research Work\Response Spectrum\Seismic waveform 1\data2\ER_3.7.19\SMN0160710140307\SMN0160710140307Anj.EW.csv,F:\Research Work\Response Spectrum\Seismic waveform 1\data2\ER_3.7.19\SMN0160710140307\SMN0160710140307Anj.UD.csv,F:\Research Work\Response Spectrum\Seismic waveform 1\data2\ER_3.7.19\SMN0160710140307,0.0006340209495401,988,9.88,988,1587,6.0,600,100.0,0.05,0.1,0.3,2.5,Duhamel,100,0.01,4.0,SMN016,35.1957,132.8146,2007/10/14,03:07:00,2007/10/14,03:07:56,60,2007/10/14,03:07:41,35.43,133.2,3.7,11,100,7.942,5.572,1.939,210,0.0006340209495401,3920.0,6182761.0,80,43.607647
F:\Research Work\Response Spectrum\Seismic waveform 1\data2\ER_3.7.19\TTR0070710140307\TTR0070710140307Anj.NS.csv,F:\Research Work\Response Spectrum\Seismic waveform 1\data2\ER_3.7.19\TTR0070710140307\TTR0070710140307Anj.EW.csv,F:\Research Work\Response Spectrum\Seismic waveform 1\data2\ER_3.7.19\TTR0070710140307\TTR0070710140307Anj.UD.csv,F:\Research Work\Response Spectrum\Seismic waveform 1\data2\ER_3.7.19\TTR0070710140307,0.0006340209495401,1174,11.74,1174,1773,6.0,600,100.0,0.05,0.1,0.3,2.5,Duhamel,100,0.01,4.0,TTR007,35.2826,133.4876,2007/10/14,03:07:00,2007/10/14,03:07:52,60,2007/10/14,03:07:37,35.43,133.2,3.7,11,100,3.871,7.003,2.191,155,0.0006340209495401,3920.0,6182761.0,81,30.804003
F:\Research Work\Response Spectrum\Seismic waveform 1\data2\ER_3.7.19\TTR0080710140307\TTR0080710140307Anj.NS.csv,F:\Research Work\Response Spectrum\Seismic waveform 1\data2\ER_3.7.19\TTR0080710140307\TTR0080710140307Anj.EW.csv,F:\Research Work\Response Spectrum\Seismic waveform 1\data2\ER_3.7.19\TTR0080710140307\TTR0080710140307Anj.UD.csv,F:\Research Work\Response Spectrum\Seismic waveform 1\data2\ER_3.7.19\TTR0080710140307,0.0006340209495401,1568,15.68,1568,2167,6.0,600,100.0,0.05,0.1,0.3,2.5,Duhamel,100,0.01,4.0,TTR008,35.4258,133.3301,2007/10/14,03:07:00,2007/10/14,03:07:45,60,2007/10/14,03:07:30,35.43,133.2,3.7,11,100,11.87,9.407,12.165,2,0.0006340209495401,3920.0,6182761.0,82,11.797178
F:\Research Work\Response Spectrum\Seismic waveform 1\data2\ER_3.7.5\HRS0010010101719\HRS0010010101719Anj.NS.csv,F:\Research Work\Response Spectrum\Seismic waveform 1\data2\ER_3.7.5\HRS0010010101719\HRS0010010101719Anj.EW.csv,F:\Research Work\Response Spectrum\Seismic waveform 1\data2\ER_3.7.5\HRS0010010101719\HRS0010010101719Anj.UD.csv,F:\Research Work\Response Spectrum\Seismic waveform 1\data2\ER_3.7.5\HRS0010010101719,0.0002384185791015,785,7.85,785,1384,6.0,600,100.0,0.05,0.1,0.3,2.5,Duhamel,100,0.01,4.0,HRS001,35.0337,132.9018,2000/10/10,17:19:00,2000/10/10,17:20:04,119,2000/10/10,17:00:00,35.366,133.294,3.7,11,100,2.017,3.236,1.182,566,0.0002384185791015,2000.0,8388608.0,83,51.33461
F:\Research Work\Response Spectrum\Seismic waveform 1\data2\ER_3.7.5\SMN0010010101719\SMN0010010101719Anj.NS.csv,F:\Research Work\Response Spectrum\Seismic waveform 1\data2\ER_3.7.5\SMN0010010101719\SMN0010010101719Anj.EW.csv,F:\Research Work\Response Spectrum\Seismic waveform 1\data2\ER_3.7.5\SMN0010010101719\SMN0010010101719Anj.UD.csv,F:\Research Work\Response Spectrum\Seismic waveform 1\data2\ER_3.7.5\SMN0010010101719,0.0002384185791015,60,0.6,60,659,6.0,600,100.0,0.05,0.1,0.3,2.5,Duhamel,100,0.01,4.0,SMN001,35.5372,133.1612,2000/10/10,17:19:00,2000/10/10,17:19:56,131,2000/10/10,17:00:00,35.366,133.294,3.7,11,100,12.505,23.813,3.519,2,0.0002384185791015,2000.0,8388608.0,84,22.518621
F:\Research Work\Response Spectrum\Seismic waveform 1\data2\ER_3.7.5\SMN0020010101719\SMN0020010101719Anj.NS.csv,F:\Research Work\Response Spectrum\Seismic waveform 1\data2\ER_3.7.5\SMN0020010101719\SMN0020010101719Anj.EW.csv,F:\Research Work\Response Spectrum\Seismic waveform 1\data2\ER_3.7.5\SMN0020010101719\SMN0020010101719Anj.UD.csv,F:\Research Work\Response Spectrum\Seismic waveform 1\data2\ER_3.7.5\SMN0020010101719,0.0002384185791015,864,8.64,864,1463,6.0,600,100.0,0.05,0.1,0.3,2.5,Duhamel,100,0.01,4.0,SMN002,35.4714,133.0682,2000/10/10,17:19:00,2000/10/10,17:19:56,119,2000/10/10,17:00:00,35.366,133.294,3.7,11,100,7.904,2.707,2.142,2,0.0002384185791015,2000.0,8388608.0,85,23.580132
F:\Research Work\Response Spectrum\Seismic waveform 1\data2\ER_3.7.5\SMN0030010101719\SMN0030010101719Anj.NS.csv,F:\Research Work\Response Spectrum\Seismic waveform 1\data2\ER_3.7.5\SMN0030010101719\SMN0030010101719Anj.EW.csv,F:\Research Work\Response Spectrum\Seismic waveform 1\data2\ER_3.7.5\SMN0030010101719\SMN0030010101719Anj.UD.csv,F:\Research Work\Response Spectrum\Seismic waveform 1\data2\ER_3.7.5\SMN0030010101719,0.0002384185791015,291,2.91,291,890,6.0,600,100.0,0.05,0.1,0.3,2.5,Duhamel,100,0.01,4.0,SMN003,35.1795,133.0929,2000/10/10,17:19:00,2000/10/10,17:19:56,59,2000/10/10,17:00:00,35.366,133.294,3.7,11,100,4.008,6.08,1.901,332,0.0002384185791015,2000.0,8388608.0,86,27.628622
F:\Research Work\Response Spectrum\Seismic waveform 1\data2\ER_3.7.5\SMN0150010101719\SMN0150010101719Anj.NS.csv,F:\Research Work\Response Spectrum\Seismic waveform 1\data2\ER_3.7.5\SMN0150010101719\SMN0150010101719Anj.EW.csv,F:\Research Work\Response Spectrum\Seismic waveform 1\data2\ER_3.7.5\SMN0150010101719\SMN0150010101719Anj.UD.csv,F:\Research Work\Response Spectrum\Seismic waveform 1\data2\ER_3.7.5\SMN0150010101719,0.0002384185791015,1425,14.25,1425,2024,6.0,600,100.0,0.05,0.1,0.3,2.5,Duhamel,100,0.01,4.0,SMN015,35.3644,133.1704,2000/10/10,17:19:00,2000/10/10,17:19:51,119,2000/10/10,17:00:00,35.366,133.294,3.7,11,100,20.769,10.988,4.458,32,0.0002384185791015,2000.0,8388608.0,87,11.209111
F:\Research Work\Response Spectrum\Seismic waveform 1\data2\ER_3.7.5\SMN0160010101719\SMN0160010101719Anj.NS.csv,F:\Research Work\Response Spectrum\Seismic waveform 1\data2\ER_3.7.5\SMN0160010101719\SMN0160010101719Anj.EW.csv,F:\Research Work\Response Spectrum\Seismic waveform 1\data2\ER_3.7.5\SMN0160010101719\SMN0160010101719Anj.UD.csv,F:\Research Work\Response Spectrum\Seismic waveform 1\data2\ER_3.7.5\SMN0160010101719,0.0002384185791015,235,2.35,235,834,6.0,600,100.0,0.05,0.1,0.3,2.5,Duhamel,100,0.01,4.0,SMN016,35.1957,132.8146,2000/10/10,17:19:00,2000/10/10,17:20:03,119,2000/10/10,17:00:00,35.366,133.294,3.7,11,100,4.679,5.026,1.595,210,0.0002384185791015,2000.0,8388608.0,88,47.457638
F:\Research Work\Response Spectrum\Seismic waveform 1\data2\ER_3.7.5\TTR0050010101719\TTR0050010101719Anj.NS.csv,F:\Research Work\Response Spectrum\Seismic waveform 1\data2\ER_3.7.5\TTR0050010101719\TTR0050010101719Anj.EW.csv,F:\Research Work\Response Spectrum\Seismic waveform 1\data2\ER_3.7.5\TTR0050010101719\TTR0050010101719Anj.UD.csv,F:\Research Work\Response Spectrum\Seismic waveform 1\data2\ER_3.7.5\TTR0050010101719,0.0002384185791015,234,2.34,234,833,6.0,600,100.0,0.05,0.1,0.3,2.5,Duhamel,100,0.01,4.0,TTR005,35.429,133.8253,2000/10/10,17:19:00,2000/10/10,17:20:03,119,2000/10/10,17:00:00,35.366,133.294,3.7,11,100,1.523,2.927,0.799,27,0.0002384185791015,2000.0,8388608.0,89,48.664288
F:\Research Work\Response Spectrum\Seismic waveform 1\data2\ER_3.7.5\TTR0060010101719\TTR0060010101719Anj.NS.csv,F:\Research Work\Response Spectrum\Seismic waveform 1\data2\ER_3.7.5\TTR0060010101719\TTR0060010101719Anj.EW.csv,F:\Research Work\Response Spectrum\Seismic waveform 1\data2\ER_3.7.5\TTR0060010101719\TTR0060010101719Anj.UD.csv,F:\Research Work\Response Spectrum\Seismic waveform 1\data2\ER_3.7.5\TTR0060010101719,0.0002384185791015,923,9.23,923,1522,6.0,600,100.0,0.05,0.1,0.3,2.5,Duhamel,100,0.01,4.0,TTR006,35.5106,133.6303,2000/10/10,17:19:00,2000/10/10,17:20:00,119,2000/10/10,17:00:00,35.366,133.294,3.7,11,100,3.094,2.391,0.667,20,0.0002384185791015,2000.0,8388608.0,90,34.449516
F:\Research Work\Response Spectrum\Seismic waveform 1\data2\ER_3.7.5\TTR0070010101719\TTR0070010101719Anj.NS.csv,F:\Research Work\Response Spectrum\Seismic waveform 1\data2\ER_3.7.5\TTR0070010101719\TTR0070010101719Anj.EW.csv,F:\Research Work\Response Spectrum\Seismic waveform 1\data2\ER_3.7.5\TTR0070010101719\TTR0070010101719Anj.UD.csv,F:\Research Work\Response Spectrum\Seismic waveform 1\data2\ER_3.7.5\TTR0070010101719,0.0002384185791015,1483,14.83,1483,2082,6.0,600,100.0,0.05,0.1,0.3,2.5,Duhamel,100,0.01,4.0,TTR007,35.2826,133.4876,2000/10/10,17:19:00,2000/10/10,17:19:52,131,2000/10/10,17:00:00,35.366,133.294,3.7,11,100,21.344,16.301,10.137,155,0.0002384185791015,2000.0,8388608.0,91,19.861881
F:\Research Work\Response Spectrum\Seismic waveform 1\data2\ER_3.7.5\TTR0080010101719\TTR0080010101719Anj.NS.csv,F:\Research Work\Response Spectrum\Seismic waveform 1\data2\ER_3.7.5\TTR0080010101719\TTR0080010101719Anj.EW.csv,F:\Research Work\Response Spectrum\Seismic waveform 1\data2\ER_3.7.5\TTR0080010101719\TTR0080010101719Anj.UD.csv,F:\Research Work\Response Spectrum\Seismic waveform 1\data2\ER_3.7.5\TTR0080010101719,0.0002384185791015,42,0.42,42,641,6.0,600,100.0,0.05,0.1,0.3,2.5,Duhamel,100,0.01,4.0,TTR008,35.4258,133.3301,2000/10/10,17:19:00,2000/10/10,17:19:51,119,2000/10/10,17:00:00,35.366,133.294,3.7,11,100,22.451,14.941,12.0,2,0.0002384185791015,2000.0,8388608.0,92,7.4109764
F:\Research Work\Response Spectrum\Seismic waveform 1\data2\ER_3.7.5\TTR0090010101719\TTR0090010101719Anj.NS.csv,F:\Research Work\Response Spectrum\Seismic waveform 1\data2\ER_3.7.5\TTR0090010101719\TTR0090010101719Anj.EW.csv,F:\Research Work\Response Spectrum\Seismic waveform 1\data2\ER_3.7.5\TTR0090010101719\TTR0090010101719Anj.UD.csv,F:\Research Work\Response Spectrum\Seismic waveform 1\data2\ER_3.7.5\TTR0090010101719,0.0002384185791015,1042,10.42,1042,1641,6.0,600,100.0,0.05,0.1,0.3,2.5,Duhamel,100,0.01,4.0,TTR009,35.1629,133.3063,2000/10/10,17:19:00,2000/10/10,17:19:57,119,2000/10/10,17:00:00,35.366,133.294,3.7,11,100,3.142,2.324,1.572,299,0.0002384185791015,2000.0,8388608.0,93,22.611282
F:\Research Work\Response Spectrum\Seismic waveform 1\data2\ER_3.7.8\HRS0010010182339\HRS0010010182339Anj.NS.csv,F:\Research Work\Response Spectrum\Seismic waveform 1\data2\ER_3.7.8\HRS0010010182339\HRS0010010182339Anj.EW.csv,F:\Research Work\Response Spectrum\Seismic waveform 1\data2\ER_3.7.8\HRS0010010182339\HRS0010010182339Anj.UD.csv,F:\Research Work\Response Spectrum\Seismic waveform 1\data2\ER_3.7.8\HRS0010010182339,0.0002384185791015,965,9.65,965,1564,6.0,600,100.0,0.05,0.1,0.3,2.5,Duhamel,100,0.01,4.0,HRS001,35.0337,132.9018,2000/10/18,23:39:00,2000/10/18,23:39:47,119,2000/10/18,23:00:00,35.223,133.294,3.7,11,100,6.296,7.547,3.129,566,0.0002384185791015,2000.0,8388608.0,107,41.415504
F:\Research Work\Response Spectrum\Seismic waveform 1\data2\ER_3.7.8\HRS0020010182339\HRS0020010182339Anj.NS.csv,F:\Research Work\Response Spectrum\Seismic waveform 1\data2\ER_3.7.8\HRS0020010182339\HRS0020010182339Anj.EW.csv,F:\Research Work\Response Spectrum\Seismic waveform 1\data2\ER_3.7.8\HRS0020010182339\HRS0020010182339Anj.UD.csv,F:\Research Work\Response Spectrum\Seismic waveform 1\data2\ER_3.7.8\HRS0020010182339,0.0002384185791015,994,9.94,994,1593,6.0,600,100.0,0.05,0.1,0.3,2.5,Duhamel,100,0.01,4.0,HRS002,34.8951,133.2755,2000/10/18,23:39:00,2000/10/18,23:39:46,120,2000/10/18,23:00:00,35.223,133.294,3.7,11,100,22.569,8.513,2.096,306,0.0002384185791015,2000.0,8388608.0,108,36.49968
F:\Research Work\Response Spectrum\Seismic waveform 1\data2\ER_3.7.8\HRS0050010182339\HRS0050010182339Anj.NS.csv,F:\Research Work\Response Spectrum\Seismic waveform 1\data2\ER_3.7.8\HRS0050010182339\HRS0050010182339Anj.EW.csv,F:\Research Work\Response Spectrum\Seismic waveform 1\data2\ER_3.7.8\HRS0050010182339\HRS0050010182339Anj.UD.csv,F:\Research Work\Response Spectrum\Seismic waveform 1\data2\ER_3.7.8\HRS0050010182339,0.0002384185791015,814,8.14,814,1413,6.0,600,100.0,0.05,0.1,0.3,2.5,Duhamel,100,0.01,4.0,HRS005,34.777,133.2807,2000/10/18,23:39:00,2000/10/18,23:39:50,119,2000/10/18,23:00:00,35.223,133.294,3.7,11,100,4.048,3.076,1.838,480,0.0002384185791015,2000.0,8388608.0,109,49.60773
F:\Research Work\Response Spectrum\Seismic waveform 1\data2\ER_3.7.8\OKY0010010182339\OKY0010010182339Anj.NS.csv,F:\Research Work\Response Spectrum\Seismic waveform 1\data2\ER_3.7.8\OKY0010010182339\OKY0010010182339Anj.EW.csv,F:\Research Work\Response Spectrum\Seismic waveform 1\data2\ER_3.7.8\OKY0010010182339\OKY0010010182339Anj.UD.csv,F:\Research Work\Response Spectrum\Seismic waveform 1\data2\ER_3.7.8\OKY0010010182339,0.0002384185791015,947,9.47,947,1546,6.0,600,100.0,0.05,0.1,0.3,2.5,Duhamel,100,0.01,4.0,OKY001,35.1945,133.7314,2000/10/18,23:39:00,2000/10/18,23:39:47,119,2000/10/18,23:00:00,35.223,133.294,3.7,11,100,3.732,3.445,1.523,334,0.0002384185791015,2000.0,8388608.0,110,39.865044
F:\Research Work\Response Spectrum\Seismic waveform 1\data2\ER_3.7.8\SMN0010010182339\SMN0010010182339Anj.NS.csv,F:\Research Work\Response Spectrum\Seismic waveform 1\data2\ER_3.7.8\SMN0010010182339\SMN0010010182339Anj.EW.csv,F:\Research Work\Response Spectrum\Seismic waveform 1\data2\ER_3.7.8\SMN0010010182339\SMN0010010182339Anj.UD.csv,F:\Research Work\Response Spectrum\Seismic waveform 1\data2\ER_3.7.8\SMN0010010182339,0.0002384185791015,631,6.31,631,1230,6.0,600,100.0,0.05,0.1,0.3,2.5,Duhamel,100,0.01,4.0,SMN001,35.5372,133.1612,2000/10/18,23:39:00,2000/10/18,23:39:47,119,2000/10/18,23:00:00,35.223,133.294,3.7,11,100,14.705,8.145,2.09,2,0.0002384185791015,2000.0,8388608.0,111,36.95374
F:\Research Work\Response Spectrum\Seismic waveform 1\data2\ER_3.7.8\SMN0020010182339\SMN0020010182339Anj.NS.csv,F:\Research Work\Response Spectrum\Seismic waveform 1\data2\ER_3.7.8\SMN0020010182339\SMN0020010182339Anj.EW.csv,F:\Research Work\Response Spectrum\Seismic waveform 1\data2\ER_3.7.8\SMN0020010182339\SMN0020010182339Anj.UD.csv,F:\Research Work\Response Spectrum\Seismic waveform 1\data2\ER_3.7.8\SMN0020010182339,0.0002384185791015,954,9.54,954,1553,6.0,600,100.0,0.05,0.1,0.3,2.5,Duhamel,100,0.01,4.0,SMN002,35.4714,133.0682,2000/10/18,23:39:00,2000/10/18,23:39:46,119,2000/10/18,23:00:00,35.223,133.294,3.7,11,100,3.936,2.079,1.153,2,0.0002384185791015,2000.0,8388608.0,112,34.38483
F:\Research Work\Response Spectrum\Seismic waveform 1\data2\ER_3.7.8\SMN0030010182339\SMN0030010182339Anj.NS.csv,F:\Research Work\Response Spectrum\Seismic waveform 1\data2\ER_3.7.8\SMN0030010182339\SMN0030010182339Anj.EW.csv,F:\Research Work\Response Spectrum\Seismic waveform 1\data2\ER_3.7.8\SMN0030010182339\SMN0030010182339Anj.UD.csv,F:\Research Work\Response Spectrum\Seismic waveform 1\data2\ER_3.7.8\SMN0030010182339,0.0002384185791015,38,0.38,38,637,6.0,600,100.0,0.05,0.1,0.3,2.5,Duhamel,100,0.01,4.0,SMN003,35.1795,133.0929,2000/10/18,23:39:00,2000/10/18,23:39:39,119,2000/10/18,23:00:00,35.223,133.294,3.7,11,100,10.1,18.79,3.17,332,0.0002384185791015,2000.0,8388608.0,113,18.901518
F:\Research Work\Response Spectrum\Seismic waveform 1\data2\ER_3.7.8\SMN0040010182339\SMN0040010182339Anj.NS.csv,F:\Research Work\Response Spectrum\Seismic waveform 1\data2\ER_3.7.8\SMN0040010182339\SMN0040010182339Anj.EW.csv,F:\Research Work\Response Spectrum\Seismic waveform 1\data2\ER_3.7.8\SMN0040010182339\SMN0040010182339Anj.UD.csv,F:\Research Work\Response Spectrum\Seismic waveform 1\data2\ER_3.7.8\SMN0040010182339,0.0002384185791015,973,9.73,973,1572,6.0,600,100.0,0.05,0.1,0.3,2.5,Duhamel,100,0.01,4.0,SMN004,35.2881,132.9004,2000/10/18,23:39:00,2000/10/18,23:39:46,119,2000/10/18,23:00:00,35.223,133.294,3.7,11,100,2.052,3.944,3.075,45,0.0002384185791015,2000.0,8388608.0,114,36.46465
F:\Research Work\Response Spectrum\Seismic waveform 1\data2\ER_3.7.8\SMN0150010182339\SMN0150010182339Anj.NS.csv,F:\Research Work\Response Spectrum\Seismic waveform 1\data2\ER_3.7.8\SMN0150010182339\SMN0150010182339Anj.EW.csv,F:\Research Work\Response Spectrum\Seismic waveform 1\data2\ER_3.7.8\SMN0150010182339\SMN0150010182339Anj.UD.csv,F:\Research Work\Response Spectrum\Seismic waveform 1\data2\ER_3.7.8\SMN0150010182339,0.0002384185791015,1180,11.8,1180,1779,6.0,600,100.0,0.05,0.1,0.3,2.5,Duhamel,100,0.01,4.0,SMN015,35.3644,133.1704,2000/10/18,23:39:00,2000/10/18,23:39:41,120,2000/10/18,23:00:00,35.223,133.294,3.7,11,100,3.236,2.61,2.506,32,0.0002384185791015,2000.0,8388608.0,115,19.314407
F:\Research Work\Response Spectrum\Seismic waveform 1\data2\ER_3.7.8\SMN0160010182339\SMN0160010182339Anj.NS.csv,F:\Research Work\Response Spectrum\Seismic waveform 1\data2\ER_3.7.8\SMN0160010182339\SMN0160010182339Anj.EW.csv,F:\Research Work\Response Spectrum\Seismic waveform 1\data2\ER_3.7.8\SMN0160010182339\SMN0160010182339Anj.UD.csv,F:\Research Work\Response Spectrum\Seismic waveform 1\data2\ER_3.7.8\SMN0160010182339,0.0002384185791015,895,8.95,895,1494,6.0,600,100.0,0.05,0.1,0.3,2.5,Duhamel,100,0.01,4.0,SMN016,35.1957,132.8146,2000/10/18,23:39:00,2000/10/18,23:39:48,119,2000/10/18,23:00:00,35.223,133.294,3.7,11,100,3.491,4.092,1.785,210,0.0002384185791015,2000.0,8388608.0,116,43.66002
F:\Research Work\Response Spectrum\Seismic waveform 1\data2\ER_3.7.8\TTR0060010182339\TTR0060010182339Anj.NS.csv,F:\Research Work\Response Spectrum\Seismic waveform 1\data2\ER_3.7.8\TTR0060010182339\TTR0060010182339Anj.EW.csv,F:\Research Work\Response Spectrum\Seismic waveform 1\data2\ER_3.7.8\TTR0060010182339\TTR0060010182339Anj.UD.csv,F:\Research Work\Response Spectrum\Seismic waveform 1\data2\ER_3.7.8\TTR0060010182339,0.0002384185791015,832,8.32,832,1431,6.0,600,100.0,0.05,0.1,0.3,2.5,Duhamel,100,0.01,4.0,TTR006,35.5106,133.6303,2000/10/18,23:39:00,2000/10/18,23:39:49,119,2000/10/18,23:00:00,35.223,133.294,3.7,11,100,1.655,2.659,0.587,20,0.0002384185791015,2000.0,8388608.0,117,44.188065
F:\Research Work\Response Spectrum\Seismic waveform 1\data2\ER_3.7.8\TTR0070010182339\TTR0070010182339Anj.NS.csv,F:\Research Work\Response Spectrum\Seismic waveform 1\data2\ER_3.7.8\TTR0070010182339\TTR0070010182339Anj.EW.csv,F:\Research Work\Response Spectrum\Seismic waveform 1\data2\ER_3.7.8\TTR0070010182339\TTR0070010182339Anj.UD.csv,F:\Research Work\Response Spectrum\Seismic waveform 1\data2\ER_3.7.8\TTR0070010182339,0.0002384185791015,1191,11.91,1191,1790,6.0,600,100.0,0.05,0.1,0.3,2.5,Duhamel,100,0.01,4.0,TTR007,35.2826,133.4876,2000/10/18,23:39:00,2000/10/18,23:39:41,119,2000/10/18,23:00:00,35.223,133.294,3.7,11,100,7.9,22.912,4.728,155,0.0002384185791015,2000.0,8388608.0,118,18.787205
F:\Research Work\Response Spectrum\Seismic waveform 1\data2\ER_3.7.8\TTR0080010182339\TTR0080010182339Anj.NS.csv,F:\Research Work\Response Spectrum\Seismic waveform 1\data2\ER_3.7.8\TTR0080010182339\TTR0080010182339Anj.EW.csv,F:\Research Work\Response Spectrum\Seismic waveform 1\data2\ER_3.7.8\TTR0080010182339\TTR0080010182339Anj.UD.csv,F:\Research Work\Response Spectrum\Seismic waveform 1\data2\ER_3.7.8\TTR0080010182339,0.0002384185791015,1151,11.51,1151,1750,6.0,600,100.0,0.05,0.1,0.3,2.5,Duhamel,100,0.01,4.0,TTR008,35.4258,133.3301,2000/10/18,23:39:00,2000/10/18,23:39:42,119,2000/10/18,23:00:00,35.223,133.294,3.7,11,100,6.32,5.508,4.137,2,0.0002384185791015,2000.0,8388608.0,119,22.786919
F:\Research Work\Response Spectrum\Seismic waveform 1\data2\ER_3.7.8\TTR0090010182339\TTR0090010182339Anj.NS.csv,F:\Research Work\Response Spectrum\Seismic waveform 1\data2\ER_3.7.8\TTR0090010182339\TTR0090010182339Anj.EW.csv,F:\Research Work\Response Spectrum\Seismic waveform 1\data2\ER_3.7.8\TTR0090010182339\TTR0090010182339Anj.UD.csv,F:\Research Work\Response Spectrum\Seismic waveform 1\data2\ER_3.7.8\TTR0090010182339,0.0002384185791015,1420,14.2,1420,2019,6.0,600,100.0,0.05,0.1,0.3,2.5,Duhamel,100,0.01,4.0,TTR009,35.1629,133.3063,2000/10/18,23:39:00,2000/10/18,23:39:37,119,2000/10/18,23:00:00,35.223,133.294,3.7,11,100,23.353,29.285,12.971,299,0.0002384185791015,2000.0,8388608.0,120,6.7756386
F:\Research Work\Response Spectrum\Seismic waveform 1\data2\ER_3.7.9\HRS0010011022121\HRS0010011022121Anj.NS.csv,F:\Research Work\Response Spectrum\Seismic waveform 1\data2\ER_3.7.9\HRS0010011022121\HRS0010011022121Anj.EW.csv,F:\Research Work\Response Spectrum\Seismic waveform 1\data2\ER_3.7.9\HRS0010011022121\HRS0010011022121Anj.UD.csv,F:\Research Work\Response Spectrum\Seismic waveform 1\data2\ER_3.7.9\HRS0010011022121,0.0002384185791015,578,5.78,578,1177,6.0,600,100.0,0.05,0.1,0.3,2.5,Duhamel,100,0.01,4.0,HRS001,35.0337,132.9018,2000/11/02,21:21:00,2000/11/02,21:22:11,119,2000/11/02,21:00:00,34.451,132.65,3.7,31,100,3.816,4.059,3.002,566,0.0002384185791015,2000.0,8388608.0,121,68.75678
F:\Research Work\Response Spectrum\Seismic waveform 1\data2\ER_3.7.9\HRS0030011022121\HRS0030011022121Anj.NS.csv,F:\Research Work\Response Spectrum\Seismic waveform 1\data2\ER_3.7.9\HRS0030011022121\HRS0030011022121Anj.EW.csv,F:\Research Work\Response Spectrum\Seismic waveform 1\data2\ER_3.7.9\HRS0030011022121\HRS0030011022121Anj.UD.csv,F:\Research Work\Response Spectrum\Seismic waveform 1\data2\ER_3.7.9\HRS0030011022121,0.0002384185791015,742,7.42,742,1341,6.0,600,100.0,0.05,0.1,0.3,2.5,Duhamel,100,0.01,4.0,HRS003,34.8143,132.8418,2000/11/02,21:21:00,2000/11/02,21:22:06,119,2000/11/02,21:00:00,34.451,132.65,3.7,31,100,7.249,5.591,2.763,156,0.0002384185791015,2000.0,8388608.0,122,44.043915
F:\Research Work\Response Spectrum\Seismic waveform 1\data2\ER_3.7.9\HRS0040011022121\HRS0040011022121Anj.NS.csv,F:\Research Work\Response Spectrum\Seismic waveform 1\data2\ER_3.7.9\HRS0040011022121\HRS0040011022121Anj.EW.csv,F:\Research Work\Response Spectrum\Seismic waveform 1\data2\ER_3.7.9\HRS0040011022121\HRS0040011022121Anj.UD.csv,F:\Research Work\Response Spectrum\Seismic waveform 1\data2\ER_3.7.9\HRS0040011022121,0.0002384185791015,763,7.63,763,1362,6.0,600,100.0,0.05,0.1,0.3,2.5,Duhamel,100,0.01,4.0,HRS004,34.7262,132.2772,2000/11/02,21:21:00,2000/11/02,21:22:06,119,2000/11/02,21:00:00,34.451,132.65,3.7,31,100,8.843,4.819,4.222,586,0.0002384185791015,2000.0,8388608.0,123,45.836945
F:\Research Work\Response Spectrum\Seismic waveform 1\data2\ER_3.7.9\HRS0050011022121\HRS0050011022121Anj.NS.csv,F:\Research Work\Response Spectrum\Seismic waveform 1\data2\ER_3.7.9\HRS0050011022121\HRS0050011022121Anj.EW.csv,F:\Research Work\Response Spectrum\Seismic waveform 1\data2\ER_3.7.9\HRS0050011022121\HRS0050011022121Anj.UD.csv,F:\Research Work\Response Spectrum\Seismic waveform 1\data2\ER_3.7.9\HRS0050011022121,0.0002384185791015,3867,38.67,3867,4466,6.0,600,100.0,0.05,0.1,0.3,2.5,Duhamel,100,0.01,4.0,HRS005,34.777,133.2807,2000/11/02,21:21:00,2000/11/02,21:22:11,119,2000/11/02,21:00:00,34.451,132.65,3.7,31,100,5.834,3.966,2.907,480,0.0002384185791015,2000.0,8388608.0,124,68.15636
F:\Research Work\Response Spectrum\Seismic waveform 1\data2\ER_3.7.9\HRS0060011022121\HRS0060011022121Anj.NS.csv,F:\Research Work\Response Spectrum\Seismic waveform 1\data2\ER_3.7.9\HRS0060011022121\HRS0060011022121Anj.EW.csv,F:\Research Work\Response Spectrum\Seismic waveform 1\data2\ER_3.7.9\HRS0060011022121\HRS0060011022121Anj.UD.csv,F:\Research Work\Response Spectrum\Seismic waveform 1\data2\ER_3.7.9\HRS0060011022121,0.0002384185791015,905,9.05,905,1504,6.0,600,100.0,0.05,0.1,0.3,2.5,Duhamel,100,0.01,4.0,HRS006,34.6659,132.4077,2000/11/02,21:21:00,2000/11/02,21:22:03,119,2000/11/02,21:00:00,34.451,132.65,3.7,31,100,4.866,5.127,4.138,371,0.0002384185791015,2000.0,8388608.0,125,32.60882
F:\Research Work\Response Spectrum\Seismic waveform 1\data2\ER_3.7.9\HRS0070011022121\HRS0070011022121Anj.NS.csv,F:\Research Work\Response Spectrum\Seismic waveform 1\data2\ER_3.7.9\HRS0070011022121\HRS0070011022121Anj.EW.csv,F:\Research Work\Response Spectrum\Seismic waveform 1\data2\ER_3.7.9\HRS0070011022121\HRS0070011022121Anj.UD.csv,F:\Research Work\Response Spectrum\Seismic waveform 1\data2\ER_3.7.9\HRS0070011022121,0.0002384185791015,710,7.1,710,1309,6.0,600,100.0,0.05,0.1,0.3,2.5,Duhamel,100,0.01,4.0,HRS007,34.7032,133.0946,2000/11/02,21:21:00,2000/11/02,21:22:07,119,2000/11/02,21:00:00,34.451,132.65,3.7,31,100,4.213,3.957,0.857,382,0.0002384185791015,2000.0,8388608.0,126,49.429787
F:\Research Work\Response Spectrum\Seismic waveform 1\data2\ER_3.7.9\HRS0080011022121\HRS0080011022121Anj.NS.csv,F:\Research Work\Response Spectrum\Seismic waveform 1\data2\ER_3.7.9\HRS0080011022121\HRS0080011022121Anj.EW.csv,F:\Research Work\Response Spectrum\Seismic waveform 1\data2\ER_3.7.9\HRS0080011022121\HRS0080011022121Anj.UD.csv,F:\Research Work\Response Spectrum\Seismic waveform 1\data2\ER_3.7.9\HRS0080011022121,0.0002384185791015,1474,14.74,1474,2073,6.0,600,100.0,0.05,0.1,0.3,2.5,Duhamel,100,0.01,4.0,HRS008,34.6107,132.7193,2000/11/02,21:21:00,2000/11/02,21:21:56,119,2000/11/02,21:00:00,34.451,132.65,3.7,31,100,30.573,27.038,8.426,202,0.0002384185791015,2000.0,8388608.0,127,18.858425
F:\Research Work\Response Spectrum\Seismic waveform 1\data2\ER_3.7.9\HRS0090011022121\HRS0090011022121Anj.NS.csv,F:\Research Work\Response Spectrum\Seismic waveform 1\data2\ER_3.7.9\HRS0090011022121\HRS0090011022121Anj.EW.csv,F:\Research Work\Response Spectrum\Seismic waveform 1\data2\ER_3.7.9\HRS0090011022121\HRS0090011022121Anj.UD.csv,F:\Research Work\Response Spectrum\Seismic waveform 1\data2\ER_3.7.9\HRS0090011022121,0.0002384185791015,915,9.15,915,1514,6.0,600,100.0,0.05,0.1,0.3,2.5,Duhamel,100,0.01,4.0,HRS009,34.4926,132.2794,2000/11/02,21:21:00,2000/11/02,21:22:03,119,2000/11/02,21:00:00,34.451,132.65,3.7,31,100,5.353,4.186,2.828,219,0.0002384185791015,2000.0,8388608.0,128,34.286217
F:\Research Work\Response Spectrum\Seismic waveform 1\data2\ER_3.7.9\HRS0120011022121\HRS0120011022121Anj.NS.csv,F:\Research Work\Response Spectrum\Seismic waveform 1\data2\ER_3.7.9\HRS0120011022121\HRS0120011022121Anj.EW.csv,F:\Research Work\Response Spectrum\Seismic waveform 1\data2\ER_3.7.9\HRS0120011022121\HRS0120011022121Anj.UD.csv,F:\Research Work\Response Spectrum\Seismic waveform 1\data2\ER_3.7.9\HRS0120011022121,0.0002384185791015,925,9.25,925,1524,6.0,600,100.0,0.05,0.1,0.3,2.5,Duhamel,100,0.01,4.0,HRS012,34.4276,132.7422,2000/11/02,21:21:00,2000/11/02,21:21:59,119,2000/11/02,21:00:00,34.451,132.65,3.7,31,100,37.544,23.859,6.164,215,0.0002384185791015,2000.0,8388608.0,129,8.846532
F:\Research Work\Response Spectrum\Seismic waveform 1\data2\ER_3.7.9\HRS0130011022121\HRS0130011022121Anj.NS.csv,F:\Research Work\Response Spectrum\Seismic waveform 1\data2\ER_3.7.9\HRS0130011022121\HRS0130011022121Anj.EW.csv,F:\Research Work\Response Spectrum\Seismic waveform 1\data2\ER_3.7.9\HRS0130011022121\HRS0130011022121Anj.UD.csv,F:\Research Work\Response Spectrum\Seismic waveform 1\data2\ER_3.7.9\HRS0130011022121,0.0002384185791015,1476,14.76,1476,2075,6.0,600,100.0,0.05,0.1,0.3,2.5,Duhamel,100,0.01,4.0,HRS013,34.3768,132.4505,2000/11/02,21:21:00,2000/11/02,21:21:56,119,2000/11/02,21:00:00,34.451,132.65,3.7,31,100,5.186,7.826,7.749,2,0.0002384185791015,2000.0,8388608.0,130,20.074648
F:\Research Work\Response Spectrum\Seismic waveform 1\data2\ER_3.7.9\HRS0160011022121\HRS0160011022121Anj.NS.csv,F:\Research Work\Response Spectrum\Seismic waveform 1\data2\ER_3.7.9\HRS0160011022121\HRS0160011022121Anj.EW.csv,F:\Research Work\Response Spectrum\Seismic waveform 1\data2\ER_3.7.9\HRS0160011022121\HRS0160011022121Anj.UD.csv,F:\Research Work\Response Spectrum\Seismic waveform 1\data2\ER_3.7.9\HRS0160011022121,0.0002384185791015,717,7.17,717,1316,6.0,600,100.0,0.05,0.1,0.3,2.5,Duhamel,100,0.01,4.0,HRS016,34.4198,133.1971,2000/11/02,21:21:00,2000/11/02,21:22:07,119,2000/11/02,21:00:00,34.451,132.65,3.7,31,100,3.917,3.804,0.899,40,0.0002384185791015,2000.0,8388608.0,131,50.29406
F:\Research Work\Response Spectrum\Seismic waveform 1\data2\ER_3.7.9\HRS0170011022121\HRS0170011022121Anj.NS.csv,F:\Research Work\Response Spectrum\Seismic waveform 1\data2\ER_3.7.9\HRS0170011022121\HRS0170011022121Anj.EW.csv,F:\Research Work\Response Spectrum\Seismic waveform 1\data2\ER_3.7.9\HRS0170011022121\HRS0170011022121Anj.UD.csv,F:\Research Work\Response Spectrum\Seismic waveform 1\data2\ER_3.7.9\HRS0170011022121,0.0002384185791015,783,7.83,783,1382,6.0,600,100.0,0.05,0.1,0.3,2.5,Duhamel,100,0.01,4.0,HRS017,34.404,133.0832,2000/11/02,21:21:00,2000/11/02,21:22:05,119,2000/11/02,21:00:00,34.451,132.65,3.7,31,100,4.977,4.118,2.5,16,0.0002384185791015,2000.0,8388608.0,132,40.07456
F:\Research Work\Response Spectrum\Seismic waveform 1\data2\ER_3.7.9\HRS0180011022121\HRS0180011022121Anj.NS.csv,F:\Research Work\Response Spectrum\Seismic waveform 1\data2\ER_3.7.9\HRS0180011022121\HRS0180011022121Anj.EW.csv,F:\Research Work\Response Spectrum\Seismic waveform 1\data2\ER_3.7.9\HRS0180011022121\HRS0180011022121Anj.UD.csv,F:\Research Work\Response Spectrum\Seismic waveform 1\data2\ER_3.7.9\HRS0180011022121,0.0002384185791015,834,8.34,834,1433,6.0,600,100.0,0.05,0.1,0.3,2.5,Duhamel,100,0.01,4.0,HRS018,34.3413,132.9068,2000/11/02,21:21:00,2000/11/02,21:22:03,119,2000/11/02,21:00:00,34.451,132.65,3.7,31,100,6.707,4.183,3.96,2,0.0002384185791015,2000.0,8388608.0,133,26.532324
F:\Research Work\Response Spectrum\Seismic waveform 1\data2\ER_3.7.9\HRS0190011022121\HRS0190011022121Anj.NS.csv,F:\Research Work\Response Spectrum\Seismic waveform 1\data2\ER_3.7.9\HRS0190011022121\HRS0190011022121Anj.EW.csv,F:\Research Work\Response Spectrum\Seismic waveform 1\data2\ER_3.7.9\HRS0190011022121\HRS0190011022121Anj.UD.csv,F:\Research Work\Response Spectrum\Seismic waveform 1\data2\ER_3.7.9\HRS0190011022121,0.0002384185791015,1006,10.06,1006,1605,6.0,600,100.0,0.05,0.1,0.3,2.5,Duhamel,100,0.01,4.0,HRS019,34.2485,132.5647,2000/11/02,21:21:00,2000/11/02,21:22:01,119,2000/11/02,21:00:00,34.451,132.65,3.7,31,100,8.099,6.694,2.48,3,0.0002384185791015,2000.0,8388608.0,134,23.839798
F:\Research Work\Response Spectrum\Seismic waveform 1\data2\ER_3.7.9\HRS0210011022121\HRS0210011022121Anj.NS.csv,F:\Research Work\Response Spectrum\Seismic waveform 1\data2\ER_3.7.9\HRS0210011022121\HRS0210011022121Anj.EW.csv,F:\Research Work\Response Spectrum\Seismic waveform 1\data2\ER_3.7.9\HRS0210011022121\HRS0210011022121Anj.UD.csv,F:\Research Work\Response Spectrum\Seismic waveform 1\data2\ER_3.7.9\HRS0210011022121,0.0002384185791015,407,4.07,407,1006,6.0,600,100.0,0.05,0.1,0.3,2.5,Duhamel,100,0.01,4.0,HRS021,34.9529,133.1171,2000/11/02,21:21:00,2000/11/02,21:22:13,120,2000/11/02,21:00:00,34.451,132.65,3.7,31,100,2.97,4.664,3.47,325,0.0002384185791015,2000.0,8388608.0,135,70.27028
F:\Research Work\Response Spectrum\Seismic waveform 1\data2\ER_3.7.9\SMN0080011022121\SMN0080011022121Anj.NS.csv,F:\Research Work\Response Spectrum\Seismic waveform 1\data2\ER_3.7.9\SMN0080011022121\SMN0080011022121Anj.EW.csv,F:\Research Work\Response Spectrum\Seismic waveform 1\data2\ER_3.7.9\SMN0080011022121\SMN0080011022121Anj.UD.csv,F:\Research Work\Response Spectrum\Seismic waveform 1\data2\ER_3.7.9\SMN0080011022121,0.0002384185791015,767,7.67,767,1366,6.0,600,100.0,0.05,0.1,0.3,2.5,Duhamel,100,0.01,4.0,SMN008,34.8523,132.5308,2000/11/02,21:21:00,2000/11/02,21:22:06,119,2000/11/02,21:00:00,34.451,132.65,3.7,31,100,5.916,7.549,5.15,335,0.0002384185791015,2000.0,8388608.0,136,45.935314
F:\Research Work\Response Spectrum\Seismic waveform 1\data2\ER_3.7.9\SMN0160011022121\SMN0160011022121Anj.NS.csv,F:\Research Work\Response Spectrum\Seismic waveform 1\data2\ER_3.7.9\SMN0160011022121\SMN0160011022121Anj.EW.csv,F:\Research Work\Response Spectrum\Seismic waveform 1\data2\ER_3.7.9\SMN0160011022121\SMN0160011022121Anj.UD.csv,F:\Research Work\Response Spectrum\Seismic waveform 1\data2\ER_3.7.9\SMN0160011022121,0.0002384185791015,645,6.45,645,1244,6.0,600,100.0,0.05,0.1,0.3,2.5,Duhamel,100,0.01,4.0,SMN016,35.1957,132.8146,2000/11/02,21:21:00,2000/11/02,21:22:15,119,2000/11/02,21:00:00,34.451,132.65,3.7,31,100,2.82,1.635,1.364,210,0.0002384185791015,2000.0,8388608.0,137,84.15889
F:\Research Work\Response Spectrum\Seismic waveform 1\data2\ER_3.8.1\HRS0019704051724\HRS0019704051724Anj.NS.csv,F:\Research Work\Response Spectrum\Seismic waveform 1\data2\ER_3.8.1\HRS0019704051724\HRS0019704051724Anj.EW.csv,F:\Research Work\Response Spectrum\Seismic waveform 1\data2\ER_3.8.1\HRS0019704051724\HRS0019704051724Anj.UD.csv,F:\Research Work\Response Spectrum\Seismic waveform 1\data2\ER_3.8.1\HRS0019704051724,0.0002384185791015,539,5.39,539,1138,6.0,600,100.0,0.05,0.1,0.3,2.5,Duhamel,100,0.01,4.0,HRS001,35.0337,132.9018,1997/04/05,17:24:00,1997/04/05,17:24:42,59,1997/04/05,17:00:00,34.603,133.597,3.8,16,100,3.802,3.587,2.444,566,0.0002384185791015,2000.0,8388608.0,138,79.505295
F:\Research Work\Response Spectrum\Seismic waveform 1\data2\ER_3.8.1\HRS0029704051724\HRS0029704051724Anj.NS.csv,F:\Research Work\Response Spectrum\Seismic waveform 1\data2\ER_3.8.1\HRS0029704051724\HRS0029704051724Anj.EW.csv,F:\Research Work\Response Spectrum\Seismic waveform 1\data2\ER_3.8.1\HRS0029704051724\HRS0029704051724Anj.UD.csv,F:\Research Work\Response Spectrum\Seismic waveform 1\data2\ER_3.8.1\HRS0029704051724,0.0002384185791015,858,8.58,858,1457,6.0,600,100.0,0.05,0.1,0.3,2.5,Duhamel,100,0.01,4.0,HRS002,34.8951,133.2755,1997/04/05,17:24:00,1997/04/05,17:24:33,59,1997/04/05,17:00:00,34.603,133.597,3.8,16,100,14.681,10.699,1.623,306,0.0002384185791015,2000.0,8388608.0,139,43.792145
F:\Research Work\Response Spectrum\Seismic waveform 1\data2\ER_3.8.1\HRS0049704051724\HRS0049704051724Anj.NS.csv,F:\Research Work\Response Spectrum\Seismic waveform 1\data2\ER_3.8.1\HRS0049704051724\HRS0049704051724Anj.EW.csv,F:\Research Work\Response Spectrum\Seismic waveform 1\data2\ER_3.8.1\HRS0049704051724\HRS0049704051724Anj.UD.csv,F:\Research Work\Response Spectrum\Seismic waveform 1\data2\ER_3.8.1\HRS0049704051724,0.0002384185791015,1400,14.0,1400,1999,6.0,600,100.0,0.05,0.1,0.3,2.5,Duhamel,100,0.01,4.0,HRS004,34.7262,132.2772,1997/04/05,17:24:00,1997/04/05,17:24:54,59,1997/04/05,17:00:00,34.603,133.597,3.8,16,100,2.627,2.737,0.659,586,0.0002384185791015,2000.0,8388608.0,140,121.47938
F:\Research Work\Response Spectrum\Seismic waveform 1\data2\ER_3.8.1\HRS0059704051724\HRS0059704051724Anj.NS.csv,F:\Research Work\Response Spectrum\Seismic waveform 1\data2\ER_3.8.1\HRS0059704051724\HRS0059704051724Anj.EW.csv,F:\Research Work\Response Spectrum\Seismic waveform 1\data2\ER_3.8.1\HRS0059704051724\HRS0059704051724Anj.UD.csv,F:\Research Work\Response Spectrum\Seismic waveform 1\data2\ER_3.8.1\HRS0059704051724,0.0002384185791015,1425,14.25,1425,2024,6.0,600,100.0,0.05,0.1,0.3,2.5,Duhamel,100,0.01,4.0,HRS005,34.777,133.2807,1997/04/05,17:24:00,1997/04/05,17:24:26,59,1997/04/05,17:00:00,34.603,133.597,3.8,16,100,16.155,15.316,6.794,480,0.0002384185791015,2000.0,8388608.0,141,34.79444
F:\Research Work\Response Spectrum\Seismic waveform 1\data2\ER_3.8.1\HRS0159704051724\HRS0159704051724Anj.NS.csv,F:\Research Work\Response Spectrum\Seismic waveform 1\data2\ER_3.8.1\HRS0159704051724\HRS0159704051724Anj.EW.csv,F:\Research Work\Response Spectrum\Seismic waveform 1\data2\ER_3.8.1\HRS0159704051724\HRS0159704051724Anj.UD.csv,F:\Research Work\Response Spectrum\Seismic waveform 1\data2\ER_3.8.1\HRS0159704051724,0.0002384185791015,1078,10.78,1078,1677,6.0,600,100.0,0.05,0.1,0.3,2.5,Duhamel,100,0.01,4.0,HRS015,34.4849,133.3615,1997/04/05,17:24:00,1997/04/05,17:24:28,59,1997/04/05,17:00:00,34.603,133.597,3.8,16,100,5.751,5.729,4.181,2,0.0002384185791015,2000.0,8388608.0,142,25.252645
F:\Research Work\Response Spectrum\Seismic waveform 1\data2\ER_3.8.1\KGW0039704051724\KGW0039704051724Anj.NS.csv,F:\Research Work\Response Spectrum\Seismic waveform 1\data2\ER_3.8.1\KGW0039704051724\KGW0039704051724Anj.EW.csv,F:\Research Work\Response Spectrum\Seismic waveform 1\data2\ER_3.8.1\KGW0039704051724\KGW0039704051724Anj.UD.csv,F:\Research Work\Response Spectrum\Seismic waveform 1\data2\ER_3.8.1\KGW0039704051724,0.0002384185791015,922,9.22,922,1521,6.0,600,100.0,0.05,0.1,0.3,2.5,Duhamel,100,0.01,4.0,KGW003,34.2652,133.7896,1997/04/05,17:24:00,1997/04/05,17:24:32,59,1997/04/05,17:00:00,34.603,133.597,3.8,16,100,4.707,4.613,1.846,12,0.0002384185791015,2000.0,8388608.0,143,41.507538
F:\Research Work\Response Spectrum\Seismic waveform 1\data2\ER_3.8.1\KGW0059704051724\KGW0059704051724Anj.NS.csv,F:\Research Work\Response Spectrum\Seismic waveform 1\data2\ER_3.8.1\KGW0059704051724\KGW0059704051724Anj.EW.csv,F:\Research Work\Response Spectrum\Seismic waveform 1\data2\ER_3.8.1\KGW0059704051724\KGW0059704051724Anj.UD.csv,F:\Research Work\Response Spectrum\Seismic waveform 1\data2\ER_3.8.1\KGW0059704051724,0.0002384185791015,1335,13.35,1335,1934,6.0,600,100.0,0.05,0.1,0.3,2.5,Duhamel,100,0.01,4.0,KGW005,34.1138,133.6354,1997/04/05,17:24:00,1997/04/05,17:24:30,59,1997/04/05,17:00:00,34.603,133.597,3.8,16,100,3.9,3.243,2.866,2,0.0002384185791015,2000.0,8388608.0,144,54.510643
F:\Research Work\Response Spectrum\Seismic waveform 1\data2\ER_3.8.1\KGW0089704051724\KGW0089704051724Anj.NS.csv,F:\Research Work\Response Spectrum\Seismic waveform 1\data2\ER_3.8.1\KGW0089704051724\KGW0089704051724Anj.EW.csv,F:\Research Work\Response Spectrum\Seismic waveform 1\data2\ER_3.8.1\KGW0089704051724\KGW0089704051724Anj.UD.csv,F:\Research Work\Response Spectrum\Seismic waveform 1\data2\ER_3.8.1\KGW0089704051724,0.0002384185791015,669,6.69,669,1268,6.0,600,100.0,0.05,0.1,0.3,2.5,Duhamel,100,0.01,4.0,KGW008,34.1644,133.9243,1997/04/05,17:24:00,1997/04/05,17:24:37,59,1997/04/05,17:00:00,34.603,133.597,3.8,16,100,2.789,3.022,1.704,2,0.0002384185791015,2000.0,8388608.0,145,57.276684
F:\Research Work\Response Spectrum\Seismic waveform 1\data2\ER_3.8.1\OKY0049704051724\OKY0049704051724Anj.NS.csv,F:\Research Work\Response Spectrum\Seismic waveform 1\data2\ER_3.8.1\OKY0049704051724\OKY0049704051724Anj.EW.csv,F:\Research Work\Response Spectrum\Seismic waveform 1\data2\ER_3.8.1\OKY0049704051724\OKY0049704051724Anj.UD.csv,F:\Research Work\Response Spectrum\Seismic waveform 1\data2\ER_3.8.1\OKY0049704051724,0.0002384185791015,893,8.93,893,1492,6.0,600,100.0,0.05,0.1,0.3,2.5,Duhamel,100,0.01,4.0,OKY004,34.9579,133.5018,1997/04/05,17:24:00,1997/04/05,17:24:32,59,1997/04/05,17:00:00,34.603,133.597,3.8,16,100,9.604,15.304,6.965,168,0.0002384185791015,2000.0,8388608.0,146,40.40952
F:\Research Work\Response Spectrum\Seismic waveform 1\data2\ER_3.8.1\OKY0059704051724\OKY0059704051724Anj.NS.csv,F:\Research Work\Response Spectrum\Seismic waveform 1\data2\ER_3.8.1\OKY0059704051724\OKY0059704051724Anj.EW.csv,F:\Research Work\Response Spectrum\Seismic waveform 1\data2\ER_3.8.1\OKY0059704051724\OKY0059704051724Anj.UD.csv,F:\Research Work\Response Spectrum\Seismic waveform 1\data2\ER_3.8.1\OKY0059704051724,0.0002384185791015,187,1.87,187,786,6.0,600,100.0,0.05,0.1,0.3,2.5,Duhamel,100,0.01,4.0,OKY005,35.0098,133.7317,1997/04/05,17:24:00,1997/04/05,17:24:33,59,1997/04/05,17:00:00,34.603,133.597,3.8,16,100,7.64,6.611,4.036,134,0.0002384185791015,2000.0,8388608.0,147,46.876083
F:\Research Work\Response Spectrum\Seismic waveform 1\data2\ER_3.8.1\OKY0069704051724\OKY0069704051724Anj.NS.csv,F:\Research Work\Response Spectrum\Seismic waveform 1\data2\ER_3.8.1\OKY0069704051724\OKY0069704051724Anj.EW.csv,F:\Research Work\Response Spectrum\Seismic waveform 1\data2\ER_3.8.1\OKY0069704051724\OKY0069704051724Anj.UD.csv,F:\Research Work\Response Spectrum\Seismic waveform 1\data2\ER_3.8.1\OKY0069704051724,0.0002384185791015,590,5.9,590,1189,6.0,600,100.0,0.05,0.1,0.3,2.5,Duhamel,100,0.01,4.0,OKY006,35.0684,134.005,1997/04/05,17:24:00,1997/04/05,17:24:39,59,1997/04/05,17:00:00,34.603,133.597,3.8,16,100,2.713,2.337,0.942,98,0.0002384185791015,2000.0,8388608.0,148,63.75481
F:\Research Work\Response Spectrum\Seismic waveform 1\data2\ER_3.8.1\OKY0079704051724\OKY0079704051724Anj.NS.csv,F:\Research Work\Response Spectrum\Seismic waveform 1\data2\ER_3.8.1\OKY0079704051724\OKY0079704051724Anj.EW.csv,F:\Research Work\Response Spectrum\Seismic waveform 1\data2\ER_3.8.1\OKY0079704051724\OKY0079704051724Anj.UD.csv,F:\Research Work\Response Spectrum\Seismic waveform 1\data2\ER_3.8.1\OKY0079704051724,0.0002384185791015,1189,11.89,1189,1788,6.0,600,100.0,0.05,0.1,0.3,2.5,Duhamel,100,0.01,4.0,OKY007,34.7807,133.6121,1997/04/05,17:24:00,1997/04/05,17:24:26,59,1997/04/05,17:00:00,34.603,133.597,3.8,16,100,10.113,7.182,2.836,60,0.0002384185791015,2000.0,8388608.0,149,19.807508
F:\Research Work\Response Spectrum\Seismic waveform 1\data2\ER_3.8.1\OKY0089704051724\OKY0089704051724Anj.NS.csv,F:\Research Work\Response Spectrum\Seismic waveform 1\data2\ER_3.8.1\OKY0089704051724\OKY0089704051724Anj.EW.csv,F:\Research Work\Response Spectrum\Seismic waveform 1\data2\ER_3.8.1\OKY0089704051724\OKY0089704051724Anj.UD.csv,F:\Research Work\Response Spectrum\Seismic waveform 1\data2\ER_3.8.1\OKY0089704051724,0.0002384185791015,927,9.27,927,1526,6.0,600,100.0,0.05,0.1,0.3,2.5,Duhamel,100,0.01,4.0,OKY008,34.8701,133.9036,1997/04/05,17:24:00,1997/04/05,17:24:32,59,1997/04/05,17:00:00,34.603,133.597,3.8,16,100,3.25,2.678,0.83,62,0.0002384185791015,2000.0,8388608.0,150,40.82912
F:\Research Work\Response Spectrum\Seismic waveform 1\data2\ER_3.8.1\OKY0099704051724\OKY0099704051724Anj.NS.csv,F:\Research Work\Response Spectrum\Seismic waveform 1\data2\ER_3.8.1\OKY0099704051724\OKY0099704051724Anj.EW.csv,F:\Research Work\Response Spectrum\Seismic waveform 1\data2\ER_3.8.1\OKY0099704051724\OKY0099704051724Anj.UD.csv,F:\Research Work\Response Spectrum\Seismic waveform 1\data2\ER_3.8.1\OKY0099704051724,0.0002384185791015,774,7.74,774,1373,6.0,600,100.0,0.05,0.1,0.3,2.5,Duhamel,100,0.01,4.0,OKY009,34.9176,134.0923,1997/04/05,17:24:00,1997/04/05,17:24:36,59,1997/04/05,17:00:00,34.603,133.597,3.8,16,100,7.124,6.458,1.764,48,0.0002384185791015,2000.0,8388608.0,151,57.19229
F:\Research Work\Response Spectrum\Seismic waveform 1\data2\ER_3.8.1\OKY0129704051724\OKY0129704051724Anj.NS.csv,F:\Research Work\Response Spectrum\Seismic waveform 1\data2\ER_3.8.1\OKY0129704051724\OKY0129704051724Anj.EW.csv,F:\Research Work\Response Spectrum\Seismic waveform 1\data2\ER_3.8.1\OKY0129704051724\OKY0129704051724Anj.UD.csv,F:\Research Work\Response Spectrum\Seismic waveform 1\data2\ER_3.8.1\OKY0129704051724,0.0002384185791015,441,4.41,441,1040,6.0,600,100.0,0.05,0.1,0.3,2.5,Duhamel,100,0.01,4.0,OKY012,34.5893,133.7545,1997/04/05,17:24:00,1997/04/05,17:24:23,59,1997/04/05,17:00:00,34.603,133.597,3.8,16,100,22.77,54.481,14.315,3,0.0002384185791015,2000.0,8388608.0,152,14.496682
F:\Research Work\Response Spectrum\Seismic waveform 1\data2\ER_3.8.1\OKY0139704051724\OKY0139704051724Anj.NS.csv,F:\Research Work\Response Spectrum\Seismic waveform 1\data2\ER_3.8.1\OKY0139704051724\OKY0139704051724Anj.EW.csv,F:\Research Work\Response Spectrum\Seismic waveform 1\data2\ER_3.8.1\OKY0139704051724\OKY0139704051724Anj.UD.csv,F:\Research Work\Response Spectrum\Seismic waveform 1\data2\ER_3.8.1\OKY0139704051724,0.0002384185791015,1308,13.08,1308,1907,6.0,600,100.0,0.05,0.1,0.3,2.5,Duhamel,100,0.01,4.0,OKY013,34.5095,133.5099,1997/04/05,17:24:00,1997/04/05,17:24:24,59,1997/04/05,17:00:00,34.603,133.597,3.8,16,100,36.079,23.671,11.763,6,0.0002384185791015,2000.0,8388608.0,153,13.103962
F:\Research Work\Response Spectrum\Seismic waveform 1\data2\ER_3.8.1\OKY0149704051724\OKY0149704051724Anj.NS.csv,F:\Research Work\Response Spectrum\Seismic waveform 1\data2\ER_3.8.1\OKY0149704051724\OKY0149704051724Anj.EW.csv,F:\Research Work\Response Spectrum\Seismic waveform 1\data2\ER_3.8.1\OKY0149704051724\OKY0149704051724Anj.UD.csv,F:\Research Work\Response Spectrum\Seismic waveform 1\data2\ER_3.8.1\OKY0149704051724,0.0002384185791015,1370,13.7,1370,1969,6.0,600,100.0,0.05,0.1,0.3,2.5,Duhamel,100,0.01,4.0,OKY014,34.4462,133.7876,1997/04/05,17:24:00,1997/04/05,17:24:24,59,1997/04/05,17:00:00,34.603,133.597,3.8,16,100,16.574,23.483,20.931,49,0.0002384185791015,2000.0,8388608.0,154,24.675573
F:\Research Work\Response Spectrum\Seismic waveform 1\data2\ER_3.8.11\HRS0010010301558\HRS0010010301558Anj.NS.csv,F:\Research Work\Response Spectrum\Seismic waveform 1\data2\ER_3.8.11\HRS0010010301558\HRS0010010301558Anj.EW.csv,F:\Research Work\Response Spectrum\Seismic waveform 1\data2\ER_3.8.11\HRS0010010301558\HRS0010010301558Anj.UD.csv,F:\Research Work\Response Spectrum\Seismic waveform 1\data2\ER_3.8.11\HRS0010010301558,0.0002384185791015,797,7.97,797,1396,6.0,600,100.0,0.05,0.1,0.3,2.5,Duhamel,100,0.01,4.0,HRS001,35.0337,132.9018,2000/10/30,15:58:00,2000/10/30,15:59:01,119,2000/10/30,15:00:00,35.191,133.427,3.8,10,100,6.224,5.504,2.78,566,0.0002384185791015,2000.0,8388608.0,165,50.8736
F:\Research Work\Response Spectrum\Seismic waveform 1\data2\ER_3.8.11\HRS0020010301558\HRS0020010301558Anj.NS.csv,F:\Research Work\Response Spectrum\Seismic waveform 1\data2\ER_3.8.11\HRS0020010301558\HRS0020010301558Anj.EW.csv,F:\Research Work\Response Spectrum\Seismic waveform 1\data2\ER_3.8.11\HRS0020010301558\HRS0020010301558Anj.UD.csv,F:\Research Work\Response Spectrum\Seismic waveform 1\data2\ER_3.8.11\HRS0020010301558,0.0002384185791015,959,9.59,959,1558,6.0,600,100.0,0.05,0.1,0.3,2.5,Duhamel,100,0.01,4.0,HRS002,34.8951,133.2755,2000/10/30,15:58:00,2000/10/30,15:58:57,119,2000/10/30,15:00:00,35.191,133.427,3.8,10,100,42.228,28.423,3.214,306,0.0002384185791015,2000.0,8388608.0,166,35.67637
F:\Research Work\Response Spectrum\Seismic waveform 1\data2\ER_3.8.11\HRS0050010301558\HRS0050010301558Anj.NS.csv,F:\Research Work\Response Spectrum\Seismic waveform 1\data2\ER_3.8.11\HRS0050010301558\HRS0050010301558Anj.EW.csv,F:\Research Work\Response Spectrum\Seismic waveform 1\data2\ER_3.8.11\HRS0050010301558\HRS0050010301558Anj.UD.csv,F:\Research Work\Response Spectrum\Seismic waveform 1\data2\ER_3.8.11\HRS0050010301558,0.0002384185791015,861,8.61,861,1460,6.0,600,100.0,0.05,0.1,0.3,2.5,Duhamel,100,0.01,4.0,HRS005,34.777,133.2807,2000/10/30,15:58:00,2000/10/30,15:59:00,119,2000/10/30,15:00:00,35.191,133.427,3.8,10,100,4.575,3.613,3.094,480,0.0002384185791015,2000.0,8388608.0,167,47.925343
F:\Research Work\Response Spectrum\Seismic waveform 1\data2\ER_3.8.11\HRS0060010301558\HRS0060010301558Anj.NS.csv,F:\Research Work\Response Spectrum\Seismic waveform 1\data2\ER_3.8.11\HRS0060010301558\HRS0060010301558Anj.EW.csv,F:\Research Work\Response Spectrum\Seismic waveform 1\data2\ER_3.8.11\HRS0060010301558\HRS0060010301558Anj.UD.csv,F:\Research Work\Response Spectrum\Seismic waveform 1\data2\ER_3.8.11\HRS0060010301558,0.0002384185791015,38,0.38,38,637,6.0,600,100.0,0.05,0.1,0.3,2.5,Duhamel,100,0.01,4.0,HRS006,34.6659,132.4077,2000/10/30,15:58:00,2000/10/30,15:59:18,120,2000/10/30,15:00:00,35.191,133.427,3.8,10,100,3.019,2.751,0.844,371,0.0002384185791015,2000.0,8388608.0,168,109.74503
F:\Research Work\Response Spectrum\Seismic waveform 1\data2\ER_3.8.11\HRS0210010301558\HRS0210010301558Anj.NS.csv,F:\Research Work\Response Spectrum\Seismic waveform 1\data2\ER_3.8.11\HRS0210010301558\HRS0210010301558Anj.EW.csv,F:\Research Work\Response Spectrum\Seismic waveform 1\data2\ER_3.8.11\HRS0210010301558\HRS0210010301558Anj.UD.csv,F:\Research Work\Response Spectrum\Seismic waveform 1\data2\ER_3.8.11\HRS0210010301558,0.0002384185791015,596,5.96,596,1195,6.0,600,100.0,0.05,0.1,0.3,2.5,Duhamel,100,0.01,4.0,HRS021,34.9529,133.1171,2000/10/30,15:58:00,2000/10/30,15:58:58,119,2000/10/30,15:00:00,35.191,133.427,3.8,10,100,6.808,4.767,4.256,325,0.0002384185791015,2000.0,8388608.0,169,38.68248
F:\Research Work\Response Spectrum\Seismic waveform 1\data2\ER_3.8.11\OKY0010010301558\OKY0010010301558Anj.NS.csv,F:\Research Work\Response Spectrum\Seismic waveform 1\data2\ER_3.8.11\OKY0010010301558\OKY0010010301558Anj.EW.csv,F:\Research Work\Response Spectrum\Seismic waveform 1\data2\ER_3.8.11\OKY0010010301558\OKY0010010301558Anj.UD.csv,F:\Research Work\Response Spectrum\Seismic waveform 1\data2\ER_3.8.11\OKY0010010301558,0.0002384185791015,1424,14.24,1424,2023,6.0,600,100.0,0.05,0.1,0.3,2.5,Duhamel,100,0.01,4.0,OKY001,35.1945,133.7314,2000/10/30,15:58:00,2000/10/30,15:58:51,119,2000/10/30,15:00:00,35.191,133.427,3.8,10,100,7.225,8.433,5.233,334,0.0002384185791015,2000.0,8388608.0,170,27.6637
F:\Research Work\Response Spectrum\Seismic waveform 1\data2\ER_3.8.11\OKY0050010301558\OKY0050010301558Anj.NS.csv,F:\Research Work\Response Spectrum\Seismic waveform 1\data2\ER_3.8.11\OKY0050010301558\OKY0050010301558Anj.EW.csv,F:\Research Work\Response Spectrum\Seismic waveform 1\data2\ER_3.8.11\OKY0050010301558\OKY0050010301558Anj.UD.csv,F:\Research Work\Response Spectrum\Seismic waveform 1\data2\ER_3.8.11\OKY0050010301558,0.0002384185791015,1032,10.32,1032,1631,6.0,600,100.0,0.05,0.1,0.3,2.5,Duhamel,100,0.01,4.0,OKY005,35.0098,133.7317,2000/10/30,15:58:00,2000/10/30,15:58:56,119,2000/10/30,15:00:00,35.191,133.427,3.8,10,100,6.778,7.934,3.266,134,0.0002384185791015,2000.0,8388608.0,171,34.268658
F:\Research Work\Response Spectrum\Seismic waveform 1\data2\ER_3.8.11\OKY0080010301558\OKY0080010301558Anj.NS.csv,F:\Research Work\Response Spectrum\Seismic waveform 1\data2\ER_3.8.11\OKY0080010301558\OKY0080010301558Anj.EW.csv,F:\Research Work\Response Spectrum\Seismic waveform 1\data2\ER_3.8.11\OKY0080010301558\OKY0080010301558Anj.UD.csv,F:\Research Work\Response Spectrum\Seismic waveform 1\data2\ER_3.8.11\OKY0080010301558,0.0002384185791015,801,8.01,801,1400,6.0,600,100.0,0.05,0.1,0.3,2.5,Duhamel,100,0.01,4.0,OKY008,34.8701,133.9036,2000/10/30,15:58:00,2000/10/30,15:59:02,119,2000/10/30,15:00:00,35.191,133.427,3.8,10,100,2.612,4.289,0.962,62,0.0002384185791015,2000.0,8388608.0,172,56.181507
F:\Research Work\Response Spectrum\Seismic waveform 1\data2\ER_3.8.11\TTR0070010301558\TTR0070010301558Anj.NS.csv,F:\Research Work\Response Spectrum\Seismic waveform 1\data2\ER_3.8.11\TTR0070010301558\TTR0070010301558Anj.EW.csv,F:\Research Work\Response Spectrum\Seismic waveform 1\data2\ER_3.8.11\TTR0070010301558\TTR0070010301558Anj.UD.csv,F:\Research Work\Response Spectrum\Seismic waveform 1\data2\ER_3.8.11\TTR0070010301558,0.0002384185791015,1444,14.44,1444,2043,6.0,600,100.0,0.05,0.1,0.3,2.5,Duhamel,100,0.01,4.0,TTR007,35.2826,133.4876,2000/10/30,15:58:00,2000/10/30,15:58:48,120,2000/10/30,15:00:00,35.191,133.427,3.8,10,100,50.172,45.763,14.908,155,0.0002384185791015,2000.0,8388608.0,173,11.577344
F:\Research Work\Response Spectrum\Seismic waveform 1\data2\ER_3.8.11\TTR0090010301558\TTR0090010301558Anj.NS.csv,F:\Research Work\Response Spectrum\Seismic waveform 1\data2\ER_3.8.11\TTR0090010301558\TTR0090010301558Anj.EW.csv,F:\Research Work\Response Spectrum\Seismic waveform 1\data2\ER_3.8.11\TTR0090010301558\TTR0090010301558Anj.UD.csv,F:\Research Work\Response Spectrum\Seismic waveform 1\data2\ER_3.8.11\TTR0090010301558,0.0002384185791015,1459,14.59,1459,2058,6.0,600,100.0,0.05,0.1,0.3,2.5,Duhamel,100,0.01,4.0,TTR009,35.1629,133.3063,2000/10/30,15:58:00,2000/10/30,15:58:48,119,2000/10/30,15:00:00,35.191,133.427,3.8,10,100,18.922,24.602,21.131,299,0.0002384185791015,2000.0,8388608.0,174,11.4065
F:\Research Work\Response Spectrum\Seismic waveform 1\data2\ER_3.8.12\HRS0010011050300\HRS0010011050300Anj.NS.csv,F:\Research Work\Response Spectrum\Seismic waveform 1\data2\ER_3.8.12\HRS0010011050300\HRS0010011050300Anj.EW.csv,F:\Research Work\Response Spectrum\Seismic waveform 1\data2\ER_3.8.12\HRS0010011050300\HRS0010011050300Anj.UD.csv,F:\Research Work\Response Spectrum\Seismic waveform 1\data2\ER_3.8.12\HRS0010011050300,0.0002384185791015,815,8.15,815,1414,6.0,600,100.0,0.05,0.1,0.3,2.5,Duhamel,100,0.01,4.0,HRS001,35.0337,132.9018,2000/11/05,03:00:00,2000/11/05,03:00:48,119,2000/11/05,03:00:00,35.19,133.425,3.8,12,100,6.602,11.289,1.582,566,0.0002384185791015,2000.0,8388608.0,175,50.66483
F:\Research Work\Response Spectrum\Seismic waveform 1\data2\ER_3.8.12\HRS0020011050300\HRS0020011050300Anj.NS.csv,F:\Research Work\Response Spectrum\Seismic waveform 1\data2\ER_3.8.12\HRS0020011050300\HRS0020011050300Anj.EW.csv,F:\Research Work\Response Spectrum\Seismic waveform 1\data2\ER_3.8.12\HRS0020011050300\HRS0020011050300Anj.UD.csv,F:\Research Work\Response Spectrum\Seismic waveform 1\data2\ER_3.8.12\HRS0020011050300,0.0002384185791015,978,9.78,978,1577,6.0,600,100.0,0.05,0.1,0.3,2.5,Duhamel,100,0.01,4.0,HRS002,34.8951,133.2755,2000/11/05,03:00:00,2000/11/05,03:00:44,119,2000/11/05,03:00:00,35.19,133.425,3.8,12,100,16.821,16.898,2.906,306,0.0002384185791015,2000.0,8388608.0,176,35.50368
F:\Research Work\Response Spectrum\Seismic waveform 1\data2\ER_3.8.12\HRS0050011050300\HRS0050011050300Anj.NS.csv,F:\Research Work\Response Spectrum\Seismic waveform 1\data2\ER_3.8.12\HRS0050011050300\HRS0050011050300Anj.EW.csv,F:\Research Work\Response Spectrum\Seismic waveform 1\data2\ER_3.8.12\HRS0050011050300\HRS0050011050300Anj.UD.csv,F:\Research Work\Response Spectrum\Seismic waveform 1\data2\ER_3.8.12\HRS0050011050300,0.0002384185791015,1380,13.8,1380,1979,6.0,600,100.0,0.05,0.1,0.3,2.5,Duhamel,100,0.01,4.0,HRS005,34.777,133.2807,2000/11/05,03:00:00,2000/11/05,03:00:42,119,2000/11/05,03:00:00,35.19,133.425,3.8,12,100,8.436,5.399,3.394,480,0.0002384185791015,2000.0,8388608.0,177,47.7681
F:\Research Work\Response Spectrum\Seismic waveform 1\data2\ER_3.8.12\HRS0060011050300\HRS0060011050300Anj.NS.csv,F:\Research Work\Response Spectrum\Seismic waveform 1\data2\ER_3.8.12\HRS0060011050300\HRS0060011050300Anj.EW.csv,F:\Research Work\Response Spectrum\Seismic waveform 1\data2\ER_3.8.12\HRS0060011050300\HRS0060011050300Anj.UD.csv,F:\Research Work\Response Spectrum\Seismic waveform 1\data2\ER_3.8.12\HRS0060011050300,0.0002384185791015,56,0.56,56,655,6.0,600,100.0,0.05,0.1,0.3,2.5,Duhamel,100,0.01,4.0,HRS006,34.6659,132.4077,2000/11/05,03:00:00,2000/11/05,03:01:05,120,2000/11/05,03:00:00,35.19,133.425,3.8,12,100,2.197,3.013,0.792,371,0.0002384185791015,2000.0,8388608.0,178,109.531975
F:\Research Work\Response Spectrum\Seismic waveform 1\data2\ER_3.8.12\HRS0070011050300\HRS0070011050300Anj.NS.csv,F:\Research Work\Response Spectrum\Seismic waveform 1\data2\ER_3.8.12\HRS0070011050300\HRS0070011050300Anj.EW.csv,F:\Research Work\Response Spectrum\Seismic waveform 1\data2\ER_3.8.12\HRS0070011050300\HRS0070011050300Anj.UD.csv,F:\Research Work\Response Spectrum\Seismic waveform 1\data2\ER_3.8.12\HRS0070011050300,0.0002384185791015,620,6.2,620,1219,6.0,600,100.0,0.05,0.1,0.3,2.5,Duhamel,100,0.01,4.0,HRS007,34.7032,133.0946,2000/11/05,03:00:00,2000/11/05,03:00:52,119,2000/11/05,03:00:00,35.19,133.425,3.8,12,100,2.644,1.34,0.894,382,0.0002384185791015,2000.0,8388608.0,179,61.94255
F:\Research Work\Response Spectrum\Seismic waveform 1\data2\ER_3.8.12\HRS0210011050300\HRS0210011050300Anj.NS.csv,F:\Research Work\Response Spectrum\Seismic waveform 1\data2\ER_3.8.12\HRS0210011050300\HRS0210011050300Anj.EW.csv,F:\Research Work\Response Spectrum\Seismic waveform 1\data2\ER_3.8.12\HRS0210011050300\HRS0210011050300Anj.UD.csv,F:\Research Work\Response Spectrum\Seismic waveform 1\data2\ER_3.8.12\HRS0210011050300,0.0002384185791015,937,9.37,937,1536,6.0,600,100.0,0.05,0.1,0.3,2.5,Duhamel,100,0.01,4.0,HRS021,34.9529,133.1171,2000/11/05,03:00:00,2000/11/05,03:00:45,119,2000/11/05,03:00:00,35.19,133.425,3.8,12,100,7.313,7.102,4.7,325,0.0002384185791015,2000.0,8388608.0,180,38.473824
F:\Research Work\Response Spectrum\Seismic waveform 1\data2\ER_3.8.12\OKY0010011050300\OKY0010011050300Anj.NS.csv,F:\Research Work\Response Spectrum\Seismic waveform 1\data2\ER_3.8.12\OKY0010011050300\OKY0010011050300Anj.EW.csv,F:\Research Work\Response Spectrum\Seismic waveform 1\data2\ER_3.8.12\OKY0010011050300\OKY0010011050300Anj.UD.csv,F:\Research Work\Response Spectrum\Seismic waveform 1\data2\ER_3.8.12\OKY0010011050300,0.0002384185791015,1450,14.5,1450,2049,6.0,600,100.0,0.05,0.1,0.3,2.5,Duhamel,100,0.01,4.0,OKY001,35.1945,133.7314,2000/11/05,03:00:00,2000/11/05,03:00:38,119,2000/11/05,03:00:00,35.19,133.425,3.8,12,100,12.045,7.116,7.307,334,0.0002384185791015,2000.0,8388608.0,181,27.84737
F:\Research Work\Response Spectrum\Seismic waveform 1\data2\ER_3.8.12\OKY0040011050300\OKY0040011050300Anj.NS.csv,F:\Research Work\Response Spectrum\Seismic waveform 1\data2\ER_3.8.12\OKY0040011050300\OKY0040011050300Anj.EW.csv,F:\Research Work\Response Spectrum\Seismic waveform 1\data2\ER_3.8.12\OKY0040011050300\OKY0040011050300Anj.UD.csv,F:\Research Work\Response Spectrum\Seismic waveform 1\data2\ER_3.8.12\OKY0040011050300,0.0002384185791015,1036,10.36,1036,1635,6.0,600,100.0,0.05,0.1,0.3,2.5,Duhamel,100,0.01,4.0,OKY004,34.9579,133.5018,2000/11/05,03:00:00,2000/11/05,03:00:42,119,2000/11/05,03:00:00,35.19,133.425,3.8,12,100,17.801,13.352,5.394,168,0.0002384185791015,2000.0,8388608.0,182,26.737934
F:\Research Work\Response Spectrum\Seismic waveform 1\data2\ER_3.8.12\OKY0050011050300\OKY0050011050300Anj.NS.csv,F:\Research Work\Response Spectrum\Seismic waveform 1\data2\ER_3.8.12\OKY0050011050300\OKY0050011050300Anj.EW.csv,F:\Research Work\Response Spectrum\Seismic waveform 1\data2\ER_3.8.12\OKY0050011050300\OKY0050011050300Anj.UD.csv,F:\Research Work\Response Spectrum\Seismic waveform 1\data2\ER_3.8.12\OKY0050011050300,0.0002384185791015,1055,10.55,1055,1654,6.0,600,100.0,0.05,0.1,0.3,2.5,Duhamel,100,0.01,4.0,OKY005,35.0098,133.7317,2000/11/05,03:00:00,2000/11/05,03:00:43,119,2000/11/05,03:00:00,35.19,133.425,3.8,12,100,25.138,20.9,7.886,134,0.0002384185791015,2000.0,8388608.0,183,34.35116
F:\Research Work\Response Spectrum\Seismic waveform 1\data2\ER_3.8.12\OKY0070011050300\OKY0070011050300Anj.NS.csv,F:\Research Work\Response Spectrum\Seismic waveform 1\data2\ER_3.8.12\OKY0070011050300\OKY0070011050300Anj.EW.csv,F:\Research Work\Response Spectrum\Seismic waveform 1\data2\ER_3.8.12\OKY0070011050300\OKY0070011050300Anj.UD.csv,F:\Research Work\Response Spectrum\Seismic waveform 1\data2\ER_3.8.12\OKY0070011050300,0.0002384185791015,789,7.89,789,1388,6.0,600,100.0,0.05,0.1,0.3,2.5,Duhamel,100,0.01,4.0,OKY007,34.7807,133.6121,2000/11/05,03:00:00,2000/11/05,03:00:48,119,2000/11/05,03:00:00,35.19,133.425,3.8,12,100,3.024,3.967,1.598,60,0.0002384185791015,2000.0,8388608.0,184,48.599216
F:\Research Work\Response Spectrum\Seismic waveform 1\data2\ER_3.8.12\OKY0080011050300\OKY0080011050300Anj.NS.csv,F:\Research Work\Response Spectrum\Seismic waveform 1\data2\ER_3.8.12\OKY0080011050300\OKY0080011050300Anj.EW.csv,F:\Research Work\Response Spectrum\Seismic waveform 1\data2\ER_3.8.12\OKY0080011050300\OKY0080011050300Anj.UD.csv,F:\Research Work\Response Spectrum\Seismic waveform 1\data2\ER_3.8.12\OKY0080011050300,0.0002384185791015,719,7.19,719,1318,6.0,600,100.0,0.05,0.1,0.3,2.5,Duhamel,100,0.01,4.0,OKY008,34.8701,133.9036,2000/11/05,03:00:00,2000/11/05,03:00:50,119,2000/11/05,03:00:00,35.19,133.425,3.8,12,100,8.388,7.099,1.525,62,0.0002384185791015,2000.0,8388608.0,185,56.252106
F:\Research Work\Response Spectrum\Seismic waveform 1\data2\ER_3.8.12\OKY0100011050300\OKY0100011050300Anj.NS.csv,F:\Research Work\Response Spectrum\Seismic waveform 1\data2\ER_3.8.12\OKY0100011050300\OKY0100011050300Anj.EW.csv,F:\Research Work\Response Spectrum\Seismic waveform 1\data2\ER_3.8.12\OKY0100011050300\OKY0100011050300Anj.UD.csv,F:\Research Work\Response Spectrum\Seismic waveform 1\data2\ER_3.8.12\OKY0100011050300,0.0002384185791015,387,3.87,387,986,6.0,600,100.0,0.05,0.1,0.3,2.5,Duhamel,100,0.01,4.0,OKY010,34.7454,134.1884,2000/11/05,03:00:00,2000/11/05,03:00:58,119,2000/11/05,03:00:00,35.19,133.425,3.8,12,100,2.887,2.035,0.929,2,0.0002384185791015,2000.0,8388608.0,186,85.33963
F:\Research Work\Response Spectrum\Seismic waveform 1\data2\ER_3.8.12\OKY0110011050300\OKY0110011050300Anj.NS.csv,F:\Research Work\Response Spectrum\Seismic waveform 1\data2\ER_3.8.12\OKY0110011050300\OKY0110011050300Anj.EW.csv,F:\Research Work\Response Spectrum\Seismic waveform 1\data2\ER_3.8.12\OKY0110011050300\OKY0110011050300Anj.UD.csv,F:\Research Work\Response Spectrum\Seismic waveform 1\data2\ER_3.8.12\OKY0110011050300,0.0002384185791015,515,5.15,515,1114,6.0,600,100.0,0.05,0.1,0.3,2.5,Duhamel,100,0.01,4.0,OKY011,34.654,133.9067,2000/11/05,03:00:00,2000/11/05,03:00:55,119,2000/11/05,03:00:00,35.19,133.425,3.8,12,100,3.236,5.706,1.094,2,0.0002384185791015,2000.0,8388608.0,187,74.03339
F:\Research Work\Response Spectrum\Seismic waveform 1\data2\ER_3.8.12\OKY0130011050300\OKY0130011050300Anj.NS.csv,F:\Research Work\Response Spectrum\Seismic waveform 1\data2\ER_3.8.12\OKY0130011050300\OKY0130011050300Anj.EW.csv,F:\Research Work\Response Spectrum\Seismic waveform 1\data2\ER_3.8.12\OKY0130011050300\OKY0130011050300Anj.UD.csv,F:\Research Work\Response Spectrum\Seismic waveform 1\data2\ER_3.8.12\OKY0130011050300,0.0002384185791015,348,3.48,348,947,6.0,600,100.0,0.05,0.1,0.3,2.5,Duhamel,100,0.01,4.0,OKY013,34.5095,133.5099,2000/11/05,03:00:00,2000/11/05,03:00:57,119,2000/11/05,03:00:00,35.19,133.425,3.8,12,100,2.847,1.915,1.045,6,0.0002384185791015,2000.0,8388608.0,188,76.06371
F:\Research Work\Response Spectrum\Seismic waveform 1\data2\ER_3.8.12\SMN0030011050300\SMN0030011050300Anj.NS.csv,F:\Research Work\Response Spectrum\Seismic waveform 1\data2\ER_3.8.12\SMN0030011050300\SMN0030011050300Anj.EW.csv,F:\Research Work\Response Spectrum\Seismic waveform 1\data2\ER_3.8.12\SMN0030011050300\SMN0030011050300Anj.UD.csv,F:\Research Work\Response Spectrum\Seismic waveform 1\data2\ER_3.8.12\SMN0030011050300,0.0002384185791015,187,1.87,187,786,6.0,600,100.0,0.05,0.1,0.3,2.5,Duhamel,100,0.01,4.0,SMN003,35.1795,133.0929,2000/11/05,03:00:00,2000/11/05,03:00:42,120,2000/11/05,03:00:00,35.19,133.425,3.8,12,100,5.033,4.514,2.325,332,0.0002384185791015,2000.0,8388608.0,189,30.203617
F:\Research Work\Response Spectrum\Seismic waveform 1\data2\ER_3.8.12\SMN0040011050300\SMN0040011050300Anj.NS.csv,F:\Research Work\Response Spectrum\Seismic waveform 1\data2\ER_3.8.12\SMN0040011050300\SMN0040011050300Anj.EW.csv,F:\Research Work\Response Spectrum\Seismic waveform 1\data2\ER_3.8.12\SMN0040011050300\SMN0040011050300Anj.UD.csv,F:\Research Work\Response Spectrum\Seismic waveform 1\data2\ER_3.8.12\SMN0040011050300,0.0002384185791015,1476,14.76,1476,2075,6.0,600,100.0,0.05,0.1,0.3,2.5,Duhamel,100,0.01,4.0,SMN004,35.2881,132.9004,2000/11/05,03:00:00,2000/11/05,03:00:41,119,2000/11/05,03:00:00,35.19,133.425,3.8,12,100,2.212,1.878,3.436,45,0.0002384185791015,2000.0,8388608.0,190,48.876198
F:\Research Work\Response Spectrum\Seismic waveform 1\data2\ER_3.8.12\SMN0080011050300\SMN0080011050300Anj.NS.csv,F:\Research Work\Response Spectrum\Seismic waveform 1\data2\ER_3.8.12\SMN0080011050300\SMN0080011050300Anj.EW.csv,F:\Research Work\Response Spectrum\Seismic waveform 1\data2\ER_3.8.12\SMN0080011050300\SMN0080011050300Anj.UD.csv,F:\Research Work\Response Spectrum\Seismic waveform 1\data2\ER_3.8.12\SMN0080011050300,0.0002384185791015,344,3.44,344,943,6.0,600,100.0,0.05,0.1,0.3,2.5,Duhamel,100,0.01,4.0,SMN008,34.8523,132.5308,2000/11/05,03:00:00,2000/11/05,03:00:59,119,2000/11/05,03:00:00,35.19,133.425,3.8,12,100,2.665,3.059,0.915,335,0.0002384185791015,2000.0,8388608.0,191,89.66834
F:\Research Work\Response Spectrum\Seismic waveform 1\data2\ER_3.8.12\TTR0050011050300\TTR0050011050300Anj.NS.csv,F:\Research Work\Response Spectrum\Seismic waveform 1\data2\ER_3.8.12\TTR0050011050300\TTR0050011050300Anj.EW.csv,F:\Research Work\Response Spectrum\Seismic waveform 1\data2\ER_3.8.12\TTR0050011050300\TTR0050011050300Anj.UD.csv,F:\Research Work\Response Spectrum\Seismic waveform 1\data2\ER_3.8.12\TTR0050011050300,0.0002384185791015,922,9.22,922,1521,6.0,600,100.0,0.05,0.1,0.3,2.5,Duhamel,100,0.01,4.0,TTR005,35.429,133.8253,2000/11/05,03:00:00,2000/11/05,03:00:46,119,2000/11/05,03:00:00,35.19,133.425,3.8,12,100,3.476,4.451,1.68,27,0.0002384185791015,2000.0,8388608.0,192,45.006924
F:\Research Work\Response Spectrum\Seismic waveform 1\data2\ER_3.8.12\TTR0070011050300\TTR0070011050300Anj.NS.csv,F:\Research Work\Response Spectrum\Seismic waveform 1\data2\ER_3.8.12\TTR0070011050300\TTR0070011050300Anj.EW.csv,F:\Research Work\Response Spectrum\Seismic waveform 1\data2\ER_3.8.12\TTR0070011050300\TTR0070011050300Anj.UD.csv,F:\Research Work\Response Spectrum\Seismic waveform 1\data2\ER_3.8.12\TTR0070011050300,0.0002384185791015,1476,14.76,1476,2075,6.0,600,100.0,0.05,0.1,0.3,2.5,Duhamel,100,0.01,4.0,TTR007,35.2826,133.4876,2000/11/05,03:00:00,2000/11/05,03:00:35,119,2000/11/05,03:00:00,35.19,133.425,3.8,12,100,40.159,53.569,24.673,155,0.0002384185791015,2000.0,8388608.0,193,11.762025
F:\Research Work\Response Spectrum\Seismic waveform 1\data2\ER_3.8.12\TTR0090011050300\TTR0090011050300Anj.NS.csv,F:\Research Work\Response Spectrum\Seismic waveform 1\data2\ER_3.8.12\TTR0090011050300\TTR0090011050300Anj.EW.csv,F:\Research Work\Response Spectrum\Seismic waveform 1\data2\ER_3.8.12\TTR0090011050300\TTR0090011050300Anj.UD.csv,F:\Research Work\Response Spectrum\Seismic waveform 1\data2\ER_3.8.12\TTR0090011050300,0.0002384185791015,1486,14.86,1486,2085,6.0,600,100.0,0.05,0.1,0.3,2.5,Duhamel,100,0.01,4.0,TTR009,35.1629,133.3063,2000/11/05,03:00:00,2000/11/05,03:00:35,119,2000/11/05,03:00:00,35.19,133.425,3.8,12,100,23.107,26.249,12.308,299,0.0002384185791015,2000.0,8388608.0,194,11.2014265
F:\Research Work\Response Spectrum\Seismic waveform 1\data2\ER_3.8.13\OKY0010012201004\OKY0010012201004Anj.NS.csv,F:\Research Work\Response Spectrum\Seismic waveform 1\data2\ER_3.8.13\OKY0010012201004\OKY0010012201004Anj.EW.csv,F:\Research Work\Response Spectrum\Seismic waveform 1\data2\ER_3.8.13\OKY0010012201004\OKY0010012201004Anj.UD.csv,F:\Research Work\Response Spectrum\Seismic waveform 1\data2\ER_3.8.13\OKY0010012201004,0.0002384185791015,792,7.92,792,1391,6.0,600,100.0,0.05,0.1,0.3,2.5,Duhamel,100,0.01,4.0,OKY001,35.1945,133.7314,2000/12/20,10:04:00,2000/12/20,10:04:49,119,2000/12/20,10:00:00,35.391,133.295,3.8,13,100,3.14,3.484,1.569,334,0.0002384185791015,2000.0,8388608.0,195,45.234085
F:\Research Work\Response Spectrum\Seismic waveform 1\data2\ER_3.8.13\OKY0050012201004\OKY0050012201004Anj.NS.csv,F:\Research Work\Response Spectrum\Seismic waveform 1\data2\ER_3.8.13\OKY0050012201004\OKY0050012201004Anj.EW.csv,F:\Research Work\Response Spectrum\Seismic waveform 1\data2\ER_3.8.13\OKY0050012201004\OKY0050012201004Anj.UD.csv,F:\Research Work\Response Spectrum\Seismic waveform 1\data2\ER_3.8.13\OKY0050012201004,0.0002384185791015,696,6.96,696,1295,6.0,600,100.0,0.05,0.1,0.3,2.5,Duhamel,100,0.01,4.0,OKY005,35.0098,133.7317,2000/12/20,10:04:00,2000/12/20,10:04:52,119,2000/12/20,10:00:00,35.391,133.295,3.8,13,100,3.228,3.372,1.146,134,0.0002384185791015,2000.0,8388608.0,196,58.061504
F:\Research Work\Response Spectrum\Seismic waveform 1\data2\ER_3.8.13\SMN0010012201004\SMN0010012201004Anj.NS.csv,F:\Research Work\Response Spectrum\Seismic waveform 1\data2\ER_3.8.13\SMN0010012201004\SMN0010012201004Anj.EW.csv,F:\Research Work\Response Spectrum\Seismic waveform 1\data2\ER_3.8.13\SMN0010012201004\SMN0010012201004Anj.UD.csv,F:\Research Work\Response Spectrum\Seismic waveform 1\data2\ER_3.8.13\SMN0010012201004,0.0002384185791015,1179,11.79,1179,1778,6.0,600,100.0,0.05,0.1,0.3,2.5,Duhamel,100,0.01,4.0,SMN001,35.5372,133.1612,2000/12/20,10:04:00,2000/12/20,10:04:41,119,2000/12/20,10:00:00,35.391,133.295,3.8,13,100,18.537,29.598,5.083,2,0.0002384185791015,2000.0,8388608.0,197,20.276077
F:\Research Work\Response Spectrum\Seismic waveform 1\data2\ER_3.8.13\SMN0020012201004\SMN0020012201004Anj.NS.csv,F:\Research Work\Response Spectrum\Seismic waveform 1\data2\ER_3.8.13\SMN0020012201004\SMN0020012201004Anj.EW.csv,F:\Research Work\Response Spectrum\Seismic waveform 1\data2\ER_3.8.13\SMN0020012201004\SMN0020012201004Anj.UD.csv,F:\Research Work\Response Spectrum\Seismic waveform 1\data2\ER_3.8.13\SMN0020012201004,0.0002384185791015,617,6.17,617,1216,6.0,600,100.0,0.05,0.1,0.3,2.5,Duhamel,100,0.01,4.0,SMN002,35.4714,133.0682,2000/12/20,10:04:00,2000/12/20,10:04:42,119,2000/12/20,10:00:00,35.391,133.295,3.8,13,100,8.272,6.926,2.663,2,0.0002384185791015,2000.0,8388608.0,198,22.409283
F:\Research Work\Response Spectrum\Seismic waveform 1\data2\ER_3.8.13\SMN0150012201004\SMN0150012201004Anj.NS.csv,F:\Research Work\Response Spectrum\Seismic waveform 1\data2\ER_3.8.13\SMN0150012201004\SMN0150012201004Anj.EW.csv,F:\Research Work\Response Spectrum\Seismic waveform 1\data2\ER_3.8.13\SMN0150012201004\SMN0150012201004Anj.UD.csv,F:\Research Work\Response Spectrum\Seismic waveform 1\data2\ER_3.8.13\SMN0150012201004,0.0002384185791015,1235,12.35,1235,1834,6.0,600,100.0,0.05,0.1,0.3,2.5,Duhamel,100,0.01,4.0,SMN015,35.3644,133.1704,2000/12/20,10:04:00,2000/12/20,10:04:39,119,2000/12/20,10:00:00,35.391,133.295,3.8,13,100,5.467,3.862,1.841,32,0.0002384185791015,2000.0,8388608.0,199,11.677425
F:\Research Work\Response Spectrum\Seismic waveform 1\data2\ER_3.8.13\TTR0070012201004\TTR0070012201004Anj.NS.csv,F:\Research Work\Response Spectrum\Seismic waveform 1\data2\ER_3.8.13\TTR0070012201004\TTR0070012201004Anj.EW.csv,F:\Research Work\Response Spectrum\Seismic waveform 1\data2\ER_3.8.13\TTR0070012201004\TTR0070012201004Anj.UD.csv,F:\Research Work\Response Spectrum\Seismic waveform 1\data2\ER_3.8.13\TTR0070012201004,0.0002384185791015,1401,14.01,1401,2000,6.0,600,100.0,0.05,0.1,0.3,2.5,Duhamel,100,0.01,4.0,TTR007,35.2826,133.4876,2000/12/20,10:04:00,2000/12/20,10:04:39,119,2000/12/20,10:00:00,35.391,133.295,3.8,13,100,17.762,17.243,9.062,155,0.0002384185791015,2000.0,8388608.0,200,21.225174
F:\Research Work\Response Spectrum\Seismic waveform 1\data2\ER_3.8.13\TTR0080012201004\TTR0080012201004Anj.NS.csv,F:\Research Work\Response Spectrum\Seismic waveform 1\data2\ER_3.8.13\TTR0080012201004\TTR0080012201004Anj.EW.csv,F:\Research Work\Response Spectrum\Seismic waveform 1\data2\ER_3.8.13\TTR0080012201004\TTR0080012201004Anj.UD.csv,F:\Research Work\Response Spectrum\Seismic waveform 1\data2\ER_3.8.13\TTR0080012201004,0.0002384185791015,1062,10.62,1062,1661,6.0,600,100.0,0.05,0.1,0.3,2.5,Duhamel,100,0.01,4.0,TTR008,35.4258,133.3301,2000/12/20,10:04:00,2000/12/20,10:04:36,119,2000/12/20,10:00:00,35.391,133.295,3.8,13,100,29.608,39.083,37.974,2,0.0002384185791015,2000.0,8388608.0,201,5.0092764
F:\Research Work\Response Spectrum\Seismic waveform 1\data2\ER_3.8.3\HRS0059912220817\HRS0059912220817Anj.NS.csv,F:\Research Work\Response Spectrum\Seismic waveform 1\data2\ER_3.8.3\HRS0059912220817\HRS0059912220817Anj.EW.csv,F:\Research Work\Response Spectrum\Seismic waveform 1\data2\ER_3.8.3\HRS0059912220817\HRS0059912220817Anj.UD.csv,F:\Research Work\Response Spectrum\Seismic waveform 1\data2\ER_3.8.3\HRS0059912220817,0.0002384185791015,881,8.81,881,1480,6.0,600,100.0,0.05,0.1,0.3,2.5,Duhamel,100,0.01,4.0,HRS005,34.777,133.2807,1999/12/22,08:17:00,1999/12/22,08:17:30,119,1999/12/22,08:00:00,34.391,133.445,3.8,15,100,5.064,4.207,3.493,480,0.0002384185791015,2000.0,8388608.0,211,45.48037
F:\Research Work\Response Spectrum\Seismic waveform 1\data2\ER_3.8.3\HRS0219912220817\HRS0219912220817Anj.NS.csv,F:\Research Work\Response Spectrum\Seismic waveform 1\data2\ER_3.8.3\HRS0219912220817\HRS0219912220817Anj.EW.csv,F:\Research Work\Response Spectrum\Seismic waveform 1\data2\ER_3.8.3\HRS0219912220817\HRS0219912220817Anj.UD.csv,F:\Research Work\Response Spectrum\Seismic waveform 1\data2\ER_3.8.3\HRS0219912220817,0.0002384185791015,567,5.67,567,1166,6.0,600,100.0,0.05,0.1,0.3,2.5,Duhamel,100,0.01,4.0,HRS021,34.9529,133.1171,1999/12/22,08:17:00,1999/12/22,08:17:36,119,1999/12/22,08:00:00,34.391,133.445,3.8,15,100,9.447,19.323,3.684,325,0.0002384185791015,2000.0,8388608.0,212,69.303375
F:\Research Work\Response Spectrum\Seismic waveform 1\data2\ER_3.8.3\KGW0039912220817\KGW0039912220817Anj.NS.csv,F:\Research Work\Response Spectrum\Seismic waveform 1\data2\ER_3.8.3\KGW0039912220817\KGW0039912220817Anj.EW.csv,F:\Research Work\Response Spectrum\Seismic waveform 1\data2\ER_3.8.3\KGW0039912220817\KGW0039912220817Anj.UD.csv,F:\Research Work\Response Spectrum\Seismic waveform 1\data2\ER_3.8.3\KGW0039912220817,0.0002384185791015,767,7.67,767,1366,6.0,600,100.0,0.05,0.1,0.3,2.5,Duhamel,100,0.01,4.0,KGW003,34.2652,133.7896,1999/12/22,08:17:00,1999/12/22,08:17:29,119,1999/12/22,08:00:00,34.391,133.445,3.8,15,100,3.503,3.158,2.109,12,0.0002384185791015,2000.0,8388608.0,213,34.597572
F:\Research Work\Response Spectrum\Seismic waveform 1\data2\ER_3.8.3\KGW0059912220817\KGW0059912220817Anj.NS.csv,F:\Research Work\Response Spectrum\Seismic waveform 1\data2\ER_3.8.3\KGW0059912220817\KGW0059912220817Anj.EW.csv,F:\Research Work\Response Spectrum\Seismic waveform 1\data2\ER_3.8.3\KGW0059912220817\KGW0059912220817Anj.UD.csv,F:\Research Work\Response Spectrum\Seismic waveform 1\data2\ER_3.8.3\KGW0059912220817,0.0002384185791015,987,9.87,987,1586,6.0,600,100.0,0.05,0.1,0.3,2.5,Duhamel,100,0.01,4.0,KGW005,34.1138,133.6354,1999/12/22,08:17:00,1999/12/22,08:17:27,119,1999/12/22,08:00:00,34.391,133.445,3.8,15,100,4.499,3.354,2.351,2,0.0002384185791015,2000.0,8388608.0,214,35.44444
F:\Research Work\Response Spectrum\Seismic waveform 1\data2\ER_3.8.3\KGW0089912220817\KGW0089912220817Anj.NS.csv,F:\Research Work\Response Spectrum\Seismic waveform 1\data2\ER_3.8.3\KGW0089912220817\KGW0089912220817Anj.EW.csv,F:\Research Work\Response Spectrum\Seismic waveform 1\data2\ER_3.8.3\KGW0089912220817\KGW0089912220817Anj.UD.csv,F:\Research Work\Response Spectrum\Seismic waveform 1\data2\ER_3.8.3\KGW0089912220817,0.0002384185791015,829,8.29,829,1428,6.0,600,100.0,0.05,0.1,0.3,2.5,Duhamel,100,0.01,4.0,KGW008,34.1644,133.9243,1999/12/22,08:17:00,1999/12/22,08:17:31,119,1999/12/22,08:00:00,34.391,133.445,3.8,15,100,3.12,3.36,0.998,2,0.0002384185791015,2000.0,8388608.0,215,50.73774
F:\Research Work\Response Spectrum\Seismic waveform 1\data2\ER_3.8.3\OKY0049912220817\OKY0049912220817Anj.NS.csv,F:\Research Work\Response Spectrum\Seismic waveform 1\data2\ER_3.8.3\OKY0049912220817\OKY0049912220817Anj.EW.csv,F:\Research Work\Response Spectrum\Seismic waveform 1\data2\ER_3.8.3\OKY0049912220817\OKY0049912220817Anj.UD.csv,F:\Research Work\Response Spectrum\Seismic waveform 1\data2\ER_3.8.3\OKY0049912220817,0.0002384185791015,645,6.45,645,1244,6.0,600,100.0,0.05,0.1,0.3,2.5,Duhamel,100,0.01,4.0,OKY004,34.9579,133.5018,1999/12/22,08:17:00,1999/12/22,08:17:35,119,1999/12/22,08:00:00,34.391,133.445,3.8,15,100,5.243,10.396,4.666,168,0.0002384185791015,2000.0,8388608.0,216,63.250034
F:\Research Work\Response Spectrum\Seismic waveform 1\data2\ER_3.8.3\OKY0079912220817\OKY0079912220817Anj.NS.csv,F:\Research Work\Response Spectrum\Seismic waveform 1\data2\ER_3.8.3\OKY0079912220817\OKY0079912220817Anj.EW.csv,F:\Research Work\Response Spectrum\Seismic waveform 1\data2\ER_3.8.3\OKY0079912220817\OKY0079912220817Anj.UD.csv,F:\Research Work\Response Spectrum\Seismic waveform 1\data2\ER_3.8.3\OKY0079912220817,0.0002384185791015,865,8.65,865,1464,6.0,600,100.0,0.05,0.1,0.3,2.5,Duhamel,100,0.01,4.0,OKY007,34.7807,133.6121,1999/12/22,08:17:00,1999/12/22,08:17:30,119,1999/12/22,08:00:00,34.391,133.445,3.8,15,100,6.182,4.128,1.917,60,0.0002384185791015,2000.0,8388608.0,217,45.95342
F:\Research Work\Response Spectrum\Seismic waveform 1\data2\ER_3.8.3\OKY0139912220817\OKY0139912220817Anj.NS.csv,F:\Research Work\Response Spectrum\Seismic waveform 1\data2\ER_3.8.3\OKY0139912220817\OKY0139912220817Anj.EW.csv,F:\Research Work\Response Spectrum\Seismic waveform 1\data2\ER_3.8.3\OKY0139912220817\OKY0139912220817Anj.UD.csv,F:\Research Work\Response Spectrum\Seismic waveform 1\data2\ER_3.8.3\OKY0139912220817,0.0002384185791015,111,1.11,111,710,6.0,600,100.0,0.05,0.1,0.3,2.5,Duhamel,100,0.01,4.0,OKY013,34.5095,133.5099,1999/12/22,08:17:00,1999/12/22,08:17:22,119,1999/12/22,08:00:00,34.391,133.445,3.8,15,100,19.794,13.689,6.22,6,0.0002384185791015,2000.0,8388608.0,218,14.458074
F:\Research Work\Response Spectrum\Seismic waveform 1\data2\ER_3.8.3\OKY0149912220817\OKY0149912220817Anj.NS.csv,F:\Research Work\Response Spectrum\Seismic waveform 1\data2\ER_3.8.3\OKY0149912220817\OKY0149912220817Anj.EW.csv,F:\Research Work\Response Spectrum\Seismic waveform 1\data2\ER_3.8.3\OKY0149912220817\OKY0149912220817Anj.UD.csv,F:\Research Work\Response Spectrum\Seismic waveform 1\data2\ER_3.8.3\OKY0149912220817,0.0002384185791015,1039,10.39,1039,1638,6.0,600,100.0,0.05,0.1,0.3,2.5,Duhamel,100,0.01,4.0,OKY014,34.4462,133.7876,1999/12/22,08:17:00,1999/12/22,08:17:26,119,1999/12/22,08:00:00,34.391,133.445,3.8,15,100,5.694,5.264,3.22,49,0.0002384185791015,2000.0,8388608.0,219,32.019814
F:\Research Work\Response Spectrum\Seismic waveform 1\data2\ER_3.8.8\HRS0010010071027\HRS0010010071027Anj.NS.csv,F:\Research Work\Response Spectrum\Seismic waveform 1\data2\ER_3.8.8\HRS0010010071027\HRS0010010071027Anj.EW.csv,F:\Research Work\Response Spectrum\Seismic waveform 1\data2\ER_3.8.8\HRS0010010071027\HRS0010010071027Anj.UD.csv,F:\Research Work\Response Spectrum\Seismic waveform 1\data2\ER_3.8.8\HRS0010010071027,0.0002384185791015,857,8.57,857,1456,6.0,600,100.0,0.05,0.1,0.3,2.5,Duhamel,100,0.01,4.0,HRS001,35.0337,132.9018,2000/10/07,10:27:00,2000/10/07,10:27:09,119,2000/10/07,10:00:00,35.248,133.375,3.8,11,100,7.053,13.486,5.532,566,0.0002384185791015,2000.0,8388608.0,241,49.185055
F:\Research Work\Response Spectrum\Seismic waveform 1\data2\ER_3.8.8\HRS0030010071027\HRS0030010071027Anj.NS.csv,F:\Research Work\Response Spectrum\Seismic waveform 1\data2\ER_3.8.8\HRS0030010071027\HRS0030010071027Anj.EW.csv,F:\Research Work\Response Spectrum\Seismic waveform 1\data2\ER_3.8.8\HRS0030010071027\HRS0030010071027Anj.UD.csv,F:\Research Work\Response Spectrum\Seismic waveform 1\data2\ER_3.8.8\HRS0030010071027,0.0002384185791015,583,5.83,583,1182,6.0,600,100.0,0.05,0.1,0.3,2.5,Duhamel,100,0.01,4.0,HRS003,34.8143,132.8418,2000/10/07,10:27:00,2000/10/07,10:27:15,119,2000/10/07,10:00:00,35.248,133.375,3.8,11,100,2.472,2.879,0.962,156,0.0002384185791015,2000.0,8388608.0,242,68.429375
F:\Research Work\Response Spectrum\Seismic waveform 1\data2\ER_3.8.8\HRS0060010071027\HRS0060010071027Anj.NS.csv,F:\Research Work\Response Spectrum\Seismic waveform 1\data2\ER_3.8.8\HRS0060010071027\HRS0060010071027Anj.EW.csv,F:\Research Work\Response Spectrum\Seismic waveform 1\data2\ER_3.8.8\HRS0060010071027\HRS0060010071027Anj.UD.csv,F:\Research Work\Response Spectrum\Seismic waveform 1\data2\ER_3.8.8\HRS0060010071027,0.0002384185791015,133,1.33,133,732,6.0,600,100.0,0.05,0.1,0.3,2.5,Duhamel,100,0.01,4.0,HRS006,34.6659,132.4077,2000/10/07,10:27:00,2000/10/07,10:27:26,119,2000/10/07,10:00:00,35.248,133.375,3.8,11,100,1.926,2.43,1.127,371,0.0002384185791015,2000.0,8388608.0,243,109.36326
F:\Research Work\Response Spectrum\Seismic waveform 1\data2\ER_3.8.8\HRS0090010071027\HRS0090010071027Anj.NS.csv,F:\Research Work\Response Spectrum\Seismic waveform 1\data2\ER_3.8.8\HRS0090010071027\HRS0090010071027Anj.EW.csv,F:\Research Work\Response Spectrum\Seismic waveform 1\data2\ER_3.8.8\HRS0090010071027\HRS0090010071027Anj.UD.csv,F:\Research Work\Response Spectrum\Seismic waveform 1\data2\ER_3.8.8\HRS0090010071027,0.0002384185791015,2113,21.13,2113,2712,6.0,600,100.0,0.05,0.1,0.3,2.5,Duhamel,100,0.01,4.0,HRS009,34.4926,132.2794,2000/10/07,10:27:00,2000/10/07,10:27:32,119,2000/10/07,10:00:00,35.248,133.375,3.8,11,100,2.859,3.442,0.773,219,0.0002384185791015,2000.0,8388608.0,244,130.5574
F:\Research Work\Response Spectrum\Seismic waveform 1\data2\ER_3.8.8\OKY0060010071027\OKY0060010071027Anj.NS.csv,F:\Research Work\Response Spectrum\Seismic waveform 1\data2\ER_3.8.8\OKY0060010071027\OKY0060010071027Anj.EW.csv,F:\Research Work\Response Spectrum\Seismic waveform 1\data2\ER_3.8.8\OKY0060010071027\OKY0060010071027Anj.UD.csv,F:\Research Work\Response Spectrum\Seismic waveform 1\data2\ER_3.8.8\OKY0060010071027,0.0002384185791015,33,0.33,33,632,6.0,600,100.0,0.05,0.1,0.3,2.5,Duhamel,100,0.01,4.0,OKY006,35.0684,134.005,2000/10/07,10:27:00,2000/10/07,10:27:12,119,2000/10/07,10:00:00,35.248,133.375,3.8,11,100,4.878,4.087,1.968,98,0.0002384185791015,2000.0,8388608.0,245,60.654545
F:\Research Work\Response Spectrum\Seismic waveform 1\data2\ER_3.8.8\OKY0080010071027\OKY0080010071027Anj.NS.csv,F:\Research Work\Response Spectrum\Seismic waveform 1\data2\ER_3.8.8\OKY0080010071027\OKY0080010071027Anj.EW.csv,F:\Research Work\Response Spectrum\Seismic waveform 1\data2\ER_3.8.8\OKY0080010071027\OKY0080010071027Anj.UD.csv,F:\Research Work\Response Spectrum\Seismic waveform 1\data2\ER_3.8.8\OKY0080010071027,0.0002384185791015,616,6.16,616,1215,6.0,600,100.0,0.05,0.1,0.3,2.5,Duhamel,100,0.01,4.0,OKY008,34.8701,133.9036,2000/10/07,10:27:00,2000/10/07,10:27:14,120,2000/10/07,10:00:00,35.248,133.375,3.8,11,100,4.813,4.239,1.371,62,0.0002384185791015,2000.0,8388608.0,246,63.87932
F:\Research Work\Response Spectrum\Seismic waveform 1\data2\ER_3.8.8\OKY0100010071027\OKY0100010071027Anj.NS.csv,F:\Research Work\Response Spectrum\Seismic waveform 1\data2\ER_3.8.8\OKY0100010071027\OKY0100010071027Anj.EW.csv,F:\Research Work\Response Spectrum\Seismic waveform 1\data2\ER_3.8.8\OKY0100010071027\OKY0100010071027Anj.UD.csv,F:\Research Work\Response Spectrum\Seismic waveform 1\data2\ER_3.8.8\OKY0100010071027,0.0002384185791015,239,2.39,239,838,6.0,600,100.0,0.05,0.1,0.3,2.5,Duhamel,100,0.01,4.0,OKY010,34.7454,134.1884,2000/10/07,10:27:00,2000/10/07,10:27:21,119,2000/10/07,10:00:00,35.248,133.375,3.8,11,100,4.379,1.14,1.919,2,0.0002384185791015,2000.0,8388608.0,247,92.80524
F:\Research Work\Response Spectrum\Seismic waveform 1\data2\ER_3.8.8\OKY0110010071027\OKY0110010071027Anj.NS.csv,F:\Research Work\Response Spectrum\Seismic waveform 1\data2\ER_3.8.8\OKY0110010071027\OKY0110010071027Anj.EW.csv,F:\Research Work\Response Spectrum\Seismic waveform 1\data2\ER_3.8.8\OKY0110010071027\OKY0110010071027Anj.UD.csv,F:\Research Work\Response Spectrum\Seismic waveform 1\data2\ER_3.8.8\OKY0110010071027,0.0002384185791015,400,4.0,400,999,6.0,600,100.0,0.05,0.1,0.3,2.5,Duhamel,100,0.01,4.0,OKY011,34.654,133.9067,2000/10/07,10:27:00,2000/10/07,10:27:19,119,2000/10/07,10:00:00,35.248,133.375,3.8,11,100,6.019,6.97,1.728,2,0.0002384185791015,2000.0,8388608.0,248,81.919525
F:\Research Work\Response Spectrum\Seismic waveform 1\data2\ER_3.8.8\SMN0010010071027\SMN0010010071027Anj.NS.csv,F:\Research Work\Response Spectrum\Seismic waveform 1\data2\ER_3.8.8\SMN0010010071027\SMN0010010071027Anj.EW.csv,F:\Research Work\Response Spectrum\Seismic waveform 1\data2\ER_3.8.8\SMN0010010071027\SMN0010010071027Anj.UD.csv,F:\Research Work\Response Spectrum\Seismic waveform 1\data2\ER_3.8.8\SMN0010010071027,0.0002384185791015,864,8.64,864,1463,6.0,600,100.0,0.05,0.1,0.3,2.5,Duhamel,100,0.01,4.0,SMN001,35.5372,133.1612,2000/10/07,10:27:00,2000/10/07,10:27:07,119,2000/10/07,10:00:00,35.248,133.375,3.8,11,100,11.749,9.654,1.81,2,0.0002384185791015,2000.0,8388608.0,249,37.545963
F:\Research Work\Response Spectrum\Seismic waveform 1\data2\ER_3.8.8\SMN0020010071027\SMN0020010071027Anj.NS.csv,F:\Research Work\Response Spectrum\Seismic waveform 1\data2\ER_3.8.8\SMN0020010071027\SMN0020010071027Anj.EW.csv,F:\Research Work\Response Spectrum\Seismic waveform 1\data2\ER_3.8.8\SMN0020010071027\SMN0020010071027Anj.UD.csv,F:\Research Work\Response Spectrum\Seismic waveform 1\data2\ER_3.8.8\SMN0020010071027,0.0002384185791015,4234,42.34,4234,4833,6.0,600,100.0,0.05,0.1,0.3,2.5,Duhamel,100,0.01,4.0,SMN002,35.4714,133.0682,2000/10/07,10:27:00,2000/10/07,10:27:06,120,2000/10/07,10:00:00,35.248,133.375,3.8,11,100,3.488,3.048,1.07,2,0.0002384185791015,2000.0,8388608.0,250,37.29764
F:\Research Work\Response Spectrum\Seismic waveform 1\data2\ER_3.8.8\SMN0030010071027\SMN0030010071027Anj.NS.csv,F:\Research Work\Response Spectrum\Seismic waveform 1\data2\ER_3.8.8\SMN0030010071027\SMN0030010071027Anj.EW.csv,F:\Research Work\Response Spectrum\Seismic waveform 1\data2\ER_3.8.8\SMN0030010071027\SMN0030010071027Anj.UD.csv,F:\Research Work\Response Spectrum\Seismic waveform 1\data2\ER_3.8.8\SMN0030010071027,0.0002384185791015,1081,10.81,1081,1680,6.0,600,100.0,0.05,0.1,0.3,2.5,Duhamel,100,0.01,4.0,SMN003,35.1795,133.0929,2000/10/07,10:27:00,2000/10/07,10:27:03,119,2000/10/07,10:00:00,35.248,133.375,3.8,11,100,10.996,14.731,7.886,332,0.0002384185791015,2000.0,8388608.0,251,26.73587
F:\Research Work\Response Spectrum\Seismic waveform 1\data2\ER_3.8.8\SMN0080010071027\SMN0080010071027Anj.NS.csv,F:\Research Work\Response Spectrum\Seismic waveform 1\data2\ER_3.8.8\SMN0080010071027\SMN0080010071027Anj.EW.csv,F:\Research Work\Response Spectrum\Seismic waveform 1\data2\ER_3.8.8\SMN0080010071027\SMN0080010071027Anj.UD.csv,F:\Research Work\Response Spectrum\Seismic waveform 1\data2\ER_3.8.8\SMN0080010071027,0.0002384185791015,387,3.87,387,986,6.0,600,100.0,0.05,0.1,0.3,2.5,Duhamel,100,0.01,4.0,SMN008,34.8523,132.5308,2000/10/07,10:27:00,2000/10/07,10:27:20,119,2000/10/07,10:00:00,35.248,133.375,3.8,11,100,2.159,2.999,1.15,335,0.0002384185791015,2000.0,8388608.0,252,88.55164
F:\Research Work\Response Spectrum\Seismic waveform 1\data2\ER_3.8.8\TTR0050010071027\TTR0050010071027Anj.NS.csv,F:\Research Work\Response Spectrum\Seismic waveform 1\data2\ER_3.8.8\TTR0050010071027\TTR0050010071027Anj.EW.csv,F:\Research Work\Response Spectrum\Seismic waveform 1\data2\ER_3.8.8\TTR0050010071027\TTR0050010071027Anj.UD.csv,F:\Research Work\Response Spectrum\Seismic waveform 1\data2\ER_3.8.8\TTR0050010071027,0.0002384185791015,799,7.99,799,1398,6.0,600,100.0,0.05,0.1,0.3,2.5,Duhamel,100,0.01,4.0,TTR005,35.429,133.8253,2000/10/07,10:27:00,2000/10/07,10:27:08,119,2000/10/07,10:00:00,35.248,133.375,3.8,11,100,1.904,3.319,1.515,27,0.0002384185791015,2000.0,8388608.0,253,45.534718
F:\Research Work\Response Spectrum\Seismic waveform 1\data2\ER_3.8.8\TTR0060010071027\TTR0060010071027Anj.NS.csv,F:\Research Work\Response Spectrum\Seismic waveform 1\data2\ER_3.8.8\TTR0060010071027\TTR0060010071027Anj.EW.csv,F:\Research Work\Response Spectrum\Seismic waveform 1\data2\ER_3.8.8\TTR0060010071027\TTR0060010071027Anj.UD.csv,F:\Research Work\Response Spectrum\Seismic waveform 1\data2\ER_3.8.8\TTR0060010071027,0.0002384185791015,967,9.67,967,1566,6.0,600,100.0,0.05,0.1,0.3,2.5,Duhamel,100,0.01,4.0,TTR006,35.5106,133.6303,2000/10/07,10:27:00,2000/10/07,10:27:06,119,2000/10/07,10:00:00,35.248,133.375,3.8,11,100,10.423,11.833,2.027,20,0.0002384185791015,2000.0,8388608.0,254,37.260635
F:\Research Work\Response Spectrum\Seismic waveform 1\data2\ER_3.8.8\TTR0070010071027\TTR0070010071027Anj.NS.csv,F:\Research Work\Response Spectrum\Seismic waveform 1\data2\ER_3.8.8\TTR0070010071027\TTR0070010071027Anj.EW.csv,F:\Research Work\Response Spectrum\Seismic waveform 1\data2\ER_3.8.8\TTR0070010071027\TTR0070010071027Anj.UD.csv,F:\Research Work\Response Spectrum\Seismic waveform 1\data2\ER_3.8.8\TTR0070010071027,0.0002384185791015,1431,14.31,1431,2030,6.0,600,100.0,0.05,0.1,0.3,2.5,Duhamel,100,0.01,4.0,TTR007,35.2826,133.4876,2000/10/07,10:27:00,2000/10/07,10:26:57,119,2000/10/07,09:00:00,35.248,133.375,3.8,11,100,77.379,67.817,29.251,155,0.0002384185791015,2000.0,8388608.0,255,10.922872
F:\Research Work\Response Spectrum\Seismic waveform 1\data2\ER_3.8.8\TTR0090010071027\TTR0090010071027Anj.NS.csv,F:\Research Work\Response Spectrum\Seismic waveform 1\data2\ER_3.8.8\TTR0090010071027\TTR0090010071027Anj.EW.csv,F:\Research Work\Response Spectrum\Seismic waveform 1\data2\ER_3.8.8\TTR0090010071027\TTR0090010071027Anj.UD.csv,F:\Research Work\Response Spectrum\Seismic waveform 1\data2\ER_3.8.8\TTR0090010071027,0.0002384185791015,646,6.46,646,1245,6.0,600,100.0,0.05,0.1,0.3,2.5,Duhamel,100,0.01,4.0,TTR009,35.1629,133.3063,2000/10/07,10:27:00,2000/10/07,10:26:59,119,2000/10/07,07:00:00,35.248,133.375,3.8,11,100,52.599,90.011,15.076,299,0.0002384185791015,2000.0,8388608.0,256,11.335909
F:\Research Work\Response Spectrum\Seismic waveform 1\data2\ER_3.8.9\HRS0010010082059\HRS0010010082059Anj.NS.csv,F:\Research Work\Response Spectrum\Seismic waveform 1\data2\ER_3.8.9\HRS0010010082059\HRS0010010082059Anj.EW.csv,F:\Research Work\Response Spectrum\Seismic waveform 1\data2\ER_3.8.9\HRS0010010082059\HRS0010010082059Anj.UD.csv,F:\Research Work\Response Spectrum\Seismic waveform 1\data2\ER_3.8.9\HRS0010010082059,0.0002384185791015,1070,10.7,1070,1669,6.0,600,100.0,0.05,0.1,0.3,2.5,Duhamel,100,0.01,4.0,HRS001,35.0337,132.9018,2000/10/08,20:59:00,2000/10/08,20:59:24,119,2000/10/08,20:00:00,35.366,133.302,3.8,9,100,4.919,6.325,2.032,566,0.0002384185791015,2000.0,8388608.0,257,51.841858
F:\Research Work\Response Spectrum\Seismic waveform 1\data2\ER_3.8.9\HRS0090010082059\HRS0090010082059Anj.NS.csv,F:\Research Work\Response Spectrum\Seismic waveform 1\data2\ER_3.8.9\HRS0090010082059\HRS0090010082059Anj.EW.csv,F:\Research Work\Response Spectrum\Seismic waveform 1\data2\ER_3.8.9\HRS0090010082059\HRS0090010082059Anj.UD.csv,F:\Research Work\Response Spectrum\Seismic waveform 1\data2\ER_3.8.9\HRS0090010082059,0.0002384185791015,811,8.11,811,1410,6.0,600,100.0,0.05,0.1,0.3,2.5,Duhamel,100,0.01,4.0,HRS009,34.4926,132.2794,2000/10/08,20:59:00,2000/10/08,21:00:16,119,2000/10/08,21:00:00,35.366,133.302,3.8,9,100,4.189,2.564,0.675,219,0.0002384185791015,2000.0,8388608.0,258,134.61855
F:\Research Work\Response Spectrum\Seismic waveform 1\data2\ER_3.8.9\OKY0040010082059\OKY0040010082059Anj.NS.csv,F:\Research Work\Response Spectrum\Seismic waveform 1\data2\ER_3.8.9\OKY0040010082059\OKY0040010082059Anj.EW.csv,F:\Research Work\Response Spectrum\Seismic waveform 1\data2\ER_3.8.9\OKY0040010082059\OKY0040010082059Anj.UD.csv,F:\Research Work\Response Spectrum\Seismic waveform 1\data2\ER_3.8.9\OKY0040010082059,0.0002384185791015,823,8.23,823,1422,6.0,600,100.0,0.05,0.1,0.3,2.5,Duhamel,100,0.01,4.0,OKY004,34.9579,133.5018,2000/10/08,20:59:00,2000/10/08,20:59:52,119,2000/10/08,20:00:00,35.366,133.302,3.8,9,100,15.465,8.418,3.317,168,0.0002384185791015,2000.0,8388608.0,259,48.87848
F:\Research Work\Response Spectrum\Seismic waveform 1\data2\ER_3.8.9\OKY0070010082059\OKY0070010082059Anj.NS.csv,F:\Research Work\Response Spectrum\Seismic waveform 1\data2\ER_3.8.9\OKY0070010082059\OKY0070010082059Anj.EW.csv,F:\Research Work\Response Spectrum\Seismic waveform 1\data2\ER_3.8.9\OKY0070010082059\OKY0070010082059Anj.UD.csv,F:\Research Work\Response Spectrum\Seismic waveform 1\data2\ER_3.8.9\OKY0070010082059,0.0002384185791015,481,4.81,481,1080,6.0,600,100.0,0.05,0.1,0.3,2.5,Duhamel,100,0.01,4.0,OKY007,34.7807,133.6121,2000/10/08,20:59:00,2000/10/08,20:59:59,119,2000/10/08,20:00:00,35.366,133.302,3.8,9,100,1.892,3.357,0.847,60,0.0002384185791015,2000.0,8388608.0,260,70.93719
F:\Research Work\Response Spectrum\Seismic waveform 1\data2\ER_3.8.9\OKY0140010082059\OKY0140010082059Anj.NS.csv,F:\Research Work\Response Spectrum\Seismic waveform 1\data2\ER_3.8.9\OKY0140010082059\OKY0140010082059Anj.EW.csv,F:\Research Work\Response Spectrum\Seismic waveform 1\data2\ER_3.8.9\OKY0140010082059\OKY0140010082059Anj.UD.csv,F:\Research Work\Response Spectrum\Seismic waveform 1\data2\ER_3.8.9\OKY0140010082059,0.0002384185791015,707,7.07,707,1306,6.0,600,100.0,0.05,0.1,0.3,2.5,Duhamel,100,0.01,4.0,OKY014,34.4462,133.7876,2000/10/08,20:59:00,2000/10/08,21:00:10,119,2000/10/08,21:00:00,35.366,133.302,3.8,9,100,3.531,2.307,1.063,49,0.0002384185791015,2000.0,8388608.0,261,111.45123
F:\Research Work\Response Spectrum\Seismic waveform 1\data2\ER_3.8.9\SMN0010010082059\SMN0010010082059Anj.NS.csv,F:\Research Work\Response Spectrum\Seismic waveform 1\data2\ER_3.8.9\SMN0010010082059\SMN0010010082059Anj.EW.csv,F:\Research Work\Response Spectrum\Seismic waveform 1\data2\ER_3.8.9\SMN0010010082059\SMN0010010082059Anj.UD.csv,F:\Research Work\Response Spectrum\Seismic waveform 1\data2\ER_3.8.9\SMN0010010082059,0.0002384185791015,1080,10.8,1080,1679,6.0,600,100.0,0.05,0.1,0.3,2.5,Duhamel,100,0.01,4.0,SMN001,35.5372,133.1612,2000/10/08,20:59:00,2000/10/08,20:59:45,120,2000/10/08,20:00:00,35.366,133.302,3.8,9,100,21.316,16.173,4.662,2,0.0002384185791015,2000.0,8388608.0,262,22.913898
F:\Research Work\Response Spectrum\Seismic waveform 1\data2\ER_3.8.9\SMN0020010082059\SMN0020010082059Anj.NS.csv,F:\Research Work\Response Spectrum\Seismic waveform 1\data2\ER_3.8.9\SMN0020010082059\SMN0020010082059Anj.EW.csv,F:\Research Work\Response Spectrum\Seismic waveform 1\data2\ER_3.8.9\SMN0020010082059\SMN0020010082059Anj.UD.csv,F:\Research Work\Response Spectrum\Seismic waveform 1\data2\ER_3.8.9\SMN0020010082059,0.0002384185791015,1102,11.02,1102,1701,6.0,600,100.0,0.05,0.1,0.3,2.5,Duhamel,100,0.01,4.0,SMN002,35.4714,133.0682,2000/10/08,20:59:00,2000/10/08,20:59:45,119,2000/10/08,20:00:00,35.366,133.302,3.8,9,100,3.411,4.228,2.581,2,0.0002384185791015,2000.0,8388608.0,263,24.211866
F:\Research Work\Response Spectrum\Seismic waveform 1\data2\ER_3.8.9\SMN0040010082059\SMN0040010082059Anj.NS.csv,F:\Research Work\Response Spectrum\Seismic waveform 1\data2\ER_3.8.9\SMN0040010082059\SMN0040010082059Anj.EW.csv,F:\Research Work\Response Spectrum\Seismic waveform 1\data2\ER_3.8.9\SMN0040010082059\SMN0040010082059Anj.UD.csv,F:\Research Work\Response Spectrum\Seismic waveform 1\data2\ER_3.8.9\SMN0040010082059,0.0002384185791015,1029,10.29,1029,1628,6.0,600,100.0,0.05,0.1,0.3,2.5,Duhamel,100,0.01,4.0,SMN004,35.2881,132.9004,2000/10/08,20:59:00,2000/10/08,20:59:48,119,2000/10/08,20:00:00,35.366,133.302,3.8,9,100,2.644,3.464,1.574,45,0.0002384185791015,2000.0,8388608.0,264,37.44869
F:\Research Work\Response Spectrum\Seismic waveform 1\data2\ER_3.8.9\SMN0150010082059\SMN0150010082059Anj.NS.csv,F:\Research Work\Response Spectrum\Seismic waveform 1\data2\ER_3.8.9\SMN0150010082059\SMN0150010082059Anj.EW.csv,F:\Research Work\Response Spectrum\Seismic waveform 1\data2\ER_3.8.9\SMN0150010082059\SMN0150010082059Anj.UD.csv,F:\Research Work\Response Spectrum\Seismic waveform 1\data2\ER_3.8.9\SMN0150010082059,0.0002384185791015,358,3.58,358,957,6.0,600,100.0,0.05,0.1,0.3,2.5,Duhamel,100,0.01,4.0,SMN015,35.3644,133.1704,2000/10/08,20:59:00,2000/10/08,20:59:41,120,2000/10/08,20:00:00,35.366,133.302,3.8,9,100,29.851,16.766,5.075,32,0.0002384185791015,2000.0,8388608.0,265,11.9344425
F:\Research Work\Response Spectrum\Seismic waveform 1\data2\ER_3.8.9\SMN0160010082059\SMN0160010082059Anj.NS.csv,F:\Research Work\Response Spectrum\Seismic waveform 1\data2\ER_3.8.9\SMN0160010082059\SMN0160010082059Anj.EW.csv,F:\Research Work\Response Spectrum\Seismic waveform 1\data2\ER_3.8.9\SMN0160010082059\SMN0160010082059Anj.UD.csv,F:\Research Work\Response Spectrum\Seismic waveform 1\data2\ER_3.8.9\SMN0160010082059,0.0002384185791015,803,8.03,803,1402,6.0,600,100.0,0.05,0.1,0.3,2.5,Duhamel,100,0.01,4.0,SMN016,35.1957,132.8146,2000/10/08,20:59:00,2000/10/08,20:59:52,120,2000/10/08,20:00:00,35.366,133.302,3.8,9,100,6.124,5.115,2.575,210,0.0002384185791015,2000.0,8388608.0,266,48.124367
F:\Research Work\Response Spectrum\Seismic waveform 1\data2\ER_3.8.9\TTR0050010082059\TTR0050010082059Anj.NS.csv,F:\Research Work\Response Spectrum\Seismic waveform 1\data2\ER_3.8.9\TTR0050010082059\TTR0050010082059Anj.EW.csv,F:\Research Work\Response Spectrum\Seismic waveform 1\data2\ER_3.8.9\TTR0050010082059\TTR0050010082059Anj.UD.csv,F:\Research Work\Response Spectrum\Seismic waveform 1\data2\ER_3.8.9\TTR0050010082059,0.0002384185791015,803,8.03,803,1402,6.0,600,100.0,0.05,0.1,0.3,2.5,Duhamel,100,0.01,4.0,TTR005,35.429,133.8253,2000/10/08,20:59:00,2000/10/08,20:59:52,119,2000/10/08,20:00:00,35.366,133.302,3.8,9,100,2.421,4.593,0.971,27,0.0002384185791015,2000.0,8388608.0,267,47.946827
F:\Research Work\Response Spectrum\Seismic waveform 1\data2\ER_3.8.9\TTR0080010082059\TTR0080010082059Anj.NS.csv,F:\Research Work\Response Spectrum\Seismic waveform 1\data2\ER_3.8.9\TTR0080010082059\TTR0080010082059Anj.EW.csv,F:\Research Work\Response Spectrum\Seismic waveform 1\data2\ER_3.8.9\TTR0080010082059\TTR0080010082059Anj.UD.csv,F:\Research Work\Response Spectrum\Seismic waveform 1\data2\ER_3.8.9\TTR0080010082059,0.0002384185791015,447,4.47,447,1046,6.0,600,100.0,0.05,0.1,0.3,2.5,Duhamel,100,0.01,4.0,TTR008,35.4258,133.3301,2000/10/08,20:59:00,2000/10/08,20:59:39,120,2000/10/08,20:00:00,35.366,133.302,3.8,9,100,39.307,38.269,29.526,2,0.0002384185791015,2000.0,8388608.0,268,7.120589
F:\Research Work\Response Spectrum\Seismic waveform 1\data2\ER_3.9.11\HRS0010303280531\HRS0010303280531Anj.NS.csv,F:\Research Work\Response Spectrum\Seismic waveform 1\data2\ER_3.9.11\HRS0010303280531\HRS0010303280531Anj.EW.csv,F:\Research Work\Response Spectrum\Seismic waveform 1\data2\ER_3.9.11\HRS0010303280531\HRS0010303280531Anj.UD.csv,F:\Research Work\Response Spectrum\Seismic waveform 1\data2\ER_3.9.11\HRS0010303280531,0.0002384185791015,1398,13.98,1398,1997,6.0,600,100.0,0.05,0.1,0.3,2.5,Duhamel,100,0.01,4.0,HRS001,35.0337,132.9018,2003/03/28,05:31:00,2003/03/28,05:31:53,119,2003/03/28,05:00:00,35.131,132.685,3.9,12,100,7.159,9.774,7.064,566,0.0002384185791015,2000.0,8388608.0,269,22.499523
F:\Research Work\Response Spectrum\Seismic waveform 1\data2\ER_3.9.11\HRS0030303280531\HRS0030303280531Anj.NS.csv,F:\Research Work\Response Spectrum\Seismic waveform 1\data2\ER_3.9.11\HRS0030303280531\HRS0030303280531Anj.EW.csv,F:\Research Work\Response Spectrum\Seismic waveform 1\data2\ER_3.9.11\HRS0030303280531\HRS0030303280531Anj.UD.csv,F:\Research Work\Response Spectrum\Seismic waveform 1\data2\ER_3.9.11\HRS0030303280531,0.0002384185791015,960,9.6,960,1559,6.0,600,100.0,0.05,0.1,0.3,2.5,Duhamel,100,0.01,4.0,HRS003,34.8143,132.8418,2003/03/28,05:31:00,2003/03/28,05:32:00,119,2003/03/28,05:00:00,35.131,132.685,3.9,12,100,4.727,3.656,1.289,156,0.0002384185791015,2000.0,8388608.0,270,38.003204
F:\Research Work\Response Spectrum\Seismic waveform 1\data2\ER_3.9.11\HRS0080303280531\HRS0080303280531Anj.NS.csv,F:\Research Work\Response Spectrum\Seismic waveform 1\data2\ER_3.9.11\HRS0080303280531\HRS0080303280531Anj.EW.csv,F:\Research Work\Response Spectrum\Seismic waveform 1\data2\ER_3.9.11\HRS0080303280531\HRS0080303280531Anj.UD.csv,F:\Research Work\Response Spectrum\Seismic waveform 1\data2\ER_3.9.11\HRS0080303280531,0.0002384185791015,675,6.75,675,1274,6.0,600,100.0,0.05,0.1,0.3,2.5,Duhamel,100,0.01,4.0,HRS008,34.6107,132.7193,2003/03/28,05:31:00,2003/03/28,05:32:06,119,2003/03/28,05:00:00,35.131,132.685,3.9,12,100,3.624,2.386,1.054,202,0.0002384185791015,2000.0,8388608.0,271,57.93928
F:\Research Work\Response Spectrum\Seismic waveform 1\data2\ER_3.9.11\SMN0040303280531\SMN0040303280531Anj.NS.csv,F:\Research Work\Response Spectrum\Seismic waveform 1\data2\ER_3.9.11\SMN0040303280531\SMN0040303280531Anj.EW.csv,F:\Research Work\Response Spectrum\Seismic waveform 1\data2\ER_3.9.11\SMN0040303280531\SMN0040303280531Anj.UD.csv,F:\Research Work\Response Spectrum\Seismic waveform 1\data2\ER_3.9.11\SMN0040303280531,0.0002384185791015,1434,14.34,1434,2033,6.0,600,100.0,0.05,0.1,0.3,2.5,Duhamel,100,0.01,4.0,SMN004,35.2881,132.9004,2003/03/28,05:31:00,2003/03/28,05:31:53,119,2003/03/28,05:00:00,35.131,132.685,3.9,12,100,9.961,9.151,6.53,45,0.0002384185791015,2000.0,8388608.0,272,26.232023
F:\Research Work\Response Spectrum\Seismic waveform 1\data2\ER_3.9.11\SMN0070303280531\SMN0070303280531Anj.NS.csv,F:\Research Work\Response Spectrum\Seismic waveform 1\data2\ER_3.9.11\SMN0070303280531\SMN0070303280531Anj.EW.csv,F:\Research Work\Response Spectrum\Seismic waveform 1\data2\ER_3.9.11\SMN0070303280531\SMN0070303280531Anj.UD.csv,F:\Research Work\Response Spectrum\Seismic waveform 1\data2\ER_3.9.11\SMN0070303280531,0.0002384185791015,1421,14.21,1421,2020,6.0,600,100.0,0.05,0.1,0.3,2.5,Duhamel,100,0.01,4.0,SMN007,35.0807,132.5914,2003/03/28,05:31:00,2003/03/28,05:31:51,119,2003/03/28,05:00:00,35.131,132.685,3.9,12,100,80.454,105.424,38.489,67,0.0002384185791015,2000.0,8388608.0,273,10.187277
F:\Research Work\Response Spectrum\Seismic waveform 1\data2\ER_3.9.11\SMN0080303280531\SMN0080303280531Anj.NS.csv,F:\Research Work\Response Spectrum\Seismic waveform 1\data2\ER_3.9.11\SMN0080303280531\SMN0080303280531Anj.EW.csv,F:\Research Work\Response Spectrum\Seismic waveform 1\data2\ER_3.9.11\SMN0080303280531\SMN0080303280531Anj.UD.csv,F:\Research Work\Response Spectrum\Seismic waveform 1\data2\ER_3.9.11\SMN0080303280531,0.0002384185791015,993,9.93,993,1592,6.0,600,100.0,0.05,0.1,0.3,2.5,Duhamel,100,0.01,4.0,SMN008,34.8523,132.5308,2003/03/28,05:31:00,2003/03/28,05:31:59,119,2003/03/28,05:00:00,35.131,132.685,3.9,12,100,3.928,5.569,3.816,335,0.0002384185791015,2000.0,8388608.0,274,34.024902
F:\Research Work\Response Spectrum\Seismic waveform 1\data2\ER_3.9.11\SMN0090303280531\SMN0090303280531Anj.NS.csv,F:\Research Work\Response Spectrum\Seismic waveform 1\data2\ER_3.9.11\SMN0090303280531\SMN0090303280531Anj.EW.csv,F:\Research Work\Response Spectrum\Seismic waveform 1\data2\ER_3.9.11\SMN0090303280531\SMN0090303280531Anj.UD.csv,F:\Research Work\Response Spectrum\Seismic waveform 1\data2\ER_3.9.11\SMN0090303280531,0.0002384185791015,285,2.85,285,884,6.0,600,100.0,0.05,0.1,0.3,2.5,Duhamel,100,0.01,4.0,SMN009,35.0112,132.2227,2003/03/28,05:31:00,2003/03/28,05:32:02,119,2003/03/28,05:00:00,35.131,132.685,3.9,12,100,8.451,8.472,3.913,20,0.0002384185791015,2000.0,8388608.0,275,44.130726
F:\Research Work\Response Spectrum\Seismic waveform 1\data2\ER_3.9.12\HRS0010305030931\HRS0010305030931Anj.NS.csv,F:\Research Work\Response Spectrum\Seismic waveform 1\data2\ER_3.9.12\HRS0010305030931\HRS0010305030931Anj.EW.csv,F:\Research Work\Response Spectrum\Seismic waveform 1\data2\ER_3.9.12\HRS0010305030931\HRS0010305030931Anj.UD.csv,F:\Research Work\Response Spectrum\Seismic waveform 1\data2\ER_3.9.12\HRS0010305030931,0.0002384185791015,1450,14.5,1450,2049,6.0,600,100.0,0.05,0.1,0.3,2.5,Duhamel,100,0.01,4.0,HRS001,35.0337,132.9018,2003/05/03,09:31:00,2003/05/03,09:31:53,119,2003/05/03,09:00:00,35.016,132.927,3.9,7,100,87.903,188.937,68.664,566,0.0002384185791015,2000.0,8388608.0,276,3.0230901
F:\Research Work\Response Spectrum\Seismic waveform 1\data2\ER_3.9.12\HRS0020305030931\HRS0020305030931Anj.NS.csv,F:\Research Work\Response Spectrum\Seismic waveform 1\data2\ER_3.9.12\HRS0020305030931\HRS0020305030931Anj.EW.csv,F:\Research Work\Response Spectrum\Seismic waveform 1\data2\ER_3.9.12\HRS0020305030931\HRS0020305030931Anj.UD.csv,F:\Research Work\Response Spectrum\Seismic waveform 1\data2\ER_3.9.12\HRS0020305030931,0.0002384185791015,741,7.41,741,1340,6.0,600,100.0,0.05,0.1,0.3,2.5,Duhamel,100,0.01,4.0,HRS002,34.8951,133.2755,2003/05/03,09:31:00,2003/05/03,09:32:02,119,2003/05/03,09:00:00,35.016,132.927,3.9,7,100,24.396,36.599,5.989,306,0.0002384185791015,2000.0,8388608.0,277,34.48851
F:\Research Work\Response Spectrum\Seismic waveform 1\data2\ER_3.9.12\HRS0030305030931\HRS0030305030931Anj.NS.csv,F:\Research Work\Response Spectrum\Seismic waveform 1\data2\ER_3.9.12\HRS0030305030931\HRS0030305030931Anj.EW.csv,F:\Research Work\Response Spectrum\Seismic waveform 1\data2\ER_3.9.12\HRS0030305030931\HRS0030305030931Anj.UD.csv,F:\Research Work\Response Spectrum\Seismic waveform 1\data2\ER_3.9.12\HRS0030305030931,0.0002384185791015,1386,13.86,1386,1985,6.0,600,100.0,0.05,0.1,0.3,2.5,Duhamel,100,0.01,4.0,HRS003,34.8143,132.8418,2003/05/03,09:31:00,2003/05/03,09:31:57,119,2003/05/03,09:00:00,35.016,132.927,3.9,7,100,7.816,4.516,2.024,156,0.0002384185791015,2000.0,8388608.0,278,23.735329
F:\Research Work\Response Spectrum\Seismic waveform 1\data2\ER_3.9.12\HRS0050305030931\HRS0050305030931Anj.NS.csv,F:\Research Work\Response Spectrum\Seismic waveform 1\data2\ER_3.9.12\HRS0050305030931\HRS0050305030931Anj.EW.csv,F:\Research Work\Response Spectrum\Seismic waveform 1\data2\ER_3.9.12\HRS0050305030931\HRS0050305030931Anj.UD.csv,F:\Research Work\Response Spectrum\Seismic waveform 1\data2\ER_3.9.12\HRS0050305030931,0.0002384185791015,877,8.77,877,1476,6.0,600,100.0,0.05,0.1,0.3,2.5,Duhamel,100,0.01,4.0,HRS005,34.777,133.2807,2003/05/03,09:31:00,2003/05/03,09:32:05,119,2003/05/03,09:00:00,35.016,132.927,3.9,7,100,6.219,6.462,3.057,480,0.0002384185791015,2000.0,8388608.0,279,41.7949
F:\Research Work\Response Spectrum\Seismic waveform 1\data2\ER_3.9.12\HRS0210305030931\HRS0210305030931Anj.NS.csv,F:\Research Work\Response Spectrum\Seismic waveform 1\data2\ER_3.9.12\HRS0210305030931\HRS0210305030931Anj.EW.csv,F:\Research Work\Response Spectrum\Seismic waveform 1\data2\ER_3.9.12\HRS0210305030931\HRS0210305030931Anj.UD.csv,F:\Research Work\Response Spectrum\Seismic waveform 1\data2\ER_3.9.12\HRS0210305030931,0.0002384185791015,1397,13.97,1397,1996,6.0,600,100.0,0.05,0.1,0.3,2.5,Duhamel,100,0.01,4.0,HRS021,34.9529,133.1171,2003/05/03,09:31:00,2003/05/03,09:31:56,119,2003/05/03,09:00:00,35.016,132.927,3.9,7,100,23.887,35.307,10.799,325,0.0002384185791015,2000.0,8388608.0,280,18.68597
F:\Research Work\Response Spectrum\Seismic waveform 1\data2\ER_3.9.12\OKY0040305030931\OKY0040305030931Anj.NS.csv,F:\Research Work\Response Spectrum\Seismic waveform 1\data2\ER_3.9.12\OKY0040305030931\OKY0040305030931Anj.EW.csv,F:\Research Work\Response Spectrum\Seismic waveform 1\data2\ER_3.9.12\OKY0040305030931\OKY0040305030931Anj.UD.csv,F:\Research Work\Response Spectrum\Seismic waveform 1\data2\ER_3.9.12\OKY0040305030931,0.0002384185791015,838,8.38,838,1437,6.0,600,100.0,0.05,0.1,0.3,2.5,Duhamel,100,0.01,4.0,OKY004,34.9579,133.5018,2003/05/03,09:31:00,2003/05/03,09:32:07,119,2003/05/03,09:00:00,35.016,132.927,3.9,7,100,1.95,4.166,1.302,168,0.0002384185791015,2000.0,8388608.0,281,52.76127
F:\Research Work\Response Spectrum\Seismic waveform 1\data2\ER_3.9.12\OKY0130305030931\OKY0130305030931Anj.NS.csv,F:\Research Work\Response Spectrum\Seismic waveform 1\data2\ER_3.9.12\OKY0130305030931\OKY0130305030931Anj.EW.csv,F:\Research Work\Response Spectrum\Seismic waveform 1\data2\ER_3.9.12\OKY0130305030931\OKY0130305030931Anj.UD.csv,F:\Research Work\Response Spectrum\Seismic waveform 1\data2\ER_3.9.12\OKY0130305030931,0.0002384185791015,470,4.7,470,1069,6.0,600,100.0,0.05,0.1,0.3,2.5,Duhamel,100,0.01,4.0,OKY013,34.5095,133.5099,2003/05/03,09:31:00,2003/05/03,09:32:15,119,2003/05/03,09:00:00,35.016,132.927,3.9,7,100,3.199,2.231,1.341,6,0.0002384185791015,2000.0,8388608.0,282,77.506035
F:\Research Work\Response Spectrum\Seismic waveform 1\data2\ER_3.9.12\SMN0030305030931\SMN0030305030931Anj.NS.csv,F:\Research Work\Response Spectrum\Seismic waveform 1\data2\ER_3.9.12\SMN0030305030931\SMN0030305030931Anj.EW.csv,F:\Research Work\Response Spectrum\Seismic waveform 1\data2\ER_3.9.12\SMN0030305030931\SMN0030305030931Anj.UD.csv,F:\Research Work\Response Spectrum\Seismic waveform 1\data2\ER_3.9.12\SMN0030305030931,0.0002384185791015,85,0.85,85,684,6.0,600,100.0,0.05,0.1,0.3,2.5,Duhamel,100,0.01,4.0,SMN003,35.1795,133.0929,2003/05/03,09:31:00,2003/05/03,09:31:59,119,2003/05/03,09:00:00,35.016,132.927,3.9,7,100,11.657,16.953,3.085,332,0.0002384185791015,2000.0,8388608.0,283,23.628895
F:\Research Work\Response Spectrum\Seismic waveform 1\data2\ER_3.9.12\SMN0080305030931\SMN0080305030931Anj.NS.csv,F:\Research Work\Response Spectrum\Seismic waveform 1\data2\ER_3.9.12\SMN0080305030931\SMN0080305030931Anj.EW.csv,F:\Research Work\Response Spectrum\Seismic waveform 1\data2\ER_3.9.12\SMN0080305030931\SMN0080305030931Anj.UD.csv,F:\Research Work\Response Spectrum\Seismic waveform 1\data2\ER_3.9.12\SMN0080305030931,0.0002384185791015,951,9.51,951,1550,6.0,600,100.0,0.05,0.1,0.3,2.5,Duhamel,100,0.01,4.0,SMN008,34.8523,132.5308,2003/05/03,09:31:00,2003/05/03,09:32:04,120,2003/05/03,09:00:00,35.016,132.927,3.9,7,100,2.857,7.003,2.488,335,0.0002384185791015,2000.0,8388608.0,284,40.44474
F:\Research Work\Response Spectrum\Seismic waveform 1\data2\ER_3.9.12\SMN0160305030931\SMN0160305030931Anj.NS.csv,F:\Research Work\Response Spectrum\Seismic waveform 1\data2\ER_3.9.12\SMN0160305030931\SMN0160305030931Anj.EW.csv,F:\Research Work\Response Spectrum\Seismic waveform 1\data2\ER_3.9.12\SMN0160305030931\SMN0160305030931Anj.UD.csv,F:\Research Work\Response Spectrum\Seismic waveform 1\data2\ER_3.9.12\SMN0160305030931,0.0002384185791015,1444,14.44,1444,2043,6.0,600,100.0,0.05,0.1,0.3,2.5,Duhamel,100,0.01,4.0,SMN016,35.1957,132.8146,2003/05/03,09:31:00,2003/05/03,09:31:56,120,2003/05/03,09:00:00,35.016,132.927,3.9,7,100,5.3,7.655,3.364,210,0.0002384185791015,2000.0,8388608.0,285,22.44582
F:\Research Work\Response Spectrum\Seismic waveform 1\data2\ER_4.0.1\HRS0019708230835\HRS0019708230835Anj.NS.csv,F:\Research Work\Response Spectrum\Seismic waveform 1\data2\ER_4.0.1\HRS0019708230835\HRS0019708230835Anj.EW.csv,F:\Research Work\Response Spectrum\Seismic waveform 1\data2\ER_4.0.1\HRS0019708230835\HRS0019708230835Anj.UD.csv,F:\Research Work\Response Spectrum\Seismic waveform 1\data2\ER_4.0.1\HRS0019708230835,0.0002384185791015,852,8.52,852,1451,6.0,600,100.0,0.05,0.1,0.3,2.5,Duhamel,100,0.01,4.0,HRS001,35.0337,132.9018,1997/08/23,08:35:00,1997/08/23,08:35:45,59,1997/08/23,08:00:00,35.253,133.38,4.0,12,100,5.313,9.992,2.818,566,0.0002384185791015,2000.0,8388608.0,325,49.851677
F:\Research Work\Response Spectrum\Seismic waveform 1\data2\ER_4.0.1\HRS0059708230835\HRS0059708230835Anj.NS.csv,F:\Research Work\Response Spectrum\Seismic waveform 1\data2\ER_4.0.1\HRS0059708230835\HRS0059708230835Anj.EW.csv,F:\Research Work\Response Spectrum\Seismic waveform 1\data2\ER_4.0.1\HRS0059708230835\HRS0059708230835Anj.UD.csv,F:\Research Work\Response Spectrum\Seismic waveform 1\data2\ER_4.0.1\HRS0059708230835,0.0002384185791015,727,7.27,727,1326,6.0,600,100.0,0.05,0.1,0.3,2.5,Duhamel,100,0.01,4.0,HRS005,34.777,133.2807,1997/08/23,08:35:00,1997/08/23,08:35:47,59,1997/08/23,08:00:00,35.253,133.38,4.0,12,100,3.274,3.26,1.854,480,0.0002384185791015,2000.0,8388608.0,326,53.695747
F:\Research Work\Response Spectrum\Seismic waveform 1\data2\ER_4.0.1\HRS0219708230835\HRS0219708230835Anj.NS.csv,F:\Research Work\Response Spectrum\Seismic waveform 1\data2\ER_4.0.1\HRS0219708230835\HRS0219708230835Anj.EW.csv,F:\Research Work\Response Spectrum\Seismic waveform 1\data2\ER_4.0.1\HRS0219708230835\HRS0219708230835Anj.UD.csv,F:\Research Work\Response Spectrum\Seismic waveform 1\data2\ER_4.0.1\HRS0219708230835,0.0002384185791015,1028,10.28,1028,1627,6.0,600,100.0,0.05,0.1,0.3,2.5,Duhamel,100,0.01,4.0,HRS021,34.9529,133.1171,1997/08/23,08:35:00,1997/08/23,08:35:42,59,1997/08/23,08:00:00,35.253,133.38,4.0,12,100,3.351,4.247,4.199,325,0.0002384185791015,2000.0,8388608.0,327,41.054993
F:\Research Work\Response Spectrum\Seismic waveform 1\data2\ER_4.0.1\OKY0049708230835\OKY0049708230835Anj.NS.csv,F:\Research Work\Response Spectrum\Seismic waveform 1\data2\ER_4.0.1\OKY0049708230835\OKY0049708230835Anj.EW.csv,F:\Research Work\Response Spectrum\Seismic waveform 1\data2\ER_4.0.1\OKY0049708230835\OKY0049708230835Anj.UD.csv,F:\Research Work\Response Spectrum\Seismic waveform 1\data2\ER_4.0.1\OKY0049708230835,0.0002384185791015,1413,14.13,1413,2012,6.0,600,100.0,0.05,0.1,0.3,2.5,Duhamel,100,0.01,4.0,OKY004,34.9579,133.5018,1997/08/23,08:35:00,1997/08/23,08:35:37,59,1997/08/23,08:00:00,35.253,133.38,4.0,12,100,27.767,24.237,5.355,168,0.0002384185791015,2000.0,8388608.0,328,34.633762
F:\Research Work\Response Spectrum\Seismic waveform 1\data2\ER_4.0.1\OKY0069708230835\OKY0069708230835Anj.NS.csv,F:\Research Work\Response Spectrum\Seismic waveform 1\data2\ER_4.0.1\OKY0069708230835\OKY0069708230835Anj.EW.csv,F:\Research Work\Response Spectrum\Seismic waveform 1\data2\ER_4.0.1\OKY0069708230835\OKY0069708230835Anj.UD.csv,F:\Research Work\Response Spectrum\Seismic waveform 1\data2\ER_4.0.1\OKY0069708230835,0.0002384185791015,629,6.29,629,1228,6.0,600,100.0,0.05,0.1,0.3,2.5,Duhamel,100,0.01,4.0,OKY006,35.0684,134.005,1997/08/23,08:35:00,1997/08/23,08:35:49,59,1997/08/23,08:00:00,35.253,133.38,4.0,12,100,2.625,3.199,2.688,98,0.0002384185791015,2000.0,8388608.0,329,60.410522
F:\Research Work\Response Spectrum\Seismic waveform 1\data2\ER_4.0.1\OKY0089708230835\OKY0089708230835Anj.NS.csv,F:\Research Work\Response Spectrum\Seismic waveform 1\data2\ER_4.0.1\OKY0089708230835\OKY0089708230835Anj.EW.csv,F:\Research Work\Response Spectrum\Seismic waveform 1\data2\ER_4.0.1\OKY0089708230835\OKY0089708230835Anj.UD.csv,F:\Research Work\Response Spectrum\Seismic waveform 1\data2\ER_4.0.1\OKY0089708230835,0.0002384185791015,1498,14.98,1498,2097,6.0,600,100.0,0.05,0.1,0.3,2.5,Duhamel,100,0.01,4.0,OKY008,34.8701,133.9036,1997/08/23,08:35:00,1997/08/23,08:35:50,59,1997/08/23,08:00:00,35.253,133.38,4.0,12,100,2.754,2.484,1.448,62,0.0002384185791015,2000.0,8388608.0,330,63.905216
F:\Research Work\Response Spectrum\Seismic waveform 1\data2\ER_4.0.1\OKY0099708230835\OKY0099708230835Anj.NS.csv,F:\Research Work\Response Spectrum\Seismic waveform 1\data2\ER_4.0.1\OKY0099708230835\OKY0099708230835Anj.EW.csv,F:\Research Work\Response Spectrum\Seismic waveform 1\data2\ER_4.0.1\OKY0099708230835\OKY0099708230835Anj.UD.csv,F:\Research Work\Response Spectrum\Seismic waveform 1\data2\ER_4.0.1\OKY0099708230835,0.0002384185791015,2632,26.32,2632,3231,6.0,600,100.0,0.05,0.1,0.3,2.5,Duhamel,100,0.01,4.0,OKY009,34.9176,134.0923,1997/08/23,08:35:00,1997/08/23,08:35:53,59,1997/08/23,08:00:00,35.253,133.38,4.0,12,100,3.996,3.527,1.207,48,0.0002384185791015,2000.0,8388608.0,331,74.77645
F:\Research Work\Response Spectrum\Seismic waveform 1\data2\ER_4.0.1\OKY0119708230835\OKY0119708230835Anj.NS.csv,F:\Research Work\Response Spectrum\Seismic waveform 1\data2\ER_4.0.1\OKY0119708230835\OKY0119708230835Anj.EW.csv,F:\Research Work\Response Spectrum\Seismic waveform 1\data2\ER_4.0.1\OKY0119708230835\OKY0119708230835Anj.UD.csv,F:\Research Work\Response Spectrum\Seismic waveform 1\data2\ER_4.0.1\OKY0119708230835,0.0002384185791015,400,4.0,400,999,6.0,600,100.0,0.05,0.1,0.3,2.5,Duhamel,100,0.01,4.0,OKY011,34.654,133.9067,1997/08/23,08:35:00,1997/08/23,08:35:55,59,1997/08/23,08:00:00,35.253,133.38,4.0,12,100,4.818,5.995,1.524,2,0.0002384185791015,2000.0,8388608.0,332,82.10033
F:\Research Work\Response Spectrum\Seismic waveform 1\data2\ER_4.0.1\SMN0019708230835\SMN0019708230835Anj.NS.csv,F:\Research Work\Response Spectrum\Seismic waveform 1\data2\ER_4.0.1\SMN0019708230835\SMN0019708230835Anj.EW.csv,F:\Research Work\Response Spectrum\Seismic waveform 1\data2\ER_4.0.1\SMN0019708230835\SMN0019708230835Anj.UD.csv,F:\Research Work\Response Spectrum\Seismic waveform 1\data2\ER_4.0.1\SMN0019708230835,0.0002384185791015,950,9.5,950,1549,6.0,600,100.0,0.05,0.1,0.3,2.5,Duhamel,100,0.01,4.0,SMN001,35.5372,133.1612,1997/08/23,08:35:00,1997/08/23,08:35:42,59,1997/08/23,08:00:00,35.253,133.38,4.0,12,100,30.62,36.311,7.024,2,0.0002384185791015,2000.0,8388608.0,333,37.30951
F:\Research Work\Response Spectrum\Seismic waveform 1\data2\ER_4.0.1\SMN0029708230835\SMN0029708230835Anj.NS.csv,F:\Research Work\Response Spectrum\Seismic waveform 1\data2\ER_4.0.1\SMN0029708230835\SMN0029708230835Anj.EW.csv,F:\Research Work\Response Spectrum\Seismic waveform 1\data2\ER_4.0.1\SMN0029708230835\SMN0029708230835Anj.UD.csv,F:\Research Work\Response Spectrum\Seismic waveform 1\data2\ER_4.0.1\SMN0029708230835,0.0002384185791015,942,9.42,942,1541,6.0,600,100.0,0.05,0.1,0.3,2.5,Duhamel,100,0.01,4.0,SMN002,35.4714,133.0682,1997/08/23,08:35:00,1997/08/23,08:35:42,59,1997/08/23,08:00:00,35.253,133.38,4.0,12,100,7.431,7.879,2.082,2,0.0002384185791015,2000.0,8388608.0,334,37.271797
F:\Research Work\Response Spectrum\Seismic waveform 1\data2\ER_4.0.1\SMN0039708230835\SMN0039708230835Anj.NS.csv,F:\Research Work\Response Spectrum\Seismic waveform 1\data2\ER_4.0.1\SMN0039708230835\SMN0039708230835Anj.EW.csv,F:\Research Work\Response Spectrum\Seismic waveform 1\data2\ER_4.0.1\SMN0039708230835\SMN0039708230835Anj.UD.csv,F:\Research Work\Response Spectrum\Seismic waveform 1\data2\ER_4.0.1\SMN0039708230835,0.0002384185791015,1061,10.61,1061,1660,6.0,600,100.0,0.05,0.1,0.3,2.5,Duhamel,100,0.01,4.0,SMN003,35.1795,133.0929,1997/08/23,08:35:00,1997/08/23,08:35:39,59,1997/08/23,08:00:00,35.253,133.38,4.0,12,100,6.419,5.1,2.719,332,0.0002384185791015,2000.0,8388608.0,335,27.331886
F:\Research Work\Response Spectrum\Seismic waveform 1\data2\ER_4.0.1\SMN0159708230835\SMN0159708230835Anj.NS.csv,F:\Research Work\Response Spectrum\Seismic waveform 1\data2\ER_4.0.1\SMN0159708230835\SMN0159708230835Anj.EW.csv,F:\Research Work\Response Spectrum\Seismic waveform 1\data2\ER_4.0.1\SMN0159708230835\SMN0159708230835Anj.UD.csv,F:\Research Work\Response Spectrum\Seismic waveform 1\data2\ER_4.0.1\SMN0159708230835,0.0002384185791015,1172,11.72,1172,1771,6.0,600,100.0,0.05,0.1,0.3,2.5,Duhamel,100,0.01,4.0,SMN015,35.3644,133.1704,1997/08/23,08:35:00,1997/08/23,08:35:37,59,1997/08/23,08:00:00,35.253,133.38,4.0,12,100,5.177,4.625,2.196,32,0.0002384185791015,2000.0,8388608.0,336,22.697386
F:\Research Work\Response Spectrum\Seismic waveform 1\data2\ER_4.0.1\SMN0169708230835\SMN0169708230835Anj.NS.csv,F:\Research Work\Response Spectrum\Seismic waveform 1\data2\ER_4.0.1\SMN0169708230835\SMN0169708230835Anj.EW.csv,F:\Research Work\Response Spectrum\Seismic waveform 1\data2\ER_4.0.1\SMN0169708230835\SMN0169708230835Anj.UD.csv,F:\Research Work\Response Spectrum\Seismic waveform 1\data2\ER_4.0.1\SMN0169708230835,0.0002384185791015,764,7.64,764,1363,6.0,600,100.0,0.05,0.1,0.3,2.5,Duhamel,100,0.01,4.0,SMN016,35.1957,132.8146,1997/08/23,08:35:00,1997/08/23,08:35:46,59,1997/08/23,08:00:00,35.253,133.38,4.0,12,100,3.571,4.25,3.344,210,0.0002384185791015,2000.0,8388608.0,337,51.751812
F:\Research Work\Response Spectrum\Seismic waveform 1\data2\ER_4.0.1\TTR0059708230835\TTR0059708230835Anj.NS.csv,F:\Research Work\Response Spectrum\Seismic waveform 1\data2\ER_4.0.1\TTR0059708230835\TTR0059708230835Anj.EW.csv,F:\Research Work\Response Spectrum\Seismic waveform 1\data2\ER_4.0.1\TTR0059708230835\TTR0059708230835Anj.UD.csv,F:\Research Work\Response Spectrum\Seismic waveform 1\data2\ER_4.0.1\TTR0059708230835,0.0002384185791015,1343,13.43,1343,1942,6.0,600,100.0,0.05,0.1,0.3,2.5,Duhamel,100,0.01,4.0,TTR005,35.429,133.8253,1997/08/23,08:35:00,1997/08/23,08:35:44,59,1997/08/23,08:00:00,35.253,133.38,4.0,12,100,2.896,2.68,0.722,27,0.0002384185791015,2000.0,8388608.0,338,44.88202
F:\Research Work\Response Spectrum\Seismic waveform 1\data2\ER_4.0.1\TTR0069708230835\TTR0069708230835Anj.NS.csv,F:\Research Work\Response Spectrum\Seismic waveform 1\data2\ER_4.0.1\TTR0069708230835\TTR0069708230835Anj.EW.csv,F:\Research Work\Response Spectrum\Seismic waveform 1\data2\ER_4.0.1\TTR0069708230835\TTR0069708230835Anj.UD.csv,F:\Research Work\Response Spectrum\Seismic waveform 1\data2\ER_4.0.1\TTR0069708230835,0.0002384185791015,947,9.47,947,1546,6.0,600,100.0,0.05,0.1,0.3,2.5,Duhamel,100,0.01,4.0,TTR006,35.5106,133.6303,1997/08/23,08:35:00,1997/08/23,08:35:42,59,1997/08/23,08:00:00,35.253,133.38,4.0,12,100,3.109,2.913,0.91,20,0.0002384185791015,2000.0,8388608.0,339,36.542915
F:\Research Work\Response Spectrum\Seismic waveform 1\data2\ER_4.0.1\TTR0079708230835\TTR0079708230835Anj.NS.csv,F:\Research Work\Response Spectrum\Seismic waveform 1\data2\ER_4.0.1\TTR0079708230835\TTR0079708230835Anj.EW.csv,F:\Research Work\Response Spectrum\Seismic waveform 1\data2\ER_4.0.1\TTR0079708230835\TTR0079708230835Anj.UD.csv,F:\Research Work\Response Spectrum\Seismic waveform 1\data2\ER_4.0.1\TTR0079708230835,0.0002384185791015,1494,14.94,1494,2093,6.0,600,100.0,0.05,0.1,0.3,2.5,Duhamel,100,0.01,4.0,TTR007,35.2826,133.4876,1997/08/23,08:35:00,1997/08/23,08:35:32,59,1997/08/23,08:00:00,35.253,133.38,4.0,12,100,8.58,20.608,8.415,155,0.0002384185791015,2000.0,8388608.0,340,10.308205
F:\Research Work\Response Spectrum\Seismic waveform 1\data2\ER_4.0.1\TTR0089708230835\TTR0089708230835Anj.NS.csv,F:\Research Work\Response Spectrum\Seismic waveform 1\data2\ER_4.0.1\TTR0089708230835\TTR0089708230835Anj.EW.csv,F:\Research Work\Response Spectrum\Seismic waveform 1\data2\ER_4.0.1\TTR0089708230835\TTR0089708230835Anj.UD.csv,F:\Research Work\Response Spectrum\Seismic waveform 1\data2\ER_4.0.1\TTR0089708230835,0.0002384185791015,1230,12.3,1230,1829,6.0,600,100.0,0.05,0.1,0.3,2.5,Duhamel,100,0.01,4.0,TTR008,35.4258,133.3301,1997/08/23,08:35:00,1997/08/23,08:35:36,59,1997/08/23,08:00:00,35.253,133.38,4.0,12,100,9.74,12.653,5.96,2,0.0002384185791015,2000.0,8388608.0,341,19.740395
F:\Research Work\Response Spectrum\Seismic waveform 1\data2\ER_4.0.1\TTR0099708230835\TTR0099708230835Anj.NS.csv,F:\Research Work\Response Spectrum\Seismic waveform 1\data2\ER_4.0.1\TTR0099708230835\TTR0099708230835Anj.EW.csv,F:\Research Work\Response Spectrum\Seismic waveform 1\data2\ER_4.0.1\TTR0099708230835\TTR0099708230835Anj.UD.csv,F:\Research Work\Response Spectrum\Seismic waveform 1\data2\ER_4.0.1\TTR0099708230835,0.0002384185791015,1443,14.43,1443,2042,6.0,600,100.0,0.05,0.1,0.3,2.5,Duhamel,100,0.01,4.0,TTR009,35.1629,133.3063,1997/08/23,08:35:00,1997/08/23,08:35:33,59,1997/08/23,08:00:00,35.253,133.38,4.0,12,100,29.857,26.946,8.966,299,0.0002384185791015,2000.0,8388608.0,342,12.050256
F:\Research Work\Response Spectrum\Seismic waveform 1\data1\ER_3.6.10\HRS0020010210740\HRS0020010210740Anj.NS.csv,F:\Research Work\Response Spectrum\Seismic waveform 1\data1\ER_3.6.10\HRS0020010210740\HRS0020010210740Anj.EW.csv,F:\Research Work\Response Spectrum\Seismic waveform 1\data1\ER_3.6.10\HRS0020010210740\HRS0020010210740Anj.UD.csv,F:\Research Work\Response Spectrum\Seismic waveform 1\data1\ER_3.6.10\HRS0020010210740,0.0002384185791015,774,7.74,774,1373,6.0,600,100.0,0.05,0.1,0.3,2.5,Duhamel,100,0.01,4.0,HRS002,34.8951,133.2755,2000/10/21,07:40:00,2000/10/21,07:40:56,119,2000/10/21,07:00:00,35.39,133.297,3.6,12,100,6.411,3.214,0.552,306,0.0002384185791015,2000.0,8388608.0,343,55.065083
F:\Research Work\Response Spectrum\Seismic waveform 1\data1\ER_3.6.10\HRS0210010210740\HRS0210010210740Anj.NS.csv,F:\Research Work\Response Spectrum\Seismic waveform 1\data1\ER_3.6.10\HRS0210010210740\HRS0210010210740Anj.EW.csv,F:\Research Work\Response Spectrum\Seismic waveform 1\data1\ER_3.6.10\HRS0210010210740\HRS0210010210740Anj.UD.csv,F:\Research Work\Response Spectrum\Seismic waveform 1\data1\ER_3.6.10\HRS0210010210740,0.0002384185791015,1437,14.37,1437,2036,6.0,600,100.0,0.05,0.1,0.3,2.5,Duhamel,100,0.01,4.0,HRS021,34.9529,133.1171,2000/10/21,07:40:00,2000/10/21,07:40:49,119,2000/10/21,07:00:00,35.39,133.297,3.6,12,100,2.199,2.351,4.853,325,0.0002384185791015,2000.0,8388608.0,344,51.280228
F:\Research Work\Response Spectrum\Seismic waveform 1\data1\ER_3.6.10\OKY0050010210740\OKY0050010210740Anj.NS.csv,F:\Research Work\Response Spectrum\Seismic waveform 1\data1\ER_3.6.10\OKY0050010210740\OKY0050010210740Anj.EW.csv,F:\Research Work\Response Spectrum\Seismic waveform 1\data1\ER_3.6.10\OKY0050010210740\OKY0050010210740Anj.UD.csv,F:\Research Work\Response Spectrum\Seismic waveform 1\data1\ER_3.6.10\OKY0050010210740,0.0002384185791015,700,7.0,700,1299,6.0,600,100.0,0.05,0.1,0.3,2.5,Duhamel,100,0.01,4.0,OKY005,35.0098,133.7317,2000/10/21,07:40:00,2000/10/21,07:40:57,119,2000/10/21,07:00:00,35.39,133.297,3.6,12,100,2.182,3.544,1.12,134,0.0002384185791015,2000.0,8388608.0,345,57.856335
F:\Research Work\Response Spectrum\Seismic waveform 1\data1\ER_3.6.10\SMN0010010210740\SMN0010010210740Anj.NS.csv,F:\Research Work\Response Spectrum\Seismic waveform 1\data1\ER_3.6.10\SMN0010010210740\SMN0010010210740Anj.EW.csv,F:\Research Work\Response Spectrum\Seismic waveform 1\data1\ER_3.6.10\SMN0010010210740\SMN0010010210740Anj.UD.csv,F:\Research Work\Response Spectrum\Seismic waveform 1\data1\ER_3.6.10\SMN0010010210740,0.0002384185791015,1093,10.93,1093,1692,6.0,600,100.0,0.05,0.1,0.3,2.5,Duhamel,100,0.01,4.0,SMN001,35.5372,133.1612,2000/10/21,07:40:00,2000/10/21,07:40:47,119,2000/10/21,07:00:00,35.39,133.297,3.6,12,100,5.702,5.916,2.143,2,0.0002384185791015,2000.0,8388608.0,346,20.473677
F:\Research Work\Response Spectrum\Seismic waveform 1\data1\ER_3.6.10\SMN0150010210740\SMN0150010210740Anj.NS.csv,F:\Research Work\Response Spectrum\Seismic waveform 1\data1\ER_3.6.10\SMN0150010210740\SMN0150010210740Anj.EW.csv,F:\Research Work\Response Spectrum\Seismic waveform 1\data1\ER_3.6.10\SMN0150010210740\SMN0150010210740Anj.UD.csv,F:\Research Work\Response Spectrum\Seismic waveform 1\data1\ER_3.6.10\SMN0150010210740,0.0002384185791015,1245,12.45,1245,1844,6.0,600,100.0,0.05,0.1,0.3,2.5,Duhamel,100,0.01,4.0,SMN015,35.3644,133.1704,2000/10/21,07:40:00,2000/10/21,07:40:44,120,2000/10/21,07:00:00,35.39,133.297,3.6,12,100,6.196,4.272,1.839,32,0.0002384185791015,2000.0,8388608.0,347,11.825739
F:\Research Work\Response Spectrum\Seismic waveform 1\data1\ER_3.6.10\TTR0070010210740\TTR0070010210740Anj.NS.csv,F:\Research Work\Response Spectrum\Seismic waveform 1\data1\ER_3.6.10\TTR0070010210740\TTR0070010210740Anj.EW.csv,F:\Research Work\Response Spectrum\Seismic waveform 1\data1\ER_3.6.10\TTR0070010210740\TTR0070010210740Anj.UD.csv,F:\Research Work\Response Spectrum\Seismic waveform 1\data1\ER_3.6.10\TTR0070010210740,0.0002384185791015,1099,10.99,1099,1698,6.0,600,100.0,0.05,0.1,0.3,2.5,Duhamel,100,0.01,4.0,TTR007,35.2826,133.4876,2000/10/21,07:40:00,2000/10/21,07:40:47,119,2000/10/21,07:00:00,35.39,133.297,3.6,12,100,4.78,5.242,2.837,155,0.0002384185791015,2000.0,8388608.0,348,21.012793
F:\Research Work\Response Spectrum\Seismic waveform 1\data1\ER_3.6.10\TTR0080010210740\TTR0080010210740Anj.NS.csv,F:\Research Work\Response Spectrum\Seismic waveform 1\data1\ER_3.6.10\TTR0080010210740\TTR0080010210740Anj.EW.csv,F:\Research Work\Response Spectrum\Seismic waveform 1\data1\ER_3.6.10\TTR0080010210740\TTR0080010210740Anj.UD.csv,F:\Research Work\Response Spectrum\Seismic waveform 1\data1\ER_3.6.10\TTR0080010210740,0.0002384185791015,1262,12.62,1262,1861,6.0,600,100.0,0.05,0.1,0.3,2.5,Duhamel,100,0.01,4.0,TTR008,35.4258,133.3301,2000/10/21,07:40:00,2000/10/21,07:40:41,119,2000/10/21,07:00:00,35.39,133.297,3.6,12,100,12.433,13.081,10.059,2,0.0002384185791015,2000.0,8388608.0,349,4.9845314
F:\Research Work\Response Spectrum\Seismic waveform 1\data1\ER_3.6.10\TTR0090010210740\TTR0090010210740Anj.NS.csv,F:\Research Work\Response Spectrum\Seismic waveform 1\data1\ER_3.6.10\TTR0090010210740\TTR0090010210740Anj.EW.csv,F:\Research Work\Response Spectrum\Seismic waveform 1\data1\ER_3.6.10\TTR0090010210740\TTR0090010210740Anj.UD.csv,F:\Research Work\Response Spectrum\Seismic waveform 1\data1\ER_3.6.10\TTR0090010210740,0.0002384185791015,1088,10.88,1088,1687,6.0,600,100.0,0.05,0.1,0.3,2.5,Duhamel,100,0.01,4.0,TTR009,35.1629,133.3063,2000/10/21,07:40:00,2000/10/21,07:40:48,119,2000/10/21,07:00:00,35.39,133.297,3.6,12,100,4.068,3.76,1.247,299,0.0002384185791015,2000.0,8388608.0,350,25.266476
F:\Research Work\Response Spectrum\Seismic waveform 1\data1\ER_3.6.11\HRS0010010240743\HRS0010010240743Anj.NS.csv,F:\Research Work\Response Spectrum\Seismic waveform 1\data1\ER_3.6.11\HRS0010010240743\HRS0010010240743Anj.EW.csv,F:\Research Work\Response Spectrum\Seismic waveform 1\data1\ER_3.6.11\HRS0010010240743\HRS0010010240743Anj.UD.csv,F:\Research Work\Response Spectrum\Seismic waveform 1\data1\ER_3.6.11\HRS0010010240743,0.0002384185791015,803,8.03,803,1402,6.0,600,100.0,0.05,0.1,0.3,2.5,Duhamel,100,0.01,4.0,HRS001,35.0337,132.9018,2000/10/24,07:43:00,2000/10/24,07:43:51,119,2000/10/24,07:00:00,35.248,133.38,3.6,12,100,4.194,7.653,1.91,566,0.0002384185791015,2000.0,8388608.0,351,49.583267
F:\Research Work\Response Spectrum\Seismic waveform 1\data1\ER_3.6.11\HRS0030010240743\HRS0030010240743Anj.NS.csv,F:\Research Work\Response Spectrum\Seismic waveform 1\data1\ER_3.6.11\HRS0030010240743\HRS0030010240743Anj.EW.csv,F:\Research Work\Response Spectrum\Seismic waveform 1\data1\ER_3.6.11\HRS0030010240743\HRS0030010240743Anj.UD.csv,F:\Research Work\Response Spectrum\Seismic waveform 1\data1\ER_3.6.11\HRS0030010240743,0.0002384185791015,425,4.25,425,1024,6.0,600,100.0,0.05,0.1,0.3,2.5,Duhamel,100,0.01,4.0,HRS003,34.8143,132.8418,2000/10/24,07:43:00,2000/10/24,07:43:58,119,2000/10/24,07:00:00,35.248,133.38,3.6,12,100,3.388,1.55,0.89,156,0.0002384185791015,2000.0,8388608.0,352,68.753105
F:\Research Work\Response Spectrum\Seismic waveform 1\data1\ER_3.6.11\HRS0050010240743\HRS0050010240743Anj.NS.csv,F:\Research Work\Response Spectrum\Seismic waveform 1\data1\ER_3.6.11\HRS0050010240743\HRS0050010240743Anj.EW.csv,F:\Research Work\Response Spectrum\Seismic waveform 1\data1\ER_3.6.11\HRS0050010240743\HRS0050010240743Anj.UD.csv,F:\Research Work\Response Spectrum\Seismic waveform 1\data1\ER_3.6.11\HRS0050010240743,0.0002384185791015,768,7.68,768,1367,6.0,600,100.0,0.05,0.1,0.3,2.5,Duhamel,100,0.01,4.0,HRS005,34.777,133.2807,2000/10/24,07:43:00,2000/10/24,07:43:52,119,2000/10/24,07:00:00,35.248,133.38,3.6,12,100,2.636,2.056,1.172,480,0.0002384185791015,2000.0,8388608.0,353,53.147846
F:\Research Work\Response Spectrum\Seismic waveform 1\data1\ER_3.6.11\HRS0060010240743\HRS0060010240743Anj.NS.csv,F:\Research Work\Response Spectrum\Seismic waveform 1\data1\ER_3.6.11\HRS0060010240743\HRS0060010240743Anj.EW.csv,F:\Research Work\Response Spectrum\Seismic waveform 1\data1\ER_3.6.11\HRS0060010240743\HRS0060010240743Anj.UD.csv,F:\Research Work\Response Spectrum\Seismic waveform 1\data1\ER_3.6.11\HRS0060010240743,0.0002384185791015,73,0.73,73,672,6.0,600,100.0,0.05,0.1,0.3,2.5,Duhamel,100,0.01,4.0,HRS006,34.6659,132.4077,2000/10/24,07:43:00,2000/10/24,07:44:08,119,2000/10/24,07:00:00,35.248,133.38,3.6,12,100,3.555,3.156,1.521,371,0.0002384185791015,2000.0,8388608.0,354,109.73087
F:\Research Work\Response Spectrum\Seismic waveform 1\data1\ER_3.6.11\HRS0210010240743\HRS0210010240743Anj.NS.csv,F:\Research Work\Response Spectrum\Seismic waveform 1\data1\ER_3.6.11\HRS0210010240743\HRS0210010240743Anj.EW.csv,F:\Research Work\Response Spectrum\Seismic waveform 1\data1\ER_3.6.11\HRS0210010240743\HRS0210010240743Anj.UD.csv,F:\Research Work\Response Spectrum\Seismic waveform 1\data1\ER_3.6.11\HRS0210010240743,0.0002384185791015,876,8.76,876,1475,6.0,600,100.0,0.05,0.1,0.3,2.5,Duhamel,100,0.01,4.0,HRS021,34.9529,133.1171,2000/10/24,07:43:00,2000/10/24,07:43:49,119,2000/10/24,07:00:00,35.248,133.38,3.6,12,100,5.579,3.744,3.371,325,0.0002384185791015,2000.0,8388608.0,355,40.604816
F:\Research Work\Response Spectrum\Seismic waveform 1\data1\ER_3.6.11\OKY0010010240743\OKY0010010240743Anj.NS.csv,F:\Research Work\Response Spectrum\Seismic waveform 1\data1\ER_3.6.11\OKY0010010240743\OKY0010010240743Anj.EW.csv,F:\Research Work\Response Spectrum\Seismic waveform 1\data1\ER_3.6.11\OKY0010010240743\OKY0010010240743Anj.UD.csv,F:\Research Work\Response Spectrum\Seismic waveform 1\data1\ER_3.6.11\OKY0010010240743,0.0002384185791015,1430,14.3,1430,2029,6.0,600,100.0,0.05,0.1,0.3,2.5,Duhamel,100,0.01,4.0,OKY001,35.1945,133.7314,2000/10/24,07:43:00,2000/10/24,07:43:42,119,2000/10/24,07:00:00,35.248,133.38,3.6,12,100,8.438,3.598,3.347,334,0.0002384185791015,2000.0,8388608.0,356,32.47027
F:\Research Work\Response Spectrum\Seismic waveform 1\data1\ER_3.6.11\OKY0050010240743\OKY0050010240743Anj.NS.csv,F:\Research Work\Response Spectrum\Seismic waveform 1\data1\ER_3.6.11\OKY0050010240743\OKY0050010240743Anj.EW.csv,F:\Research Work\Response Spectrum\Seismic waveform 1\data1\ER_3.6.11\OKY0050010240743\OKY0050010240743Anj.UD.csv,F:\Research Work\Response Spectrum\Seismic waveform 1\data1\ER_3.6.11\OKY0050010240743,0.0002384185791015,871,8.71,871,1470,6.0,600,100.0,0.05,0.1,0.3,2.5,Duhamel,100,0.01,4.0,OKY005,35.0098,133.7317,2000/10/24,07:43:00,2000/10/24,07:43:49,119,2000/10/24,07:00:00,35.248,133.38,3.6,12,100,3.828,4.301,1.906,134,0.0002384185791015,2000.0,8388608.0,357,41.527447
F:\Research Work\Response Spectrum\Seismic waveform 1\data1\ER_3.6.11\SMN0030010240743\SMN0030010240743Anj.NS.csv,F:\Research Work\Response Spectrum\Seismic waveform 1\data1\ER_3.6.11\SMN0030010240743\SMN0030010240743Anj.EW.csv,F:\Research Work\Response Spectrum\Seismic waveform 1\data1\ER_3.6.11\SMN0030010240743\SMN0030010240743Anj.UD.csv,F:\Research Work\Response Spectrum\Seismic waveform 1\data1\ER_3.6.11\SMN0030010240743,0.0002384185791015,35,0.35,35,634,6.0,600,100.0,0.05,0.1,0.3,2.5,Duhamel,100,0.01,4.0,SMN003,35.1795,133.0929,2000/10/24,07:43:00,2000/10/24,07:43:44,119,2000/10/24,07:00:00,35.248,133.38,3.6,12,100,4.864,10.761,2.664,332,0.0002384185791015,2000.0,8388608.0,358,27.171589
F:\Research Work\Response Spectrum\Seismic waveform 1\data1\ER_3.6.11\TTR0090010240743\TTR0090010240743Anj.NS.csv,F:\Research Work\Response Spectrum\Seismic waveform 1\data1\ER_3.6.11\TTR0090010240743\TTR0090010240743Anj.EW.csv,F:\Research Work\Response Spectrum\Seismic waveform 1\data1\ER_3.6.11\TTR0090010240743\TTR0090010240743Anj.UD.csv,F:\Research Work\Response Spectrum\Seismic waveform 1\data1\ER_3.6.11\TTR0090010240743,0.0002384185791015,1403,14.03,1403,2002,6.0,600,100.0,0.05,0.1,0.3,2.5,Duhamel,100,0.01,4.0,TTR009,35.1629,133.3063,2000/10/24,07:43:00,2000/10/24,07:43:39,119,2000/10/24,07:00:00,35.248,133.38,3.6,12,100,18.599,25.854,7.49,299,0.0002384185791015,2000.0,8388608.0,359,11.592252
F:\Research Work\Response Spectrum\Seismic waveform 1\data1\ER_3.6.13\HRS0020010210740\HRS0020010210740Anj.NS.csv,F:\Research Work\Response Spectrum\Seismic waveform 1\data1\ER_3.6.13\HRS0020010210740\HRS0020010210740Anj.EW.csv,F:\Research Work\Response Spectrum\Seismic waveform 1\data1\ER_3.6.13\HRS0020010210740\HRS0020010210740Anj.UD.csv,F:\Research Work\Response Spectrum\Seismic waveform 1\data1\ER_3.6.13\HRS0020010210740,0.0002384185791015,774,7.74,774,1373,6.0,600,100.0,0.05,0.1,0.3,2.5,Duhamel,100,0.01,4.0,HRS002,34.8951,133.2755,2000/10/21,07:40:00,2000/10/21,07:40:56,119,2000/10/21,07:00:00,35.39,133.297,3.6,12,100,6.411,3.214,0.552,306,0.0002384185791015,2000.0,8388608.0,360,55.065083
F:\Research Work\Response Spectrum\Seismic waveform 1\data1\ER_3.6.13\HRS0210010210740\HRS0210010210740Anj.NS.csv,F:\Research Work\Response Spectrum\Seismic waveform 1\data1\ER_3.6.13\HRS0210010210740\HRS0210010210740Anj.EW.csv,F:\Research Work\Response Spectrum\Seismic waveform 1\data1\ER_3.6.13\HRS0210010210740\HRS0210010210740Anj.UD.csv,F:\Research Work\Response Spectrum\Seismic waveform 1\data1\ER_3.6.13\HRS0210010210740,0.0002384185791015,1437,14.37,1437,2036,6.0,600,100.0,0.05,0.1,0.3,2.5,Duhamel,100,0.01,4.0,HRS021,34.9529,133.1171,2000/10/21,07:40:00,2000/10/21,07:40:49,119,2000/10/21,07:00:00,35.39,133.297,3.6,12,100,2.199,2.351,4.853,325,0.0002384185791015,2000.0,8388608.0,361,51.280228
F:\Research Work\Response Spectrum\Seismic waveform 1\data1\ER_3.6.13\OKY0050010210740\OKY0050010210740Anj.NS.csv,F:\Research Work\Response Spectrum\Seismic waveform 1\data1\ER_3.6.13\OKY0050010210740\OKY0050010210740Anj.EW.csv,F:\Research Work\Response Spectrum\Seismic waveform 1\data1\ER_3.6.13\OKY0050010210740\OKY0050010210740Anj.UD.csv,F:\Research Work\Response Spectrum\Seismic waveform 1\data1\ER_3.6.13\OKY0050010210740,0.0002384185791015,700,7.0,700,1299,6.0,600,100.0,0.05,0.1,0.3,2.5,Duhamel,100,0.01,4.0,OKY005,35.0098,133.7317,2000/10/21,07:40:00,2000/10/21,07:40:57,119,2000/10/21,07:00:00,35.39,133.297,3.6,12,100,2.182,3.544,1.12,134,0.0002384185791015,2000.0,8388608.0,362,57.856335
F:\Research Work\Response Spectrum\Seismic waveform 1\data1\ER_3.6.13\SMN0010010210740\SMN0010010210740Anj.NS.csv,F:\Research Work\Response Spectrum\Seismic waveform 1\data1\ER_3.6.13\SMN0010010210740\SMN0010010210740Anj.EW.csv,F:\Research Work\Response Spectrum\Seismic waveform 1\data1\ER_3.6.13\SMN0010010210740\SMN0010010210740Anj.UD.csv,F:\Research Work\Response Spectrum\Seismic waveform 1\data1\ER_3.6.13\SMN0010010210740,0.0002384185791015,1093,10.93,1093,1692,6.0,600,100.0,0.05,0.1,0.3,2.5,Duhamel,100,0.01,4.0,SMN001,35.5372,133.1612,2000/10/21,07:40:00,2000/10/21,07:40:47,119,2000/10/21,07:00:00,35.39,133.297,3.6,12,100,5.702,5.916,2.143,2,0.0002384185791015,2000.0,8388608.0,363,20.473677
F:\Research Work\Response Spectrum\Seismic waveform 1\data1\ER_3.6.13\SMN0150010210740\SMN0150010210740Anj.NS.csv,F:\Research Work\Response Spectrum\Seismic waveform 1\data1\ER_3.6.13\SMN0150010210740\SMN0150010210740Anj.EW.csv,F:\Research Work\Response Spectrum\Seismic waveform 1\data1\ER_3.6.13\SMN0150010210740\SMN0150010210740Anj.UD.csv,F:\Research Work\Response Spectrum\Seismic waveform 1\data1\ER_3.6.13\SMN0150010210740,0.0002384185791015,1245,12.45,1245,1844,6.0,600,100.0,0.05,0.1,0.3,2.5,Duhamel,100,0.01,4.0,SMN015,35.3644,133.1704,2000/10/21,07:40:00,2000/10/21,07:40:44,120,2000/10/21,07:00:00,35.39,133.297,3.6,12,100,6.196,4.272,1.839,32,0.0002384185791015,2000.0,8388608.0,364,11.825739
F:\Research Work\Response Spectrum\Seismic waveform 1\data1\ER_3.6.13\TTR0070010210740\TTR0070010210740Anj.NS.csv,F:\Research Work\Response Spectrum\Seismic waveform 1\data1\ER_3.6.13\TTR0070010210740\TTR0070010210740Anj.EW.csv,F:\Research Work\Response Spectrum\Seismic waveform 1\data1\ER_3.6.13\TTR0070010210740\TTR0070010210740Anj.UD.csv,F:\Research Work\Response Spectrum\Seismic waveform 1\data1\ER_3.6.13\TTR0070010210740,0.0002384185791015,1099,10.99,1099,1698,6.0,600,100.0,0.05,0.1,0.3,2.5,Duhamel,100,0.01,4.0,TTR007,35.2826,133.4876,2000/10/21,07:40:00,2000/10/21,07:40:47,119,2000/10/21,07:00:00,35.39,133.297,3.6,12,100,4.78,5.242,2.837,155,0.0002384185791015,2000.0,8388608.0,365,21.012793
F:\Research Work\Response Spectrum\Seismic waveform 1\data1\ER_3.6.13\TTR0080010210740\TTR0080010210740Anj.NS.csv,F:\Research Work\Response Spectrum\Seismic waveform 1\data1\ER_3.6.13\TTR0080010210740\TTR0080010210740Anj.EW.csv,F:\Research Work\Response Spectrum\Seismic waveform 1\data1\ER_3.6.13\TTR0080010210740\TTR0080010210740Anj.UD.csv,F:\Research Work\Response Spectrum\Seismic waveform 1\data1\ER_3.6.13\TTR0080010210740,0.0002384185791015,1262,12.62,1262,1861,6.0,600,100.0,0.05,0.1,0.3,2.5,Duhamel,100,0.01,4.0,TTR008,35.4258,133.3301,2000/10/21,07:40:00,2000/10/21,07:40:41,119,2000/10/21,07:00:00,35.39,133.297,3.6,12,100,12.433,13.081,10.059,2,0.0002384185791015,2000.0,8388608.0,366,4.9845314
F:\Research Work\Response Spectrum\Seismic waveform 1\data1\ER_3.6.13\TTR0090010210740\TTR0090010210740Anj.NS.csv,F:\Research Work\Response Spectrum\Seismic waveform 1\data1\ER_3.6.13\TTR0090010210740\TTR0090010210740Anj.EW.csv,F:\Research Work\Response Spectrum\Seismic waveform 1\data1\ER_3.6.13\TTR0090010210740\TTR0090010210740Anj.UD.csv,F:\Research Work\Response Spectrum\Seismic waveform 1\data1\ER_3.6.13\TTR0090010210740,0.0002384185791015,1088,10.88,1088,1687,6.0,600,100.0,0.05,0.1,0.3,2.5,Duhamel,100,0.01,4.0,TTR009,35.1629,133.3063,2000/10/21,07:40:00,2000/10/21,07:40:48,119,2000/10/21,07:00:00,35.39,133.297,3.6,12,100,4.068,3.76,1.247,299,0.0002384185791015,2000.0,8388608.0,367,25.266476
F:\Research Work\Response Spectrum\Seismic waveform 1\data1\ER_3.6.14\SMN0010101021532\SMN0010101021532Anj.NS.csv,F:\Research Work\Response Spectrum\Seismic waveform 1\data1\ER_3.6.14\SMN0010101021532\SMN0010101021532Anj.EW.csv,F:\Research Work\Response Spectrum\Seismic waveform 1\data1\ER_3.6.14\SMN0010101021532\SMN0010101021532Anj.UD.csv,F:\Research Work\Response Spectrum\Seismic waveform 1\data1\ER_3.6.14\SMN0010101021532,0.0002384185791015,1116,11.16,1116,1715,6.0,600,100.0,0.05,0.1,0.3,2.5,Duhamel,100,0.01,4.0,SMN001,35.5372,133.1612,2001/01/02,15:32:00,2001/01/02,15:32:42,119,2001/01/02,15:00:00,35.371,133.305,3.6,11,100,5.187,6.932,1.591,2,0.0002384185791015,2000.0,8388608.0,368,22.609352
F:\Research Work\Response Spectrum\Seismic waveform 1\data1\ER_3.6.14\SMN0020101021532\SMN0020101021532Anj.NS.csv,F:\Research Work\Response Spectrum\Seismic waveform 1\data1\ER_3.6.14\SMN0020101021532\SMN0020101021532Anj.EW.csv,F:\Research Work\Response Spectrum\Seismic waveform 1\data1\ER_3.6.14\SMN0020101021532\SMN0020101021532Anj.UD.csv,F:\Research Work\Response Spectrum\Seismic waveform 1\data1\ER_3.6.14\SMN0020101021532,0.0002384185791015,241,2.41,241,840,6.0,600,100.0,0.05,0.1,0.3,2.5,Duhamel,100,0.01,4.0,SMN002,35.4714,133.0682,2001/01/02,15:32:00,2001/01/02,15:32:43,119,2001/01/02,15:00:00,35.371,133.305,3.6,11,100,2.597,2.3,2.023,2,0.0002384185791015,2000.0,8388608.0,369,24.18793
F:\Research Work\Response Spectrum\Seismic waveform 1\data1\ER_3.6.14\TTR0070101021532\TTR0070101021532Anj.NS.csv,F:\Research Work\Response Spectrum\Seismic waveform 1\data1\ER_3.6.14\TTR0070101021532\TTR0070101021532Anj.EW.csv,F:\Research Work\Response Spectrum\Seismic waveform 1\data1\ER_3.6.14\TTR0070101021532\TTR0070101021532Anj.UD.csv,F:\Research Work\Response Spectrum\Seismic waveform 1\data1\ER_3.6.14\TTR0070101021532,0.0002384185791015,1309,13.09,1309,1908,6.0,600,100.0,0.05,0.1,0.3,2.5,Duhamel,100,0.01,4.0,TTR007,35.2826,133.4876,2001/01/02,15:32:00,2001/01/02,15:32:38,119,2001/01/02,15:00:00,35.371,133.305,3.6,11,100,5.992,4.641,6.665,155,0.0002384185791015,2000.0,8388608.0,370,19.262348
F:\Research Work\Response Spectrum\Seismic waveform 1\data1\ER_3.6.14\TTR0080101021532\TTR0080101021532Anj.NS.csv,F:\Research Work\Response Spectrum\Seismic waveform 1\data1\ER_3.6.14\TTR0080101021532\TTR0080101021532Anj.EW.csv,F:\Research Work\Response Spectrum\Seismic waveform 1\data1\ER_3.6.14\TTR0080101021532\TTR0080101021532Anj.UD.csv,F:\Research Work\Response Spectrum\Seismic waveform 1\data1\ER_3.6.14\TTR0080101021532,0.0002384185791015,627,6.27,627,1226,6.0,600,100.0,0.05,0.1,0.3,2.5,Duhamel,100,0.01,4.0,TTR008,35.4258,133.3301,2001/01/02,15:32:00,2001/01/02,15:32:36,119,2001/01/02,15:00:00,35.371,133.305,3.6,11,100,18.598,13.558,16.378,2,0.0002384185791015,2000.0,8388608.0,371,6.5043387
F:\Research Work\Response Spectrum\Seismic waveform 1\data1\ER_3.6.14\TTR0090101021532\TTR0090101021532Anj.NS.csv,F:\Research Work\Response Spectrum\Seismic waveform 1\data1\ER_3.6.14\TTR0090101021532\TTR0090101021532Anj.EW.csv,F:\Research Work\Response Spectrum\Seismic waveform 1\data1\ER_3.6.14\TTR0090101021532\TTR0090101021532Anj.UD.csv,F:\Research Work\Response Spectrum\Seismic waveform 1\data1\ER_3.6.14\TTR0090101021532,0.0002384185791015,1154,11.54,1154,1753,6.0,600,100.0,0.05,0.1,0.3,2.5,Duhamel,100,0.01,4.0,TTR009,35.1629,133.3063,2001/01/02,15:32:00,2001/01/02,15:32:42,119,2001/01/02,15:00:00,35.371,133.305,3.6,11,100,2.301,3.06,0.978,299,0.0002384185791015,2000.0,8388608.0,372,23.139965
F:\Research Work\Response Spectrum\Seismic waveform 1\data1\ER_3.6.15\SMN0010101070256\SMN0010101070256Anj.NS.csv,F:\Research Work\Response Spectrum\Seismic waveform 1\data1\ER_3.6.15\SMN0010101070256\SMN0010101070256Anj.EW.csv,F:\Research Work\Response Spectrum\Seismic waveform 1\data1\ER_3.6.15\SMN0010101070256\SMN0010101070256Anj.UD.csv,F:\Research Work\Response Spectrum\Seismic waveform 1\data1\ER_3.6.15\SMN0010101070256,0.0002384185791015,1102,11.02,1102,1701,6.0,600,100.0,0.05,0.1,0.3,2.5,Duhamel,100,0.01,4.0,SMN001,35.5372,133.1612,2001/01/07,02:56:00,2001/01/07,02:56:19,119,2001/01/07,02:00:00,35.385,133.294,3.6,13,100,10.851,17.963,3.203,2,0.0002384185791015,2000.0,8388608.0,373,20.762476
F:\Research Work\Response Spectrum\Seismic waveform 1\data1\ER_3.6.15\SMN0020101070256\SMN0020101070256Anj.NS.csv,F:\Research Work\Response Spectrum\Seismic waveform 1\data1\ER_3.6.15\SMN0020101070256\SMN0020101070256Anj.EW.csv,F:\Research Work\Response Spectrum\Seismic waveform 1\data1\ER_3.6.15\SMN0020101070256\SMN0020101070256Anj.UD.csv,F:\Research Work\Response Spectrum\Seismic waveform 1\data1\ER_3.6.15\SMN0020101070256,0.0002384185791015,180,1.8,180,779,6.0,600,100.0,0.05,0.1,0.3,2.5,Duhamel,100,0.01,4.0,SMN002,35.4714,133.0682,2001/01/07,02:56:00,2001/01/07,02:56:19,119,2001/01/07,02:00:00,35.385,133.294,3.6,13,100,2.259,3.39,2.429,2,0.0002384185791015,2000.0,8388608.0,374,22.602345
F:\Research Work\Response Spectrum\Seismic waveform 1\data1\ER_3.6.15\SMN0150101070256\SMN0150101070256Anj.NS.csv,F:\Research Work\Response Spectrum\Seismic waveform 1\data1\ER_3.6.15\SMN0150101070256\SMN0150101070256Anj.EW.csv,F:\Research Work\Response Spectrum\Seismic waveform 1\data1\ER_3.6.15\SMN0150101070256\SMN0150101070256Anj.UD.csv,F:\Research Work\Response Spectrum\Seismic waveform 1\data1\ER_3.6.15\SMN0150101070256,0.0002384185791015,1240,12.4,1240,1839,6.0,600,100.0,0.05,0.1,0.3,2.5,Duhamel,100,0.01,4.0,SMN015,35.3644,133.1704,2001/01/07,02:56:00,2001/01/07,02:56:16,119,2001/01/07,02:00:00,35.385,133.294,3.6,13,100,7.719,7.951,2.325,32,0.0002384185791015,2000.0,8388608.0,375,11.438088
F:\Research Work\Response Spectrum\Seismic waveform 1\data1\ER_3.6.15\TTR0070101070256\TTR0070101070256Anj.NS.csv,F:\Research Work\Response Spectrum\Seismic waveform 1\data1\ER_3.6.15\TTR0070101070256\TTR0070101070256Anj.EW.csv,F:\Research Work\Response Spectrum\Seismic waveform 1\data1\ER_3.6.15\TTR0070101070256\TTR0070101070256Anj.UD.csv,F:\Research Work\Response Spectrum\Seismic waveform 1\data1\ER_3.6.15\TTR0070101070256,0.0002384185791015,1197,11.97,1197,1796,6.0,600,100.0,0.05,0.1,0.3,2.5,Duhamel,100,0.01,4.0,TTR007,35.2826,133.4876,2001/01/07,02:56:00,2001/01/07,02:56:18,119,2001/01/07,02:00:00,35.385,133.294,3.6,13,100,5.967,4.07,3.06,155,0.0002384185791015,2000.0,8388608.0,376,20.930126
F:\Research Work\Response Spectrum\Seismic waveform 1\data1\ER_3.6.15\TTR0080101070256\TTR0080101070256Anj.NS.csv,F:\Research Work\Response Spectrum\Seismic waveform 1\data1\ER_3.6.15\TTR0080101070256\TTR0080101070256Anj.EW.csv,F:\Research Work\Response Spectrum\Seismic waveform 1\data1\ER_3.6.15\TTR0080101070256\TTR0080101070256Anj.UD.csv,F:\Research Work\Response Spectrum\Seismic waveform 1\data1\ER_3.6.15\TTR0080101070256,0.0002384185791015,994,9.94,994,1593,6.0,600,100.0,0.05,0.1,0.3,2.5,Duhamel,100,0.01,4.0,TTR008,35.4258,133.3301,2001/01/07,02:56:00,2001/01/07,02:56:13,119,2001/01/07,02:00:00,35.385,133.294,3.6,13,100,15.614,18.159,13.77,2,0.0002384185791015,2000.0,8388608.0,377,5.5934696
F:\Research Work\Response Spectrum\Seismic waveform 1\data1\ER_3.6.16\HRS0020108111729\HRS0020108111729Anj.NS.csv,F:\Research Work\Response Spectrum\Seismic waveform 1\data1\ER_3.6.16\HRS0020108111729\HRS0020108111729Anj.EW.csv,F:\Research Work\Response Spectrum\Seismic waveform 1\data1\ER_3.6.16\HRS0020108111729\HRS0020108111729Anj.UD.csv,F:\Research Work\Response Spectrum\Seismic waveform 1\data1\ER_3.6.16\HRS0020108111729,0.0002384185791015,943,9.43,943,1542,6.0,600,100.0,0.05,0.1,0.3,2.5,Duhamel,100,0.01,4.0,HRS002,34.8951,133.2755,2001/08/11,17:29:00,2001/08/11,17:29:23,119,2001/08/11,17:00:00,35.281,133.325,3.6,15,100,10.321,7.586,2.421,306,0.0002384185791015,2000.0,8388608.0,378,43.145836
F:\Research Work\Response Spectrum\Seismic waveform 1\data1\ER_3.6.16\HRS0050108111729\HRS0050108111729Anj.NS.csv,F:\Research Work\Response Spectrum\Seismic waveform 1\data1\ER_3.6.16\HRS0050108111729\HRS0050108111729Anj.EW.csv,F:\Research Work\Response Spectrum\Seismic waveform 1\data1\ER_3.6.16\HRS0050108111729\HRS0050108111729Anj.UD.csv,F:\Research Work\Response Spectrum\Seismic waveform 1\data1\ER_3.6.16\HRS0050108111729,0.0002384185791015,732,7.32,732,1331,6.0,600,100.0,0.05,0.1,0.3,2.5,Duhamel,100,0.01,4.0,HRS005,34.777,133.2807,2001/08/11,17:29:00,2001/08/11,17:29:27,119,2001/08/11,17:00:00,35.281,133.325,3.6,15,100,11.656,6.192,4.23,480,0.0002384185791015,2000.0,8388608.0,379,56.187214
F:\Research Work\Response Spectrum\Seismic waveform 1\data1\ER_3.6.16\HRS0210108111729\HRS0210108111729Anj.NS.csv,F:\Research Work\Response Spectrum\Seismic waveform 1\data1\ER_3.6.16\HRS0210108111729\HRS0210108111729Anj.EW.csv,F:\Research Work\Response Spectrum\Seismic waveform 1\data1\ER_3.6.16\HRS0210108111729\HRS0210108111729Anj.UD.csv,F:\Research Work\Response Spectrum\Seismic waveform 1\data1\ER_3.6.16\HRS0210108111729,0.0002384185791015,911,9.11,911,1510,6.0,600,100.0,0.05,0.1,0.3,2.5,Duhamel,100,0.01,4.0,HRS021,34.9529,133.1171,2001/08/11,17:29:00,2001/08/11,17:29:23,119,2001/08/11,17:00:00,35.281,133.325,3.6,15,100,4.942,4.537,3.546,325,0.0002384185791015,2000.0,8388608.0,380,41.092373
F:\Research Work\Response Spectrum\Seismic waveform 1\data1\ER_3.6.16\OKY0040108111729\OKY0040108111729Anj.NS.csv,F:\Research Work\Response Spectrum\Seismic waveform 1\data1\ER_3.6.16\OKY0040108111729\OKY0040108111729Anj.EW.csv,F:\Research Work\Response Spectrum\Seismic waveform 1\data1\ER_3.6.16\OKY0040108111729\OKY0040108111729Anj.UD.csv,F:\Research Work\Response Spectrum\Seismic waveform 1\data1\ER_3.6.16\OKY0040108111729,0.0002384185791015,92,0.92,92,691,6.0,600,100.0,0.05,0.1,0.3,2.5,Duhamel,100,0.01,4.0,OKY004,34.9579,133.5018,2001/08/11,17:29:00,2001/08/11,17:29:22,119,2001/08/11,17:00:00,35.281,133.325,3.6,15,100,7.123,6.968,2.58,168,0.0002384185791015,2000.0,8388608.0,381,39.361557
F:\Research Work\Response Spectrum\Seismic waveform 1\data1\ER_3.6.16\SMN0030108111729\SMN0030108111729Anj.NS.csv,F:\Research Work\Response Spectrum\Seismic waveform 1\data1\ER_3.6.16\SMN0030108111729\SMN0030108111729Anj.EW.csv,F:\Research Work\Response Spectrum\Seismic waveform 1\data1\ER_3.6.16\SMN0030108111729\SMN0030108111729Anj.UD.csv,F:\Research Work\Response Spectrum\Seismic waveform 1\data1\ER_3.6.16\SMN0030108111729,0.0002384185791015,1120,11.2,1120,1719,6.0,600,100.0,0.05,0.1,0.3,2.5,Duhamel,100,0.01,4.0,SMN003,35.1795,133.0929,2001/08/11,17:29:00,2001/08/11,17:29:18,119,2001/08/11,17:00:00,35.281,133.325,3.6,15,100,22.548,6.248,5.135,332,0.0002384185791015,2000.0,8388608.0,382,23.912357
F:\Research Work\Response Spectrum\Seismic waveform 1\data1\ER_3.6.16\SMN0150108111729\SMN0150108111729Anj.NS.csv,F:\Research Work\Response Spectrum\Seismic waveform 1\data1\ER_3.6.16\SMN0150108111729\SMN0150108111729Anj.EW.csv,F:\Research Work\Response Spectrum\Seismic waveform 1\data1\ER_3.6.16\SMN0150108111729\SMN0150108111729Anj.UD.csv,F:\Research Work\Response Spectrum\Seismic waveform 1\data1\ER_3.6.16\SMN0150108111729,0.0002384185791015,1206,12.06,1206,1805,6.0,600,100.0,0.05,0.1,0.3,2.5,Duhamel,100,0.01,4.0,SMN015,35.3644,133.1704,2001/08/11,17:29:00,2001/08/11,17:29:16,119,2001/08/11,17:00:00,35.281,133.325,3.6,15,100,3.696,1.943,2.798,32,0.0002384185791015,2000.0,8388608.0,383,16.814613
F:\Research Work\Response Spectrum\Seismic waveform 1\data1\ER_3.6.16\TTR0070108111729\TTR0070108111729Anj.NS.csv,F:\Research Work\Response Spectrum\Seismic waveform 1\data1\ER_3.6.16\TTR0070108111729\TTR0070108111729Anj.EW.csv,F:\Research Work\Response Spectrum\Seismic waveform 1\data1\ER_3.6.16\TTR0070108111729\TTR0070108111729Anj.UD.csv,F:\Research Work\Response Spectrum\Seismic waveform 1\data1\ER_3.6.16\TTR0070108111729,0.0002384185791015,1195,11.95,1195,1794,6.0,600,100.0,0.05,0.1,0.3,2.5,Duhamel,100,0.01,4.0,TTR007,35.2826,133.4876,2001/08/11,17:29:00,2001/08/11,17:29:16,119,2001/08/11,17:00:00,35.281,133.325,3.6,15,100,12.878,12.799,5.107,155,0.0002384185791015,2000.0,8388608.0,384,14.760397
F:\Research Work\Response Spectrum\Seismic waveform 1\data1\ER_3.6.18\HRS0020111160633\HRS0020111160633Anj.NS.csv,F:\Research Work\Response Spectrum\Seismic waveform 1\data1\ER_3.6.18\HRS0020111160633\HRS0020111160633Anj.EW.csv,F:\Research Work\Response Spectrum\Seismic waveform 1\data1\ER_3.6.18\HRS0020111160633\HRS0020111160633Anj.UD.csv,F:\Research Work\Response Spectrum\Seismic waveform 1\data1\ER_3.6.18\HRS0020111160633,0.0002384185791015,805,8.05,805,1404,6.0,600,100.0,0.05,0.1,0.3,2.5,Duhamel,100,0.01,4.0,HRS002,34.8951,133.2755,2001/11/16,06:33:00,2001/11/16,06:33:20,119,2001/11/16,06:00:00,35.366,133.302,3.6,9,100,14.826,10.318,1.214,306,0.0002384185791015,2000.0,8388608.0,387,52.417118
F:\Research Work\Response Spectrum\Seismic waveform 1\data1\ER_3.6.18\HRS0050111160633\HRS0050111160633Anj.NS.csv,F:\Research Work\Response Spectrum\Seismic waveform 1\data1\ER_3.6.18\HRS0050111160633\HRS0050111160633Anj.EW.csv,F:\Research Work\Response Spectrum\Seismic waveform 1\data1\ER_3.6.18\HRS0050111160633\HRS0050111160633Anj.UD.csv,F:\Research Work\Response Spectrum\Seismic waveform 1\data1\ER_3.6.18\HRS0050111160633,0.0002384185791015,626,6.26,626,1225,6.0,600,100.0,0.05,0.1,0.3,2.5,Duhamel,100,0.01,4.0,HRS005,34.777,133.2807,2001/11/16,06:33:00,2001/11/16,06:33:24,119,2001/11/16,06:00:00,35.366,133.302,3.6,9,100,3.117,4.744,3.604,480,0.0002384185791015,2000.0,8388608.0,388,65.52249
F:\Research Work\Response Spectrum\Seismic waveform 1\data1\ER_3.6.18\HRS0210111160633\HRS0210111160633Anj.NS.csv,F:\Research Work\Response Spectrum\Seismic waveform 1\data1\ER_3.6.18\HRS0210111160633\HRS0210111160633Anj.EW.csv,F:\Research Work\Response Spectrum\Seismic waveform 1\data1\ER_3.6.18\HRS0210111160633\HRS0210111160633Anj.UD.csv,F:\Research Work\Response Spectrum\Seismic waveform 1\data1\ER_3.6.18\HRS0210111160633,0.0002384185791015,778,7.78,778,1377,6.0,600,100.0,0.05,0.1,0.3,2.5,Duhamel,100,0.01,4.0,HRS021,34.9529,133.1171,2001/11/16,06:33:00,2001/11/16,06:33:20,119,2001/11/16,06:00:00,35.366,133.302,3.6,9,100,6.434,3.369,2.018,325,0.0002384185791015,2000.0,8388608.0,389,48.91343
F:\Research Work\Response Spectrum\Seismic waveform 1\data1\ER_3.6.18\OKY0040111160633\OKY0040111160633Anj.NS.csv,F:\Research Work\Response Spectrum\Seismic waveform 1\data1\ER_3.6.18\OKY0040111160633\OKY0040111160633Anj.EW.csv,F:\Research Work\Response Spectrum\Seismic waveform 1\data1\ER_3.6.18\OKY0040111160633\OKY0040111160633Anj.UD.csv,F:\Research Work\Response Spectrum\Seismic waveform 1\data1\ER_3.6.18\OKY0040111160633,0.0002384185791015,832,8.32,832,1431,6.0,600,100.0,0.05,0.1,0.3,2.5,Duhamel,100,0.01,4.0,OKY004,34.9579,133.5018,2001/11/16,06:33:00,2001/11/16,06:33:19,119,2001/11/16,06:00:00,35.366,133.302,3.6,9,100,7.606,5.704,1.874,168,0.0002384185791015,2000.0,8388608.0,390,48.87848
F:\Research Work\Response Spectrum\Seismic waveform 1\data1\ER_3.6.18\OKY0050111160633\OKY0050111160633Anj.NS.csv,F:\Research Work\Response Spectrum\Seismic waveform 1\data1\ER_3.6.18\OKY0050111160633\OKY0050111160633Anj.EW.csv,F:\Research Work\Response Spectrum\Seismic waveform 1\data1\ER_3.6.18\OKY0050111160633\OKY0050111160633Anj.UD.csv,F:\Research Work\Response Spectrum\Seismic waveform 1\data1\ER_3.6.18\OKY0050111160633,0.0002384185791015,641,6.41,641,1240,6.0,600,100.0,0.05,0.1,0.3,2.5,Duhamel,100,0.01,4.0,OKY005,35.0098,133.7317,2001/11/16,06:33:00,2001/11/16,06:33:22,119,2001/11/16,06:00:00,35.366,133.302,3.6,9,100,2.111,2.492,0.882,134,0.0002384185791015,2000.0,8388608.0,391,55.620174
F:\Research Work\Response Spectrum\Seismic waveform 1\data1\ER_3.6.18\SMN0010111160633\SMN0010111160633Anj.NS.csv,F:\Research Work\Response Spectrum\Seismic waveform 1\data1\ER_3.6.18\SMN0010111160633\SMN0010111160633Anj.EW.csv,F:\Research Work\Response Spectrum\Seismic waveform 1\data1\ER_3.6.18\SMN0010111160633\SMN0010111160633Anj.UD.csv,F:\Research Work\Response Spectrum\Seismic waveform 1\data1\ER_3.6.18\SMN0010111160633,0.0002384185791015,1089,10.89,1089,1688,6.0,600,100.0,0.05,0.1,0.3,2.5,Duhamel,100,0.01,4.0,SMN001,35.5372,133.1612,2001/11/16,06:33:00,2001/11/16,06:33:12,119,2001/11/16,06:00:00,35.366,133.302,3.6,9,100,6.982,11.17,1.963,2,0.0002384185791015,2000.0,8388608.0,392,22.913898
F:\Research Work\Response Spectrum\Seismic waveform 1\data1\ER_3.6.18\SMN0150111160633\SMN0150111160633Anj.NS.csv,F:\Research Work\Response Spectrum\Seismic waveform 1\data1\ER_3.6.18\SMN0150111160633\SMN0150111160633Anj.EW.csv,F:\Research Work\Response Spectrum\Seismic waveform 1\data1\ER_3.6.18\SMN0150111160633\SMN0150111160633Anj.UD.csv,F:\Research Work\Response Spectrum\Seismic waveform 1\data1\ER_3.6.18\SMN0150111160633,0.0002384185791015,1294,12.94,1294,1893,6.0,600,100.0,0.05,0.1,0.3,2.5,Duhamel,100,0.01,4.0,SMN015,35.3644,133.1704,2001/11/16,06:33:00,2001/11/16,06:33:08,119,2001/11/16,06:00:00,35.366,133.302,3.6,9,100,6.404,4.837,1.635,32,0.0002384185791015,2000.0,8388608.0,393,11.9344425
F:\Research Work\Response Spectrum\Seismic waveform 1\data1\ER_3.6.18\TTR0050111160633\TTR0050111160633Anj.NS.csv,F:\Research Work\Response Spectrum\Seismic waveform 1\data1\ER_3.6.18\TTR0050111160633\TTR0050111160633Anj.EW.csv,F:\Research Work\Response Spectrum\Seismic waveform 1\data1\ER_3.6.18\TTR0050111160633\TTR0050111160633Anj.UD.csv,F:\Research Work\Response Spectrum\Seismic waveform 1\data1\ER_3.6.18\TTR0050111160633,0.0002384185791015,808,8.08,808,1407,6.0,600,100.0,0.05,0.1,0.3,2.5,Duhamel,100,0.01,4.0,TTR005,35.429,133.8253,2001/11/16,06:33:00,2001/11/16,06:33:19,119,2001/11/16,06:00:00,35.366,133.302,3.6,9,100,1.557,4.252,0.801,27,0.0002384185791015,2000.0,8388608.0,394,47.946827
F:\Research Work\Response Spectrum\Seismic waveform 1\data1\ER_3.6.18\TTR0070111160633\TTR0070111160633Anj.NS.csv,F:\Research Work\Response Spectrum\Seismic waveform 1\data1\ER_3.6.18\TTR0070111160633\TTR0070111160633Anj.EW.csv,F:\Research Work\Response Spectrum\Seismic waveform 1\data1\ER_3.6.18\TTR0070111160633\TTR0070111160633Anj.UD.csv,F:\Research Work\Response Spectrum\Seismic waveform 1\data1\ER_3.6.18\TTR0070111160633,0.0002384185791015,1439,14.39,1439,2038,6.0,600,100.0,0.05,0.1,0.3,2.5,Duhamel,100,0.01,4.0,TTR007,35.2826,133.4876,2001/11/16,06:33:00,2001/11/16,06:33:08,119,2001/11/16,06:00:00,35.366,133.302,3.6,9,100,7.843,3.974,3.416,155,0.0002384185791015,2000.0,8388608.0,395,19.223053
F:\Research Work\Response Spectrum\Seismic waveform 1\data1\ER_3.6.18\TTR0080111160633\TTR0080111160633Anj.NS.csv,F:\Research Work\Response Spectrum\Seismic waveform 1\data1\ER_3.6.18\TTR0080111160633\TTR0080111160633Anj.EW.csv,F:\Research Work\Response Spectrum\Seismic waveform 1\data1\ER_3.6.18\TTR0080111160633\TTR0080111160633Anj.UD.csv,F:\Research Work\Response Spectrum\Seismic waveform 1\data1\ER_3.6.18\TTR0080111160633,0.0002384185791015,964,9.64,964,1563,6.0,600,100.0,0.05,0.1,0.3,2.5,Duhamel,100,0.01,4.0,TTR008,35.4258,133.3301,2001/11/16,06:33:00,2001/11/16,06:33:06,119,2001/11/16,06:00:00,35.366,133.302,3.6,9,100,22.903,24.121,21.955,2,0.0002384185791015,2000.0,8388608.0,396,7.120589
F:\Research Work\Response Spectrum\Seismic waveform 1\data1\ER_3.6.22\HRS0010210240952\HRS0010210240952Anj.NS.csv,F:\Research Work\Response Spectrum\Seismic waveform 1\data1\ER_3.6.22\HRS0010210240952\HRS0010210240952Anj.EW.csv,F:\Research Work\Response Spectrum\Seismic waveform 1\data1\ER_3.6.22\HRS0010210240952\HRS0010210240952Anj.UD.csv,F:\Research Work\Response Spectrum\Seismic waveform 1\data1\ER_3.6.22\HRS0010210240952,0.0002384185791015,786,7.86,786,1385,6.0,600,100.0,0.05,0.1,0.3,2.5,Duhamel,100,0.01,4.0,HRS001,35.0337,132.9018,2002/10/24,09:52:00,2002/10/24,09:53:03,119,2002/10/24,09:00:00,35.338,133.402,3.6,12,100,12.065,15.976,5.277,566,0.0002384185791015,2000.0,8388608.0,416,56.668015
F:\Research Work\Response Spectrum\Seismic waveform 1\data1\ER_3.6.22\HRS0210210240952\HRS0210210240952Anj.NS.csv,F:\Research Work\Response Spectrum\Seismic waveform 1\data1\ER_3.6.22\HRS0210210240952\HRS0210210240952Anj.EW.csv,F:\Research Work\Response Spectrum\Seismic waveform 1\data1\ER_3.6.22\HRS0210210240952\HRS0210210240952Anj.UD.csv,F:\Research Work\Response Spectrum\Seismic waveform 1\data1\ER_3.6.22\HRS0210210240952,0.0002384185791015,806,8.06,806,1405,6.0,600,100.0,0.05,0.1,0.3,2.5,Duhamel,100,0.01,4.0,HRS021,34.9529,133.1171,2002/10/24,09:52:00,2002/10/24,09:53:02,119,2002/10/24,09:00:00,35.338,133.402,3.6,12,100,5.896,2.479,3.126,325,0.0002384185791015,2000.0,8388608.0,417,50.04664
F:\Research Work\Response Spectrum\Seismic waveform 1\data1\ER_3.6.22\OKY0050210240952\OKY0050210240952Anj.NS.csv,F:\Research Work\Response Spectrum\Seismic waveform 1\data1\ER_3.6.22\OKY0050210240952\OKY0050210240952Anj.EW.csv,F:\Research Work\Response Spectrum\Seismic waveform 1\data1\ER_3.6.22\OKY0050210240952\OKY0050210240952Anj.UD.csv,F:\Research Work\Response Spectrum\Seismic waveform 1\data1\ER_3.6.22\OKY0050210240952,0.0002384185791015,558,5.58,558,1157,6.0,600,100.0,0.05,0.1,0.3,2.5,Duhamel,100,0.01,4.0,OKY005,35.0098,133.7317,2002/10/24,09:52:00,2002/10/24,09:53:02,119,2002/10/24,09:00:00,35.338,133.402,3.6,12,100,2.249,2.234,1.502,134,0.0002384185791015,2000.0,8388608.0,418,47.221138
F:\Research Work\Response Spectrum\Seismic waveform 1\data1\ER_3.6.22\SMN0010210240952\SMN0010210240952Anj.NS.csv,F:\Research Work\Response Spectrum\Seismic waveform 1\data1\ER_3.6.22\SMN0010210240952\SMN0010210240952Anj.EW.csv,F:\Research Work\Response Spectrum\Seismic waveform 1\data1\ER_3.6.22\SMN0010210240952\SMN0010210240952Anj.UD.csv,F:\Research Work\Response Spectrum\Seismic waveform 1\data1\ER_3.6.22\SMN0010210240952,0.0002384185791015,981,9.81,981,1580,6.0,600,100.0,0.05,0.1,0.3,2.5,Duhamel,100,0.01,4.0,SMN001,35.5372,133.1612,2002/10/24,09:52:00,2002/10/24,09:52:57,119,2002/10/24,09:00:00,35.338,133.402,3.6,12,100,4.899,5.535,1.325,2,0.0002384185791015,2000.0,8388608.0,419,31.089176
F:\Research Work\Response Spectrum\Seismic waveform 1\data1\ER_3.6.22\SMN0030210240952\SMN0030210240952Anj.NS.csv,F:\Research Work\Response Spectrum\Seismic waveform 1\data1\ER_3.6.22\SMN0030210240952\SMN0030210240952Anj.EW.csv,F:\Research Work\Response Spectrum\Seismic waveform 1\data1\ER_3.6.22\SMN0030210240952\SMN0030210240952Anj.UD.csv,F:\Research Work\Response Spectrum\Seismic waveform 1\data1\ER_3.6.22\SMN0030210240952,0.0002384185791015,1004,10.04,1004,1603,6.0,600,100.0,0.05,0.1,0.3,2.5,Duhamel,100,0.01,4.0,SMN003,35.1795,133.0929,2002/10/24,09:52:00,2002/10/24,09:52:57,119,2002/10/24,09:00:00,35.338,133.402,3.6,12,100,4.73,6.751,2.129,332,0.0002384185791015,2000.0,8388608.0,420,33.140224
F:\Research Work\Response Spectrum\Seismic waveform 1\data1\ER_3.6.22\SMN0040210240952\SMN0040210240952Anj.NS.csv,F:\Research Work\Response Spectrum\Seismic waveform 1\data1\ER_3.6.22\SMN0040210240952\SMN0040210240952Anj.EW.csv,F:\Research Work\Response Spectrum\Seismic waveform 1\data1\ER_3.6.22\SMN0040210240952\SMN0040210240952Anj.UD.csv,F:\Research Work\Response Spectrum\Seismic waveform 1\data1\ER_3.6.22\SMN0040210240952,0.0002384185791015,796,7.96,796,1395,6.0,600,100.0,0.05,0.1,0.3,2.5,Duhamel,100,0.01,4.0,SMN004,35.2881,132.9004,2002/10/24,09:52:00,2002/10/24,09:53:01,119,2002/10/24,09:00:00,35.338,133.402,3.6,12,100,3.653,2.486,1.65,45,0.0002384185791015,2000.0,8388608.0,421,45.849964
F:\Research Work\Response Spectrum\Seismic waveform 1\data1\ER_3.6.22\TTR0060210240952\TTR0060210240952Anj.NS.csv,F:\Research Work\Response Spectrum\Seismic waveform 1\data1\ER_3.6.22\TTR0060210240952\TTR0060210240952Anj.EW.csv,F:\Research Work\Response Spectrum\Seismic waveform 1\data1\ER_3.6.22\TTR0060210240952\TTR0060210240952Anj.UD.csv,F:\Research Work\Response Spectrum\Seismic waveform 1\data1\ER_3.6.22\TTR0060210240952,0.0002384185791015,1044,10.44,1044,1643,6.0,600,100.0,0.05,0.1,0.3,2.5,Duhamel,100,0.01,4.0,TTR006,35.5106,133.6303,2002/10/24,09:52:00,2002/10/24,09:52:56,119,2002/10/24,09:00:00,35.338,133.402,3.6,12,100,2.817,3.957,1.082,20,0.0002384185791015,2000.0,8388608.0,422,28.218252
F:\Research Work\Response Spectrum\Seismic waveform 1\data1\ER_3.6.22\TTR0070210240952\TTR0070210240952Anj.NS.csv,F:\Research Work\Response Spectrum\Seismic waveform 1\data1\ER_3.6.22\TTR0070210240952\TTR0070210240952Anj.EW.csv,F:\Research Work\Response Spectrum\Seismic waveform 1\data1\ER_3.6.22\TTR0070210240952\TTR0070210240952Anj.UD.csv,F:\Research Work\Response Spectrum\Seismic waveform 1\data1\ER_3.6.22\TTR0070210240952,0.0002384185791015,1463,14.63,1463,2062,6.0,600,100.0,0.05,0.1,0.3,2.5,Duhamel,100,0.01,4.0,TTR007,35.2826,133.4876,2002/10/24,09:52:00,2002/10/24,09:52:49,119,2002/10/24,09:00:00,35.338,133.402,3.6,12,100,27.014,16.186,12.275,155,0.0002384185791015,2000.0,8388608.0,423,9.91353
F:\Research Work\Response Spectrum\Seismic waveform 1\data1\ER_3.6.22\TTR0080210240952\TTR0080210240952Anj.NS.csv,F:\Research Work\Response Spectrum\Seismic waveform 1\data1\ER_3.6.22\TTR0080210240952\TTR0080210240952Anj.EW.csv,F:\Research Work\Response Spectrum\Seismic waveform 1\data1\ER_3.6.22\TTR0080210240952\TTR0080210240952Anj.UD.csv,F:\Research Work\Response Spectrum\Seismic waveform 1\data1\ER_3.6.22\TTR0080210240952,0.0002384185791015,1269,12.69,1269,1868,6.0,600,100.0,0.05,0.1,0.3,2.5,Duhamel,100,0.01,4.0,TTR008,35.4258,133.3301,2002/10/24,09:52:00,2002/10/24,09:52:51,120,2002/10/24,09:00:00,35.338,133.402,3.6,12,100,12.824,10.064,5.09,2,0.0002384185791015,2000.0,8388608.0,424,11.738962
F:\Research Work\Response Spectrum\Seismic waveform 1\data1\ER_3.6.22\TTR0090210240952\TTR0090210240952Anj.NS.csv,F:\Research Work\Response Spectrum\Seismic waveform 1\data1\ER_3.6.22\TTR0090210240952\TTR0090210240952Anj.EW.csv,F:\Research Work\Response Spectrum\Seismic waveform 1\data1\ER_3.6.22\TTR0090210240952\TTR0090210240952Anj.UD.csv,F:\Research Work\Response Spectrum\Seismic waveform 1\data1\ER_3.6.22\TTR0090210240952,0.0002384185791015,1125,11.25,1125,1724,6.0,600,100.0,0.05,0.1,0.3,2.5,Duhamel,100,0.01,4.0,TTR009,35.1708,133.3113,2002/10/24,09:52:00,2002/10/24,09:52:54,119,2002/10/24,09:00:00,35.338,133.402,3.6,12,100,5.251,8.013,2.101,300,0.0002384185791015,2000.0,8388608.0,425,20.334238
F:\Research Work\Response Spectrum\Seismic waveform 1\data1\ER_3.6.4\HRS0010010080108\HRS0010010080108Anj.NS.csv,F:\Research Work\Response Spectrum\Seismic waveform 1\data1\ER_3.6.4\HRS0010010080108\HRS0010010080108Anj.EW.csv,F:\Research Work\Response Spectrum\Seismic waveform 1\data1\ER_3.6.4\HRS0010010080108\HRS0010010080108Anj.UD.csv,F:\Research Work\Response Spectrum\Seismic waveform 1\data1\ER_3.6.4\HRS0010010080108,0.0002384185791015,822,8.22,822,1421,6.0,600,100.0,0.05,0.1,0.3,2.5,Duhamel,100,0.01,4.0,HRS001,35.0337,132.9018,2000/10/08,01:08:00,2000/10/08,01:08:53,119,2000/10/08,01:00:00,35.193,133.424,3.6,9,100,3.546,6.9,1.762,566,0.0002384185791015,2000.0,8388608.0,437,50.69417
F:\Research Work\Response Spectrum\Seismic waveform 1\data1\ER_3.6.4\SMN0010010080108\SMN0010010080108Anj.NS.csv,F:\Research Work\Response Spectrum\Seismic waveform 1\data1\ER_3.6.4\SMN0010010080108\SMN0010010080108Anj.EW.csv,F:\Research Work\Response Spectrum\Seismic waveform 1\data1\ER_3.6.4\SMN0010010080108\SMN0010010080108Anj.UD.csv,F:\Research Work\Response Spectrum\Seismic waveform 1\data1\ER_3.6.4\SMN0010010080108,0.0002384185791015,847,8.47,847,1446,6.0,600,100.0,0.05,0.1,0.3,2.5,Duhamel,100,0.01,4.0,SMN001,35.5372,133.1612,2000/10/08,01:08:00,2000/10/08,01:08:52,119,2000/10/08,01:00:00,35.193,133.424,3.6,9,100,11.642,14.017,2.191,2,0.0002384185791015,2000.0,8388608.0,438,45.085575
F:\Research Work\Response Spectrum\Seismic waveform 1\data1\ER_3.6.4\TTR0070010080108\TTR0070010080108Anj.NS.csv,F:\Research Work\Response Spectrum\Seismic waveform 1\data1\ER_3.6.4\TTR0070010080108\TTR0070010080108Anj.EW.csv,F:\Research Work\Response Spectrum\Seismic waveform 1\data1\ER_3.6.4\TTR0070010080108\TTR0070010080108Anj.UD.csv,F:\Research Work\Response Spectrum\Seismic waveform 1\data1\ER_3.6.4\TTR0070010080108,0.0002384185791015,1260,12.6,1260,1859,6.0,600,100.0,0.05,0.1,0.3,2.5,Duhamel,100,0.01,4.0,TTR007,35.2826,133.4876,2000/10/08,01:08:00,2000/10/08,01:08:42,119,2000/10/08,01:00:00,35.193,133.424,3.6,9,100,10.6,19.279,6.764,155,0.0002384185791015,2000.0,8388608.0,439,11.516364
F:\Research Work\Response Spectrum\Seismic waveform 1\data1\ER_3.6.5\HRS0010010080621\HRS0010010080621Anj.NS.csv,F:\Research Work\Response Spectrum\Seismic waveform 1\data1\ER_3.6.5\HRS0010010080621\HRS0010010080621Anj.EW.csv,F:\Research Work\Response Spectrum\Seismic waveform 1\data1\ER_3.6.5\HRS0010010080621\HRS0010010080621Anj.UD.csv,F:\Research Work\Response Spectrum\Seismic waveform 1\data1\ER_3.6.5\HRS0010010080621,0.0002384185791015,819,8.19,819,1418,6.0,600,100.0,0.05,0.1,0.3,2.5,Duhamel,100,0.01,4.0,HRS001,35.0337,132.9018,2000/10/08,06:21:00,2000/10/08,06:21:14,119,2000/10/08,06:00:00,35.22,133.385,3.6,8,100,2.053,7.003,1.7,566,0.0002384185791015,2000.0,8388608.0,440,48.58211
F:\Research Work\Response Spectrum\Seismic waveform 1\data1\ER_3.6.5\SMN0040010080621\SMN0040010080621Anj.NS.csv,F:\Research Work\Response Spectrum\Seismic waveform 1\data1\ER_3.6.5\SMN0040010080621\SMN0040010080621Anj.EW.csv,F:\Research Work\Response Spectrum\Seismic waveform 1\data1\ER_3.6.5\SMN0040010080621\SMN0040010080621Anj.UD.csv,F:\Research Work\Response Spectrum\Seismic waveform 1\data1\ER_3.6.5\SMN0040010080621,0.0002384185791015,842,8.42,842,1441,6.0,600,100.0,0.05,0.1,0.3,2.5,Duhamel,100,0.01,4.0,SMN004,35.2881,132.9004,2000/10/08,06:21:00,2000/10/08,06:21:13,119,2000/10/08,06:00:00,35.22,133.385,3.6,8,100,3.149,3.41,1.599,45,0.0002384185791015,2000.0,8388608.0,441,44.64934
F:\Research Work\Response Spectrum\Seismic waveform 1\data1\ER_3.6.5\SMN0160010080621\SMN0160010080621Anj.NS.csv,F:\Research Work\Response Spectrum\Seismic waveform 1\data1\ER_3.6.5\SMN0160010080621\SMN0160010080621Anj.EW.csv,F:\Research Work\Response Spectrum\Seismic waveform 1\data1\ER_3.6.5\SMN0160010080621\SMN0160010080621Anj.UD.csv,F:\Research Work\Response Spectrum\Seismic waveform 1\data1\ER_3.6.5\SMN0160010080621,0.0002384185791015,765,7.65,765,1364,6.0,600,100.0,0.05,0.1,0.3,2.5,Duhamel,100,0.01,4.0,SMN016,35.1957,132.8146,2000/10/08,06:21:00,2000/10/08,06:21:15,120,2000/10/08,06:00:00,35.22,133.385,3.6,8,100,3.831,3.339,1.816,210,0.0002384185791015,2000.0,8388608.0,442,51.893208
F:\Research Work\Response Spectrum\Seismic waveform 1\data1\ER_3.6.5\TTR0070010080621\TTR0070010080621Anj.NS.csv,F:\Research Work\Response Spectrum\Seismic waveform 1\data1\ER_3.6.5\TTR0070010080621\TTR0070010080621Anj.EW.csv,F:\Research Work\Response Spectrum\Seismic waveform 1\data1\ER_3.6.5\TTR0070010080621\TTR0070010080621Anj.UD.csv,F:\Research Work\Response Spectrum\Seismic waveform 1\data1\ER_3.6.5\TTR0070010080621,0.0002384185791015,1282,12.82,1282,1881,6.0,600,100.0,0.05,0.1,0.3,2.5,Duhamel,100,0.01,4.0,TTR007,35.2826,133.4876,2000/10/08,06:21:00,2000/10/08,06:21:03,119,2000/10/08,06:00:00,35.22,133.385,3.6,8,100,8.677,13.149,3.382,155,0.0002384185791015,2000.0,8388608.0,443,11.629769
F:\Research Work\Response Spectrum\Seismic waveform 1\data1\ER_3.6.6\HRS0010010091924\HRS0010010091924Anj.NS.csv,F:\Research Work\Response Spectrum\Seismic waveform 1\data1\ER_3.6.6\HRS0010010091924\HRS0010010091924Anj.EW.csv,F:\Research Work\Response Spectrum\Seismic waveform 1\data1\ER_3.6.6\HRS0010010091924\HRS0010010091924Anj.UD.csv,F:\Research Work\Response Spectrum\Seismic waveform 1\data1\ER_3.6.6\HRS0010010091924,0.0002384185791015,1378,13.78,1378,1977,6.0,600,100.0,0.05,0.1,0.3,2.5,Duhamel,100,0.01,4.0,HRS001,35.0337,132.9018,2000/10/09,19:24:00,2000/10/09,19:24:15,119,2000/10/09,19:00:00,35.271,133.345,3.6,12,100,11.978,12.898,7.474,566,0.0002384185791015,2000.0,8388608.0,444,48.164646
F:\Research Work\Response Spectrum\Seismic waveform 1\data1\ER_3.6.6\HRS0020010091924\HRS0020010091924Anj.NS.csv,F:\Research Work\Response Spectrum\Seismic waveform 1\data1\ER_3.6.6\HRS0020010091924\HRS0020010091924Anj.EW.csv,F:\Research Work\Response Spectrum\Seismic waveform 1\data1\ER_3.6.6\HRS0020010091924\HRS0020010091924Anj.UD.csv,F:\Research Work\Response Spectrum\Seismic waveform 1\data1\ER_3.6.6\HRS0020010091924,0.0002384185791015,421,4.21,421,1020,6.0,600,100.0,0.05,0.1,0.3,2.5,Duhamel,100,0.01,4.0,HRS002,34.8951,133.2755,2000/10/09,19:24:00,2000/10/09,19:24:19,119,2000/10/09,19:00:00,35.271,133.345,3.6,12,100,14.726,16.888,2.83,306,0.0002384185791015,2000.0,8388608.0,445,42.27387
F:\Research Work\Response Spectrum\Seismic waveform 1\data1\ER_3.6.6\HRS0030010091924\HRS0030010091924Anj.NS.csv,F:\Research Work\Response Spectrum\Seismic waveform 1\data1\ER_3.6.6\HRS0030010091924\HRS0030010091924Anj.EW.csv,F:\Research Work\Response Spectrum\Seismic waveform 1\data1\ER_3.6.6\HRS0030010091924\HRS0030010091924Anj.UD.csv,F:\Research Work\Response Spectrum\Seismic waveform 1\data1\ER_3.6.6\HRS0030010091924,0.0002384185791015,523,5.23,523,1122,6.0,600,100.0,0.05,0.1,0.3,2.5,Duhamel,100,0.01,4.0,HRS003,34.8143,132.8418,2000/10/09,19:24:00,2000/10/09,19:24:27,119,2000/10/09,19:00:00,35.271,133.345,3.6,12,100,4.375,3.288,0.938,156,0.0002384185791015,2000.0,8388608.0,446,68.391815
F:\Research Work\Response Spectrum\Seismic waveform 1\data1\ER_3.6.6\HRS0210010091924\HRS0210010091924Anj.NS.csv,F:\Research Work\Response Spectrum\Seismic waveform 1\data1\ER_3.6.6\HRS0210010091924\HRS0210010091924Anj.EW.csv,F:\Research Work\Response Spectrum\Seismic waveform 1\data1\ER_3.6.6\HRS0210010091924\HRS0210010091924Anj.UD.csv,F:\Research Work\Response Spectrum\Seismic waveform 1\data1\ER_3.6.6\HRS0210010091924,0.0002384185791015,892,8.92,892,1491,6.0,600,100.0,0.05,0.1,0.3,2.5,Duhamel,100,0.01,4.0,HRS021,34.9529,133.1171,2000/10/09,19:24:00,2000/10/09,19:24:19,119,2000/10/09,19:00:00,35.271,133.345,3.6,12,100,34.475,13.317,9.079,325,0.0002384185791015,2000.0,8388608.0,447,40.99809
F:\Research Work\Response Spectrum\Seismic waveform 1\data1\ER_3.6.6\SMN0020010091924\SMN0020010091924Anj.NS.csv,F:\Research Work\Response Spectrum\Seismic waveform 1\data1\ER_3.6.6\SMN0020010091924\SMN0020010091924Anj.EW.csv,F:\Research Work\Response Spectrum\Seismic waveform 1\data1\ER_3.6.6\SMN0020010091924\SMN0020010091924Anj.UD.csv,F:\Research Work\Response Spectrum\Seismic waveform 1\data1\ER_3.6.6\SMN0020010091924,0.0002384185791015,1039,10.39,1039,1638,6.0,600,100.0,0.05,0.1,0.3,2.5,Duhamel,100,0.01,4.0,SMN002,35.4714,133.0682,2000/10/09,19:24:00,2000/10/09,19:24:16,119,2000/10/09,19:00:00,35.271,133.345,3.6,12,100,4.512,4.823,1.106,2,0.0002384185791015,2000.0,8388608.0,448,33.562466
F:\Research Work\Response Spectrum\Seismic waveform 1\data1\ER_3.6.6\SMN0030010091924\SMN0030010091924Anj.NS.csv,F:\Research Work\Response Spectrum\Seismic waveform 1\data1\ER_3.6.6\SMN0030010091924\SMN0030010091924Anj.EW.csv,F:\Research Work\Response Spectrum\Seismic waveform 1\data1\ER_3.6.6\SMN0030010091924\SMN0030010091924Anj.UD.csv,F:\Research Work\Response Spectrum\Seismic waveform 1\data1\ER_3.6.6\SMN0030010091924,0.0002384185791015,1102,11.02,1102,1701,6.0,600,100.0,0.05,0.1,0.3,2.5,Duhamel,100,0.01,4.0,SMN003,35.1795,133.0929,2000/10/09,19:24:00,2000/10/09,19:24:14,119,2000/10/09,19:00:00,35.271,133.345,3.6,12,100,11.484,15.483,4.886,332,0.0002384185791015,2000.0,8388608.0,449,25.057804
F:\Research Work\Response Spectrum\Seismic waveform 1\data1\ER_3.6.6\SMN0040010091924\SMN0040010091924Anj.NS.csv,F:\Research Work\Response Spectrum\Seismic waveform 1\data1\ER_3.6.6\SMN0040010091924\SMN0040010091924Anj.EW.csv,F:\Research Work\Response Spectrum\Seismic waveform 1\data1\ER_3.6.6\SMN0040010091924\SMN0040010091924Anj.UD.csv,F:\Research Work\Response Spectrum\Seismic waveform 1\data1\ER_3.6.6\SMN0040010091924,0.0002384185791015,942,9.42,942,1541,6.0,600,100.0,0.05,0.1,0.3,2.5,Duhamel,100,0.01,4.0,SMN004,35.2881,132.9004,2000/10/09,19:24:00,2000/10/09,19:24:18,119,2000/10/09,19:00:00,35.271,133.345,3.6,12,100,3.915,2.115,2.035,45,0.0002384185791015,2000.0,8388608.0,450,40.40254
F:\Research Work\Response Spectrum\Seismic waveform 1\data1\ER_3.6.6\SMN0160010091924\SMN0160010091924Anj.NS.csv,F:\Research Work\Response Spectrum\Seismic waveform 1\data1\ER_3.6.6\SMN0160010091924\SMN0160010091924Anj.EW.csv,F:\Research Work\Response Spectrum\Seismic waveform 1\data1\ER_3.6.6\SMN0160010091924\SMN0160010091924Anj.UD.csv,F:\Research Work\Response Spectrum\Seismic waveform 1\data1\ER_3.6.6\SMN0160010091924,0.0002384185791015,1475,14.75,1475,2074,6.0,600,100.0,0.05,0.1,0.3,2.5,Duhamel,100,0.01,4.0,SMN016,35.1957,132.8146,2000/10/09,19:24:00,2000/10/09,19:24:14,120,2000/10/09,19:00:00,35.271,133.345,3.6,12,100,2.974,1.902,3.588,210,0.0002384185791015,2000.0,8388608.0,451,48.89577
F:\Research Work\Response Spectrum\Seismic waveform 1\data1\ER_3.6.6\TTR0060010091924\TTR0060010091924Anj.NS.csv,F:\Research Work\Response Spectrum\Seismic waveform 1\data1\ER_3.6.6\TTR0060010091924\TTR0060010091924Anj.EW.csv,F:\Research Work\Response Spectrum\Seismic waveform 1\data1\ER_3.6.6\TTR0060010091924\TTR0060010091924Anj.UD.csv,F:\Research Work\Response Spectrum\Seismic waveform 1\data1\ER_3.6.6\TTR0060010091924,0.0002384185791015,909,9.09,909,1508,6.0,600,100.0,0.05,0.1,0.3,2.5,Duhamel,100,0.01,4.0,TTR006,35.5106,133.6303,2000/10/09,19:24:00,2000/10/09,19:24:18,119,2000/10/09,19:00:00,35.271,133.345,3.6,12,100,3.642,3.219,0.925,20,0.0002384185791015,2000.0,8388608.0,452,37.130207
F:\Research Work\Response Spectrum\Seismic waveform 1\data1\ER_3.6.6\TTR0070010091924\TTR0070010091924Anj.NS.csv,F:\Research Work\Response Spectrum\Seismic waveform 1\data1\ER_3.6.6\TTR0070010091924\TTR0070010091924Anj.EW.csv,F:\Research Work\Response Spectrum\Seismic waveform 1\data1\ER_3.6.6\TTR0070010091924\TTR0070010091924Anj.UD.csv,F:\Research Work\Response Spectrum\Seismic waveform 1\data1\ER_3.6.6\TTR0070010091924,0.0002384185791015,1220,12.2,1220,1819,6.0,600,100.0,0.05,0.1,0.3,2.5,Duhamel,100,0.01,4.0,TTR007,35.2826,133.4876,2000/10/09,19:24:00,2000/10/09,19:24:11,120,2000/10/09,19:00:00,35.271,133.345,3.6,12,100,15.427,9.535,5.7,155,0.0002384185791015,2000.0,8388608.0,453,13.008814
F:\Research Work\Response Spectrum\Seismic waveform 1\data1\ER_3.6.6\TTR0090010091924\TTR0090010091924Anj.NS.csv,F:\Research Work\Response Spectrum\Seismic waveform 1\data1\ER_3.6.6\TTR0090010091924\TTR0090010091924Anj.EW.csv,F:\Research Work\Response Spectrum\Seismic waveform 1\data1\ER_3.6.6\TTR0090010091924\TTR0090010091924Anj.UD.csv,F:\Research Work\Response Spectrum\Seismic waveform 1\data1\ER_3.6.6\TTR0090010091924,0.0002384185791015,1242,12.42,1242,1841,6.0,600,100.0,0.05,0.1,0.3,2.5,Duhamel,100,0.01,4.0,TTR009,35.1629,133.3063,2000/10/09,19:24:00,2000/10/09,19:24:11,119,2000/10/09,19:00:00,35.271,133.345,3.6,12,100,12.831,16.793,9.704,299,0.0002384185791015,2000.0,8388608.0,454,12.5237465
F:\Research Work\Response Spectrum\Seismic waveform 1\data1\ER_3.6.7\HRS0010010120353\HRS0010010120353Anj.NS.csv,F:\Research Work\Response Spectrum\Seismic waveform 1\data1\ER_3.6.7\HRS0010010120353\HRS0010010120353Anj.EW.csv,F:\Research Work\Response Spectrum\Seismic waveform 1\data1\ER_3.6.7\HRS0010010120353\HRS0010010120353Anj.UD.csv,F:\Research Work\Response Spectrum\Seismic waveform 1\data1\ER_3.6.7\HRS0010010120353,0.0002384185791015,845,8.45,845,1444,6.0,600,100.0,0.05,0.1,0.3,2.5,Duhamel,100,0.01,4.0,HRS001,35.0337,132.9018,2000/10/12,03:53:00,2000/10/12,03:53:47,119,2000/10/12,03:00:00,35.363,133.297,3.6,10,100,3.005,3.775,1.31,566,0.0002384185791015,2000.0,8388608.0,455,51.28598
F:\Research Work\Response Spectrum\Seismic waveform 1\data1\ER_3.6.7\HRS0020010120353\HRS0020010120353Anj.NS.csv,F:\Research Work\Response Spectrum\Seismic waveform 1\data1\ER_3.6.7\HRS0020010120353\HRS0020010120353Anj.EW.csv,F:\Research Work\Response Spectrum\Seismic waveform 1\data1\ER_3.6.7\HRS0020010120353\HRS0020010120353Anj.UD.csv,F:\Research Work\Response Spectrum\Seismic waveform 1\data1\ER_3.6.7\HRS0020010120353,0.0002384185791015,764,7.64,764,1363,6.0,600,100.0,0.05,0.1,0.3,2.5,Duhamel,100,0.01,4.0,HRS002,34.8951,133.2755,2000/10/12,03:53:00,2000/10/12,03:53:48,119,2000/10/12,03:00:00,35.363,133.297,3.6,10,100,8.09,4.881,1.165,306,0.0002384185791015,2000.0,8388608.0,456,52.06483
F:\Research Work\Response Spectrum\Seismic waveform 1\data1\ER_3.6.7\HRS0050010120353\HRS0050010120353Anj.NS.csv,F:\Research Work\Response Spectrum\Seismic waveform 1\data1\ER_3.6.7\HRS0050010120353\HRS0050010120353Anj.EW.csv,F:\Research Work\Response Spectrum\Seismic waveform 1\data1\ER_3.6.7\HRS0050010120353\HRS0050010120353Anj.UD.csv,F:\Research Work\Response Spectrum\Seismic waveform 1\data1\ER_3.6.7\HRS0050010120353,0.0002384185791015,583,5.83,583,1182,6.0,600,100.0,0.05,0.1,0.3,2.5,Duhamel,100,0.01,4.0,HRS005,34.777,133.2807,2000/10/12,03:53:00,2000/10/12,03:53:52,119,2000/10/12,03:00:00,35.363,133.297,3.6,10,100,2.473,5.141,3.634,480,0.0002384185791015,2000.0,8388608.0,457,65.17711
F:\Research Work\Response Spectrum\Seismic waveform 1\data1\ER_3.6.7\HRS0210010120353\HRS0210010120353Anj.NS.csv,F:\Research Work\Response Spectrum\Seismic waveform 1\data1\ER_3.6.7\HRS0210010120353\HRS0210010120353Anj.EW.csv,F:\Research Work\Response Spectrum\Seismic waveform 1\data1\ER_3.6.7\HRS0210010120353\HRS0210010120353Anj.UD.csv,F:\Research Work\Response Spectrum\Seismic waveform 1\data1\ER_3.6.7\HRS0210010120353,0.0002384185791015,1428,14.28,1428,2027,6.0,600,100.0,0.05,0.1,0.3,2.5,Duhamel,100,0.01,4.0,HRS021,34.9529,133.1171,2000/10/12,03:53:00,2000/10/12,03:53:41,119,2000/10/12,03:00:00,35.363,133.297,3.6,10,100,4.786,4.027,7.232,325,0.0002384185791015,2000.0,8388608.0,458,48.44507
F:\Research Work\Response Spectrum\Seismic waveform 1\data1\ER_3.6.7\OKY0050010120353\OKY0050010120353Anj.NS.csv,F:\Research Work\Response Spectrum\Seismic waveform 1\data1\ER_3.6.7\OKY0050010120353\OKY0050010120353Anj.EW.csv,F:\Research Work\Response Spectrum\Seismic waveform 1\data1\ER_3.6.7\OKY0050010120353\OKY0050010120353Anj.UD.csv,F:\Research Work\Response Spectrum\Seismic waveform 1\data1\ER_3.6.7\OKY0050010120353,0.0002384185791015,715,7.15,715,1314,6.0,600,100.0,0.05,0.1,0.3,2.5,Duhamel,100,0.01,4.0,OKY005,35.0098,133.7317,2000/10/12,03:53:00,2000/10/12,03:53:49,119,2000/10/12,03:00:00,35.363,133.297,3.6,10,100,2.271,2.858,1.349,134,0.0002384185791015,2000.0,8388608.0,459,55.70494
F:\Research Work\Response Spectrum\Seismic waveform 1\data1\ER_3.6.7\SMN0010010120353\SMN0010010120353Anj.NS.csv,F:\Research Work\Response Spectrum\Seismic waveform 1\data1\ER_3.6.7\SMN0010010120353\SMN0010010120353Anj.EW.csv,F:\Research Work\Response Spectrum\Seismic waveform 1\data1\ER_3.6.7\SMN0010010120353\SMN0010010120353Anj.UD.csv,F:\Research Work\Response Spectrum\Seismic waveform 1\data1\ER_3.6.7\SMN0010010120353,0.0002384185791015,1163,11.63,1163,1762,6.0,600,100.0,0.05,0.1,0.3,2.5,Duhamel,100,0.01,4.0,SMN001,35.5372,133.1612,2000/10/12,03:53:00,2000/10/12,03:53:39,119,2000/10/12,03:00:00,35.363,133.297,3.6,10,100,10.345,11.76,2.416,2,0.0002384185791015,2000.0,8388608.0,460,22.945961
F:\Research Work\Response Spectrum\Seismic waveform 1\data1\ER_3.6.7\SMN0150010120353\SMN0150010120353Anj.NS.csv,F:\Research Work\Response Spectrum\Seismic waveform 1\data1\ER_3.6.7\SMN0150010120353\SMN0150010120353Anj.EW.csv,F:\Research Work\Response Spectrum\Seismic waveform 1\data1\ER_3.6.7\SMN0150010120353\SMN0150010120353Anj.UD.csv,F:\Research Work\Response Spectrum\Seismic waveform 1\data1\ER_3.6.7\SMN0150010120353,0.0002384185791015,1213,12.13,1213,1812,6.0,600,100.0,0.05,0.1,0.3,2.5,Duhamel,100,0.01,4.0,SMN015,35.3644,133.1704,2000/10/12,03:53:00,2000/10/12,03:53:36,119,2000/10/12,03:00:00,35.363,133.297,3.6,10,100,12.057,5.84,3.206,32,0.0002384185791015,2000.0,8388608.0,461,11.480999
F:\Research Work\Response Spectrum\Seismic waveform 1\data1\ER_3.6.7\SMN0160010120353\SMN0160010120353Anj.NS.csv,F:\Research Work\Response Spectrum\Seismic waveform 1\data1\ER_3.6.7\SMN0160010120353\SMN0160010120353Anj.EW.csv,F:\Research Work\Response Spectrum\Seismic waveform 1\data1\ER_3.6.7\SMN0160010120353\SMN0160010120353Anj.UD.csv,F:\Research Work\Response Spectrum\Seismic waveform 1\data1\ER_3.6.7\SMN0160010120353,0.0002384185791015,878,8.78,878,1477,6.0,600,100.0,0.05,0.1,0.3,2.5,Duhamel,100,0.01,4.0,SMN016,35.1957,132.8146,2000/10/12,03:53:00,2000/10/12,03:53:46,119,2000/10/12,03:00:00,35.363,133.297,3.6,10,100,3.31,2.414,1.684,210,0.0002384185791015,2000.0,8388608.0,462,47.576782
F:\Research Work\Response Spectrum\Seismic waveform 1\data1\ER_3.6.7\TTR0050010120353\TTR0050010120353Anj.NS.csv,F:\Research Work\Response Spectrum\Seismic waveform 1\data1\ER_3.6.7\TTR0050010120353\TTR0050010120353Anj.EW.csv,F:\Research Work\Response Spectrum\Seismic waveform 1\data1\ER_3.6.7\TTR0050010120353\TTR0050010120353Anj.UD.csv,F:\Research Work\Response Spectrum\Seismic waveform 1\data1\ER_3.6.7\TTR0050010120353,0.0002384185791015,790,7.9,790,1389,6.0,600,100.0,0.05,0.1,0.3,2.5,Duhamel,100,0.01,4.0,TTR005,35.429,133.8253,2000/10/12,03:53:00,2000/10/12,03:53:47,119,2000/10/12,03:00:00,35.363,133.297,3.6,10,100,1.954,4.239,0.953,27,0.0002384185791015,2000.0,8388608.0,463,48.445503
F:\Research Work\Response Spectrum\Seismic waveform 1\data1\ER_3.6.7\TTR0070010120353\TTR0070010120353Anj.NS.csv,F:\Research Work\Response Spectrum\Seismic waveform 1\data1\ER_3.6.7\TTR0070010120353\TTR0070010120353Anj.EW.csv,F:\Research Work\Response Spectrum\Seismic waveform 1\data1\ER_3.6.7\TTR0070010120353\TTR0070010120353Anj.UD.csv,F:\Research Work\Response Spectrum\Seismic waveform 1\data1\ER_3.6.7\TTR0070010120353,0.0002384185791015,1419,14.19,1419,2018,6.0,600,100.0,0.05,0.1,0.3,2.5,Duhamel,100,0.01,4.0,TTR007,35.2826,133.4876,2000/10/12,03:53:00,2000/10/12,03:53:36,119,2000/10/12,03:00:00,35.363,133.297,3.6,10,100,7.973,6.655,4.305,155,0.0002384185791015,2000.0,8388608.0,464,19.466455
F:\Research Work\Response Spectrum\Seismic waveform 1\data1\ER_3.6.7\TTR0080010120353\TTR0080010120353Anj.NS.csv,F:\Research Work\Response Spectrum\Seismic waveform 1\data1\ER_3.6.7\TTR0080010120353\TTR0080010120353Anj.EW.csv,F:\Research Work\Response Spectrum\Seismic waveform 1\data1\ER_3.6.7\TTR0080010120353\TTR0080010120353Anj.UD.csv,F:\Research Work\Response Spectrum\Seismic waveform 1\data1\ER_3.6.7\TTR0080010120353,0.0002384185791015,962,9.62,962,1561,6.0,600,100.0,0.05,0.1,0.3,2.5,Duhamel,100,0.01,4.0,TTR008,35.4258,133.3301,2000/10/12,03:53:00,2000/10/12,03:53:33,119,2000/10/12,03:00:00,35.363,133.297,3.6,10,100,23.341,20.521,17.7,2,0.0002384185791015,2000.0,8388608.0,465,7.6003184
F:\Research Work\Response Spectrum\Seismic waveform 1\data1\ER_3.6.7\TTR0090010120353\TTR0090010120353Anj.NS.csv,F:\Research Work\Response Spectrum\Seismic waveform 1\data1\ER_3.6.7\TTR0090010120353\TTR0090010120353Anj.EW.csv,F:\Research Work\Response Spectrum\Seismic waveform 1\data1\ER_3.6.7\TTR0090010120353\TTR0090010120353Anj.UD.csv,F:\Research Work\Response Spectrum\Seismic waveform 1\data1\ER_3.6.7\TTR0090010120353,0.0002384185791015,1088,10.88,1088,1687,6.0,600,100.0,0.05,0.1,0.3,2.5,Duhamel,100,0.01,4.0,TTR009,35.1629,133.3063,2000/10/12,03:53:00,2000/10/12,03:53:40,119,2000/10/12,03:00:00,35.363,133.297,3.6,10,100,5.559,5.711,2.196,299,0.0002384185791015,2000.0,8388608.0,466,22.26612
F:\Research Work\Response Spectrum\Seismic waveform 1\data1\ER_3.6.8\HRS0010010131044\HRS0010010131044Anj.NS.csv,F:\Research Work\Response Spectrum\Seismic waveform 1\data1\ER_3.6.8\HRS0010010131044\HRS0010010131044Anj.EW.csv,F:\Research Work\Response Spectrum\Seismic waveform 1\data1\ER_3.6.8\HRS0010010131044\HRS0010010131044Anj.UD.csv,F:\Research Work\Response Spectrum\Seismic waveform 1\data1\ER_3.6.8\HRS0010010131044,0.0002384185791015,858,8.58,858,1457,6.0,600,100.0,0.05,0.1,0.3,2.5,Duhamel,100,0.01,4.0,HRS001,35.0337,132.9018,2000/10/13,10:44:00,2000/10/13,10:44:37,119,2000/10/13,10:00:00,35.27,133.35,3.6,10,100,6.898,8.638,4.068,566,0.0002384185791015,2000.0,8388608.0,467,48.48544
F:\Research Work\Response Spectrum\Seismic waveform 1\data1\ER_3.6.8\HRS0050010131044\HRS0050010131044Anj.NS.csv,F:\Research Work\Response Spectrum\Seismic waveform 1\data1\ER_3.6.8\HRS0050010131044\HRS0050010131044Anj.EW.csv,F:\Research Work\Response Spectrum\Seismic waveform 1\data1\ER_3.6.8\HRS0050010131044\HRS0050010131044Anj.UD.csv,F:\Research Work\Response Spectrum\Seismic waveform 1\data1\ER_3.6.8\HRS0050010131044,0.0002384185791015,780,7.8,780,1379,6.0,600,100.0,0.05,0.1,0.3,2.5,Duhamel,100,0.01,4.0,HRS005,34.777,133.2807,2000/10/13,10:44:00,2000/10/13,10:44:39,119,2000/10/13,10:00:00,35.27,133.35,3.6,10,100,3.804,1.973,1.337,480,0.0002384185791015,2000.0,8388608.0,468,55.181107
F:\Research Work\Response Spectrum\Seismic waveform 1\data1\ER_3.6.8\OKY0050010131044\OKY0050010131044Anj.NS.csv,F:\Research Work\Response Spectrum\Seismic waveform 1\data1\ER_3.6.8\OKY0050010131044\OKY0050010131044Anj.EW.csv,F:\Research Work\Response Spectrum\Seismic waveform 1\data1\ER_3.6.8\OKY0050010131044\OKY0050010131044Anj.UD.csv,F:\Research Work\Response Spectrum\Seismic waveform 1\data1\ER_3.6.8\OKY0050010131044,0.0002384185791015,903,9.03,903,1502,6.0,600,100.0,0.05,0.1,0.3,2.5,Duhamel,100,0.01,4.0,OKY005,35.0098,133.7317,2000/10/13,10:44:00,2000/10/13,10:44:36,119,2000/10/13,10:00:00,35.27,133.35,3.6,10,100,3.353,3.403,1.939,134,0.0002384185791015,2000.0,8388608.0,469,45.185608
F:\Research Work\Response Spectrum\Seismic waveform 1\data1\ER_3.6.8\SMN0010010131044\SMN0010010131044Anj.NS.csv,F:\Research Work\Response Spectrum\Seismic waveform 1\data1\ER_3.6.8\SMN0010010131044\SMN0010010131044Anj.EW.csv,F:\Research Work\Response Spectrum\Seismic waveform 1\data1\ER_3.6.8\SMN0010010131044\SMN0010010131044Anj.UD.csv,F:\Research Work\Response Spectrum\Seismic waveform 1\data1\ER_3.6.8\SMN0010010131044,0.0002384185791015,923,9.23,923,1522,6.0,600,100.0,0.05,0.1,0.3,2.5,Duhamel,100,0.01,4.0,SMN001,35.5372,133.1612,2000/10/13,10:44:00,2000/10/13,10:44:34,119,2000/10/13,10:00:00,35.27,133.35,3.6,10,100,2.781,2.761,0.84,2,0.0002384185791015,2000.0,8388608.0,470,34.28658
F:\Research Work\Response Spectrum\Seismic waveform 1\data1\ER_3.6.8\SMN0150010131044\SMN0150010131044Anj.NS.csv,F:\Research Work\Response Spectrum\Seismic waveform 1\data1\ER_3.6.8\SMN0150010131044\SMN0150010131044Anj.EW.csv,F:\Research Work\Response Spectrum\Seismic waveform 1\data1\ER_3.6.8\SMN0150010131044\SMN0150010131044Anj.UD.csv,F:\Research Work\Response Spectrum\Seismic waveform 1\data1\ER_3.6.8\SMN0150010131044,0.0002384185791015,1467,14.67,1467,2066,6.0,600,100.0,0.05,0.1,0.3,2.5,Duhamel,100,0.01,4.0,SMN015,35.3644,133.1704,2000/10/13,10:44:00,2000/10/13,10:44:26,119,2000/10/13,10:00:00,35.27,133.35,3.6,10,100,1.686,1.597,3.901,32,0.0002384185791015,2000.0,8388608.0,471,19.383482
F:\Research Work\Response Spectrum\Seismic waveform 1\data1\ER_3.6.8\TTR0070010131044\TTR0070010131044Anj.NS.csv,F:\Research Work\Response Spectrum\Seismic waveform 1\data1\ER_3.6.8\TTR0070010131044\TTR0070010131044Anj.EW.csv,F:\Research Work\Response Spectrum\Seismic waveform 1\data1\ER_3.6.8\TTR0070010131044\TTR0070010131044Anj.UD.csv,F:\Research Work\Response Spectrum\Seismic waveform 1\data1\ER_3.6.8\TTR0070010131044,0.0002384185791015,1479,14.79,1479,2078,6.0,600,100.0,0.05,0.1,0.3,2.5,Duhamel,100,0.01,4.0,TTR007,35.2826,133.4876,2000/10/13,10:44:00,2000/10/13,10:44:25,119,2000/10/13,10:00:00,35.27,133.35,3.6,10,100,18.16,12.657,5.197,155,0.0002384185791015,2000.0,8388608.0,472,12.569235
F:\Research Work\Response Spectrum\Seismic waveform 1\data1\ER_3.6.8\TTR0080010131044\TTR0080010131044Anj.NS.csv,F:\Research Work\Response Spectrum\Seismic waveform 1\data1\ER_3.6.8\TTR0080010131044\TTR0080010131044Anj.EW.csv,F:\Research Work\Response Spectrum\Seismic waveform 1\data1\ER_3.6.8\TTR0080010131044\TTR0080010131044Anj.UD.csv,F:\Research Work\Response Spectrum\Seismic waveform 1\data1\ER_3.6.8\TTR0080010131044,0.0002384185791015,1233,12.33,1233,1832,6.0,600,100.0,0.05,0.1,0.3,2.5,Duhamel,100,0.01,4.0,TTR008,35.4258,133.3301,2000/10/13,10:44:00,2000/10/13,10:44:28,119,2000/10/13,10:00:00,35.27,133.35,3.6,10,100,7.903,5.083,5.293,2,0.0002384185791015,2000.0,8388608.0,473,17.417933
F:\Research Work\Response Spectrum\Seismic waveform 1\data1\ER_3.6.8\TTR0090010131044\TTR0090010131044Anj.NS.csv,F:\Research Work\Response Spectrum\Seismic waveform 1\data1\ER_3.6.8\TTR0090010131044\TTR0090010131044Anj.EW.csv,F:\Research Work\Response Spectrum\Seismic waveform 1\data1\ER_3.6.8\TTR0090010131044\TTR0090010131044Anj.UD.csv,F:\Research Work\Response Spectrum\Seismic waveform 1\data1\ER_3.6.8\TTR0090010131044,0.0002384185791015,1404,14.04,1404,2003,6.0,600,100.0,0.05,0.1,0.3,2.5,Duhamel,100,0.01,4.0,TTR009,35.1629,133.3063,2000/10/13,10:44:00,2000/10/13,10:44:26,119,2000/10/13,10:00:00,35.27,133.35,3.6,10,100,7.12,6.331,10.172,299,0.0002384185791015,2000.0,8388608.0,474,12.553233
F:\Research Work\Response Spectrum\Seismic waveform 1\data1\ER_3.6.9\HRS0010010181422\HRS0010010181422Anj.NS.csv,F:\Research Work\Response Spectrum\Seismic waveform 1\data1\ER_3.6.9\HRS0010010181422\HRS0010010181422Anj.EW.csv,F:\Research Work\Response Spectrum\Seismic waveform 1\data1\ER_3.6.9\HRS0010010181422\HRS0010010181422Anj.UD.csv,F:\Research Work\Response Spectrum\Seismic waveform 1\data1\ER_3.6.9\HRS0010010181422,0.0002384185791015,838,8.38,838,1437,6.0,600,100.0,0.05,0.1,0.3,2.5,Duhamel,100,0.01,4.0,HRS001,35.0337,132.9018,2000/10/18,14:22:00,2000/10/18,14:22:58,119,2000/10/18,14:00:00,35.288,133.317,3.6,12,100,2.048,3.857,1.113,566,0.0002384185791015,2000.0,8388608.0,475,47.16143
F:\Research Work\Response Spectrum\Seismic waveform 1\data1\ER_3.6.9\HRS0020010181422\HRS0020010181422Anj.NS.csv,F:\Research Work\Response Spectrum\Seismic waveform 1\data1\ER_3.6.9\HRS0020010181422\HRS0020010181422Anj.EW.csv,F:\Research Work\Response Spectrum\Seismic waveform 1\data1\ER_3.6.9\HRS0020010181422\HRS0020010181422Anj.UD.csv,F:\Research Work\Response Spectrum\Seismic waveform 1\data1\ER_3.6.9\HRS0020010181422,0.0002384185791015,898,8.98,898,1497,6.0,600,100.0,0.05,0.1,0.3,2.5,Duhamel,100,0.01,4.0,HRS002,34.8951,133.2755,2000/10/18,14:22:00,2000/10/18,14:22:57,119,2000/10/18,14:00:00,35.288,133.317,3.6,12,100,3.939,4.777,1.565,306,0.0002384185791015,2000.0,8388608.0,476,43.851345
F:\Research Work\Response Spectrum\Seismic waveform 1\data1\ER_3.6.9\HRS0050010181422\HRS0050010181422Anj.NS.csv,F:\Research Work\Response Spectrum\Seismic waveform 1\data1\ER_3.6.9\HRS0050010181422\HRS0050010181422Anj.EW.csv,F:\Research Work\Response Spectrum\Seismic waveform 1\data1\ER_3.6.9\HRS0050010181422\HRS0050010181422Anj.UD.csv,F:\Research Work\Response Spectrum\Seismic waveform 1\data1\ER_3.6.9\HRS0050010181422,0.0002384185791015,712,7.12,712,1311,6.0,600,100.0,0.05,0.1,0.3,2.5,Duhamel,100,0.01,4.0,HRS005,34.777,133.2807,2000/10/18,14:22:00,2000/10/18,14:23:01,119,2000/10/18,14:00:00,35.288,133.317,3.6,12,100,7.079,4.934,2.799,480,0.0002384185791015,2000.0,8388608.0,477,56.91665
F:\Research Work\Response Spectrum\Seismic waveform 1\data1\ER_3.6.9\HRS0210010181422\HRS0210010181422Anj.NS.csv,F:\Research Work\Response Spectrum\Seismic waveform 1\data1\ER_3.6.9\HRS0210010181422\HRS0210010181422Anj.EW.csv,F:\Research Work\Response Spectrum\Seismic waveform 1\data1\ER_3.6.9\HRS0210010181422\HRS0210010181422Anj.UD.csv,F:\Research Work\Response Spectrum\Seismic waveform 1\data1\ER_3.6.9\HRS0210010181422,0.0002384185791015,882,8.82,882,1481,6.0,600,100.0,0.05,0.1,0.3,2.5,Duhamel,100,0.01,4.0,HRS021,34.9529,133.1171,2000/10/18,14:22:00,2000/10/18,14:22:57,120,2000/10/18,14:00:00,35.288,133.317,3.6,12,100,5.018,4.672,2.853,325,0.0002384185791015,2000.0,8388608.0,478,41.460407
F:\Research Work\Response Spectrum\Seismic waveform 1\data1\ER_3.6.9\OKY0010010181422\OKY0010010181422Anj.NS.csv,F:\Research Work\Response Spectrum\Seismic waveform 1\data1\ER_3.6.9\OKY0010010181422\OKY0010010181422Anj.EW.csv,F:\Research Work\Response Spectrum\Seismic waveform 1\data1\ER_3.6.9\OKY0010010181422\OKY0010010181422Anj.UD.csv,F:\Research Work\Response Spectrum\Seismic waveform 1\data1\ER_3.6.9\OKY0010010181422,0.0002384185791015,909,9.09,909,1508,6.0,600,100.0,0.05,0.1,0.3,2.5,Duhamel,100,0.01,4.0,OKY001,35.1945,133.7314,2000/10/18,14:22:00,2000/10/18,14:22:56,119,2000/10/18,14:00:00,35.288,133.317,3.6,12,100,8.488,6.11,2.346,334,0.0002384185791015,2000.0,8388608.0,479,39.04388
F:\Research Work\Response Spectrum\Seismic waveform 1\data1\ER_3.6.9\OKY0040010181422\OKY0040010181422Anj.NS.csv,F:\Research Work\Response Spectrum\Seismic waveform 1\data1\ER_3.6.9\OKY0040010181422\OKY0040010181422Anj.EW.csv,F:\Research Work\Response Spectrum\Seismic waveform 1\data1\ER_3.6.9\OKY0040010181422\OKY0040010181422Anj.UD.csv,F:\Research Work\Response Spectrum\Seismic waveform 1\data1\ER_3.6.9\OKY0040010181422,0.0002384185791015,836,8.36,836,1435,6.0,600,100.0,0.05,0.1,0.3,2.5,Duhamel,100,0.01,4.0,OKY004,34.9579,133.5018,2000/10/18,14:22:00,2000/10/18,14:22:57,119,2000/10/18,14:00:00,35.288,133.317,3.6,12,100,6.671,15.064,3.571,168,0.0002384185791015,2000.0,8388608.0,480,40.370438
F:\Research Work\Response Spectrum\Seismic waveform 1\data1\ER_3.6.9\OKY0050010181422\OKY0050010181422Anj.NS.csv,F:\Research Work\Response Spectrum\Seismic waveform 1\data1\ER_3.6.9\OKY0050010181422\OKY0050010181422Anj.EW.csv,F:\Research Work\Response Spectrum\Seismic waveform 1\data1\ER_3.6.9\OKY0050010181422\OKY0050010181422Anj.UD.csv,F:\Research Work\Response Spectrum\Seismic waveform 1\data1\ER_3.6.9\OKY0050010181422,0.0002384185791015,766,7.66,766,1365,6.0,600,100.0,0.05,0.1,0.3,2.5,Duhamel,100,0.01,4.0,OKY005,35.0098,133.7317,2000/10/18,14:22:00,2000/10/18,14:22:59,119,2000/10/18,14:00:00,35.288,133.317,3.6,12,100,2.047,3.224,1.217,134,0.0002384185791015,2000.0,8388608.0,481,48.770332
F:\Research Work\Response Spectrum\Seismic waveform 1\data1\ER_3.6.9\OKY0070010181422\OKY0070010181422Anj.NS.csv,F:\Research Work\Response Spectrum\Seismic waveform 1\data1\ER_3.6.9\OKY0070010181422\OKY0070010181422Anj.EW.csv,F:\Research Work\Response Spectrum\Seismic waveform 1\data1\ER_3.6.9\OKY0070010181422\OKY0070010181422Anj.UD.csv,F:\Research Work\Response Spectrum\Seismic waveform 1\data1\ER_3.6.9\OKY0070010181422,0.0002384185791015,694,6.94,694,1293,6.0,600,100.0,0.05,0.1,0.3,2.5,Duhamel,100,0.01,4.0,OKY007,34.7807,133.6121,2000/10/18,14:22:00,2000/10/18,14:23:02,119,2000/10/18,14:00:00,35.288,133.317,3.6,12,100,5.619,5.532,1.935,60,0.0002384185791015,2000.0,8388608.0,482,62.48101
F:\Research Work\Response Spectrum\Seismic waveform 1\data1\ER_3.6.9\OKY0090010181422\OKY0090010181422Anj.NS.csv,F:\Research Work\Response Spectrum\Seismic waveform 1\data1\ER_3.6.9\OKY0090010181422\OKY0090010181422Anj.EW.csv,F:\Research Work\Response Spectrum\Seismic waveform 1\data1\ER_3.6.9\OKY0090010181422\OKY0090010181422Anj.UD.csv,F:\Research Work\Response Spectrum\Seismic waveform 1\data1\ER_3.6.9\OKY0090010181422,0.0002384185791015,1483,14.83,1483,2082,6.0,600,100.0,0.05,0.1,0.3,2.5,Duhamel,100,0.01,4.0,OKY009,34.9176,134.0923,2000/10/18,14:22:00,2000/10/18,14:23:07,120,2000/10/18,14:00:00,35.288,133.317,3.6,12,100,3.663,1.687,0.948,48,0.0002384185791015,2000.0,8388608.0,483,81.67448
F:\Research Work\Response Spectrum\Seismic waveform 1\data1\ER_3.6.9\SMN0010010181422\SMN0010010181422Anj.NS.csv,F:\Research Work\Response Spectrum\Seismic waveform 1\data1\ER_3.6.9\SMN0010010181422\SMN0010010181422Anj.EW.csv,F:\Research Work\Response Spectrum\Seismic waveform 1\data1\ER_3.6.9\SMN0010010181422\SMN0010010181422Anj.UD.csv,F:\Research Work\Response Spectrum\Seismic waveform 1\data1\ER_3.6.9\SMN0010010181422,0.0002384185791015,980,9.8,980,1579,6.0,600,100.0,0.05,0.1,0.3,2.5,Duhamel,100,0.01,4.0,SMN001,35.5372,133.1612,2000/10/18,14:22:00,2000/10/18,14:22:54,119,2000/10/18,14:00:00,35.288,133.317,3.6,12,100,2.146,1.905,0.946,2,0.0002384185791015,2000.0,8388608.0,484,31.099562
F:\Research Work\Response Spectrum\Seismic waveform 1\data1\ER_3.6.9\SMN0020010181422\SMN0020010181422Anj.NS.csv,F:\Research Work\Response Spectrum\Seismic waveform 1\data1\ER_3.6.9\SMN0020010181422\SMN0020010181422Anj.EW.csv,F:\Research Work\Response Spectrum\Seismic waveform 1\data1\ER_3.6.9\SMN0020010181422\SMN0020010181422Anj.UD.csv,F:\Research Work\Response Spectrum\Seismic waveform 1\data1\ER_3.6.9\SMN0020010181422,0.0002384185791015,868,8.68,868,1467,6.0,600,100.0,0.05,0.1,0.3,2.5,Duhamel,100,0.01,4.0,SMN002,35.4714,133.0682,2000/10/18,14:22:00,2000/10/18,14:22:53,119,2000/10/18,14:00:00,35.288,133.317,3.6,12,100,4.295,2.392,1.467,2,0.0002384185791015,2000.0,8388608.0,485,30.408415
F:\Research Work\Response Spectrum\Seismic waveform 1\data1\ER_3.6.9\SMN0030010181422\SMN0030010181422Anj.NS.csv,F:\Research Work\Response Spectrum\Seismic waveform 1\data1\ER_3.6.9\SMN0030010181422\SMN0030010181422Anj.EW.csv,F:\Research Work\Response Spectrum\Seismic waveform 1\data1\ER_3.6.9\SMN0030010181422\SMN0030010181422Anj.UD.csv,F:\Research Work\Response Spectrum\Seismic waveform 1\data1\ER_3.6.9\SMN0030010181422,0.0002384185791015,1151,11.51,1151,1750,6.0,600,100.0,0.05,0.1,0.3,2.5,Duhamel,100,0.01,4.0,SMN003,35.1795,133.0929,2000/10/18,14:22:00,2000/10/18,14:22:51,119,2000/10/18,14:00:00,35.288,133.317,3.6,12,100,6.196,6.42,2.249,332,0.0002384185791015,2000.0,8388608.0,486,23.660772
F:\Research Work\Response Spectrum\Seismic waveform 1\data1\ER_3.6.9\TTR0060010181422\TTR0060010181422Anj.NS.csv,F:\Research Work\Response Spectrum\Seismic waveform 1\data1\ER_3.6.9\TTR0060010181422\TTR0060010181422Anj.EW.csv,F:\Research Work\Response Spectrum\Seismic waveform 1\data1\ER_3.6.9\TTR0060010181422\TTR0060010181422Anj.UD.csv,F:\Research Work\Response Spectrum\Seismic waveform 1\data1\ER_3.6.9\TTR0060010181422,0.0002384185791015,903,9.03,903,1502,6.0,600,100.0,0.05,0.1,0.3,2.5,Duhamel,100,0.01,4.0,TTR006,35.5106,133.6303,2000/10/18,14:22:00,2000/10/18,14:22:56,119,2000/10/18,14:00:00,35.288,133.317,3.6,12,100,5.999,3.77,1.189,20,0.0002384185791015,2000.0,8388608.0,487,37.670364
F:\Research Work\Response Spectrum\Seismic waveform 1\data1\ER_3.6.9\TTR0070010181422\TTR0070010181422Anj.NS.csv,F:\Research Work\Response Spectrum\Seismic waveform 1\data1\ER_3.6.9\TTR0070010181422\TTR0070010181422Anj.EW.csv,F:\Research Work\Response Spectrum\Seismic waveform 1\data1\ER_3.6.9\TTR0070010181422\TTR0070010181422Anj.UD.csv,F:\Research Work\Response Spectrum\Seismic waveform 1\data1\ER_3.6.9\TTR0070010181422,0.0002384185791015,1243,12.43,1243,1842,6.0,600,100.0,0.05,0.1,0.3,2.5,Duhamel,100,0.01,4.0,TTR007,35.2826,133.4876,2000/10/18,14:22:00,2000/10/18,14:22:49,119,2000/10/18,14:00:00,35.288,133.317,3.6,12,100,49.595,37.108,15.107,155,0.0002384185791015,2000.0,8388608.0,488,15.496459
F:\Research Work\Response Spectrum\Seismic waveform 1\data1\ER_3.6.9\TTR0080010181422\TTR0080010181422Anj.NS.csv,F:\Research Work\Response Spectrum\Seismic waveform 1\data1\ER_3.6.9\TTR0080010181422\TTR0080010181422Anj.EW.csv,F:\Research Work\Response Spectrum\Seismic waveform 1\data1\ER_3.6.9\TTR0080010181422\TTR0080010181422Anj.UD.csv,F:\Research Work\Response Spectrum\Seismic waveform 1\data1\ER_3.6.9\TTR0080010181422,0.0002384185791015,121,1.21,121,720,6.0,600,100.0,0.05,0.1,0.3,2.5,Duhamel,100,0.01,4.0,TTR008,35.4258,133.3301,2000/10/18,14:22:00,2000/10/18,14:22:49,119,2000/10/18,14:00:00,35.288,133.317,3.6,12,100,2.957,4.571,2.531,2,0.0002384185791015,2000.0,8388608.0,489,15.368646
F:\Research Work\Response Spectrum\Seismic waveform 1\data1\ER_3.6.9\TTR0090010181422\TTR0090010181422Anj.NS.csv,F:\Research Work\Response Spectrum\Seismic waveform 1\data1\ER_3.6.9\TTR0090010181422\TTR0090010181422Anj.EW.csv,F:\Research Work\Response Spectrum\Seismic waveform 1\data1\ER_3.6.9\TTR0090010181422\TTR0090010181422Anj.UD.csv,F:\Research Work\Response Spectrum\Seismic waveform 1\data1\ER_3.6.9\TTR0090010181422,0.0002384185791015,1345,13.45,1345,1944,6.0,600,100.0,0.05,0.1,0.3,2.5,Duhamel,100,0.01,4.0,TTR009,35.1629,133.3063,2000/10/18,14:22:00,2000/10/18,14:22:48,119,2000/10/18,14:00:00,35.288,133.317,3.6,12,100,6.722,5.965,6.042,299,0.0002384185791015,2000.0,8388608.0,490,13.944398
F:\Research Work\Response Spectrum\Seismic waveform 1\data1\ER_3.7.2\HRS0010010061854\HRS0010010061854Anj.NS.csv,F:\Research Work\Response Spectrum\Seismic waveform 1\data1\ER_3.7.2\HRS0010010061854\HRS0010010061854Anj.EW.csv,F:\Research Work\Response Spectrum\Seismic waveform 1\data1\ER_3.7.2\HRS0010010061854\HRS0010010061854Anj.UD.csv,F:\Research Work\Response Spectrum\Seismic waveform 1\data1\ER_3.7.2\HRS0010010061854,0.0002384185791015,712,7.12,712,1311,6.0,600,100.0,0.05,0.1,0.3,2.5,Duhamel,100,0.01,4.0,HRS001,35.0337,132.9018,2000/10/06,18:54:00,2000/10/06,18:54:57,119,2000/10/06,17:00:00,35.273,133.349,3.7,12,100,8.894,7.578,3.463,566,0.0002384185791015,2000.0,8388608.0,491,48.590298
F:\Research Work\Response Spectrum\Seismic waveform 1\data1\ER_3.7.2\SMN0020010061854\SMN0020010061854Anj.NS.csv,F:\Research Work\Response Spectrum\Seismic waveform 1\data1\ER_3.7.2\SMN0020010061854\SMN0020010061854Anj.EW.csv,F:\Research Work\Response Spectrum\Seismic waveform 1\data1\ER_3.7.2\SMN0020010061854\SMN0020010061854Anj.UD.csv,F:\Research Work\Response Spectrum\Seismic waveform 1\data1\ER_3.7.2\SMN0020010061854,0.0002384185791015,699,6.99,699,1298,6.0,600,100.0,0.05,0.1,0.3,2.5,Duhamel,100,0.01,4.0,SMN002,35.4714,133.0682,2000/10/06,18:54:00,2000/10/06,18:54:54,120,2000/10/06,17:00:00,35.273,133.349,3.7,12,100,1.771,2.877,1.868,2,0.0002384185791015,2000.0,8388608.0,492,33.688244
F:\Research Work\Response Spectrum\Seismic waveform 1\data1\ER_3.7.2\SMN0040010061854\SMN0040010061854Anj.NS.csv,F:\Research Work\Response Spectrum\Seismic waveform 1\data1\ER_3.7.2\SMN0040010061854\SMN0040010061854Anj.EW.csv,F:\Research Work\Response Spectrum\Seismic waveform 1\data1\ER_3.7.2\SMN0040010061854\SMN0040010061854Anj.UD.csv,F:\Research Work\Response Spectrum\Seismic waveform 1\data1\ER_3.7.2\SMN0040010061854,0.0002384185791015,970,9.7,970,1569,6.0,600,100.0,0.05,0.1,0.3,2.5,Duhamel,100,0.01,4.0,SMN004,35.2881,132.9004,2000/10/06,18:54:00,2000/10/06,18:54:55,119,2000/10/06,17:00:00,35.273,133.349,3.7,12,100,5.467,3.717,1.887,45,0.0002384185791015,2000.0,8388608.0,493,40.75496
F:\Research Work\Response Spectrum\Seismic waveform 1\data1\ER_3.7.2\SMN0160010061854\SMN0160010061854Anj.NS.csv,F:\Research Work\Response Spectrum\Seismic waveform 1\data1\ER_3.7.2\SMN0160010061854\SMN0160010061854Anj.EW.csv,F:\Research Work\Response Spectrum\Seismic waveform 1\data1\ER_3.7.2\SMN0160010061854\SMN0160010061854Anj.UD.csv,F:\Research Work\Response Spectrum\Seismic waveform 1\data1\ER_3.7.2\SMN0160010061854,0.0002384185791015,602,6.02,602,1201,6.0,600,100.0,0.05,0.1,0.3,2.5,Duhamel,100,0.01,4.0,SMN016,35.1957,132.8146,2000/10/06,18:54:00,2000/10/06,18:54:58,119,2000/10/06,16:00:00,35.273,133.349,3.7,12,100,3.674,5.328,2.708,210,0.0002384185791015,2000.0,8388608.0,494,49.291447
F:\Research Work\Response Spectrum\Seismic waveform 1\data1\ER_3.7.2\TTR0090010061854\TTR0090010061854Anj.NS.csv,F:\Research Work\Response Spectrum\Seismic waveform 1\data1\ER_3.7.2\TTR0090010061854\TTR0090010061854Anj.EW.csv,F:\Research Work\Response Spectrum\Seismic waveform 1\data1\ER_3.7.2\TTR0090010061854\TTR0090010061854Anj.UD.csv,F:\Research Work\Response Spectrum\Seismic waveform 1\data1\ER_3.7.2\TTR0090010061854,0.0002384185791015,1240,12.4,1240,1839,6.0,600,100.0,0.05,0.1,0.3,2.5,Duhamel,100,0.01,4.0,TTR009,35.1629,133.3063,2000/10/06,18:54:00,2000/10/06,18:53:38,131,2000/10/06,17:00:00,35.273,133.349,3.7,12,100,7.427,9.418,10.055,299,0.0002384185791015,2000.0,8388608.0,495,12.842378
F:\Research Work\Response Spectrum\Seismic waveform 1\data2\ER_3.6.21\HRS0010210240613\HRS0010210240613Anj.NS.csv,F:\Research Work\Response Spectrum\Seismic waveform 1\data2\ER_3.6.21\HRS0010210240613\HRS0010210240613Anj.EW.csv,F:\Research Work\Response Spectrum\Seismic waveform 1\data2\ER_3.6.21\HRS0010210240613\HRS0010210240613Anj.UD.csv,F:\Research Work\Response Spectrum\Seismic waveform 1\data2\ER_3.6.21\HRS0010210240613,0.0002384185791015,721,7.21,721,1320,6.0,600,100.0,0.05,0.1,0.3,2.5,Duhamel,100,0.01,4.0,HRS001,35.0337,132.9018,2002/10/24,06:13:00,2002/10/24,06:13:33,119,2002/10/24,06:00:00,35.34,133.402,3.6,12,100,7.527,9.527,1.355,566,0.0002384185791015,2000.0,8388608.0,506,56.800632
F:\Research Work\Response Spectrum\Seismic waveform 1\data2\ER_3.6.21\HRS0210210240613\HRS0210210240613Anj.NS.csv,F:\Research Work\Response Spectrum\Seismic waveform 1\data2\ER_3.6.21\HRS0210210240613\HRS0210210240613Anj.EW.csv,F:\Research Work\Response Spectrum\Seismic waveform 1\data2\ER_3.6.21\HRS0210210240613\HRS0210210240613Anj.UD.csv,F:\Research Work\Response Spectrum\Seismic waveform 1\data2\ER_3.6.21\HRS0210210240613,0.0002384185791015,1442,14.42,1442,2041,6.0,600,100.0,0.05,0.1,0.3,2.5,Duhamel,100,0.01,4.0,HRS021,34.9529,133.1171,2002/10/24,06:13:00,2002/10/24,06:13:25,119,2002/10/24,06:00:00,35.34,133.402,3.6,12,100,2.984,3.245,6.025,325,0.0002384185791015,2000.0,8388608.0,507,50.23689
F:\Research Work\Response Spectrum\Seismic waveform 1\data2\ER_3.6.21\OKY0010210240613\OKY0010210240613Anj.NS.csv,F:\Research Work\Response Spectrum\Seismic waveform 1\data2\ER_3.6.21\OKY0010210240613\OKY0010210240613Anj.EW.csv,F:\Research Work\Response Spectrum\Seismic waveform 1\data2\ER_3.6.21\OKY0010210240613\OKY0010210240613Anj.UD.csv,F:\Research Work\Response Spectrum\Seismic waveform 1\data2\ER_3.6.21\OKY0010210240613,0.0002384185791015,1461,14.61,1461,2060,6.0,600,100.0,0.05,0.1,0.3,2.5,Duhamel,100,0.01,4.0,OKY001,35.1945,133.7314,2002/10/24,06:13:00,2002/10/24,06:13:22,119,2002/10/24,06:00:00,35.34,133.402,3.6,12,100,5.032,2.479,3.959,334,0.0002384185791015,2000.0,8388608.0,508,34.001152
F:\Research Work\Response Spectrum\Seismic waveform 1\data2\ER_3.6.21\SMN0010210240613\SMN0010210240613Anj.NS.csv,F:\Research Work\Response Spectrum\Seismic waveform 1\data2\ER_3.6.21\SMN0010210240613\SMN0010210240613Anj.EW.csv,F:\Research Work\Response Spectrum\Seismic waveform 1\data2\ER_3.6.21\SMN0010210240613\SMN0010210240613Anj.UD.csv,F:\Research Work\Response Spectrum\Seismic waveform 1\data2\ER_3.6.21\SMN0010210240613,0.0002384185791015,1016,10.16,1016,1615,6.0,600,100.0,0.05,0.1,0.3,2.5,Duhamel,100,0.01,4.0,SMN001,35.5372,133.1612,2002/10/24,06:13:00,2002/10/24,06:13:26,119,2002/10/24,06:00:00,35.34,133.402,3.6,12,100,5.286,6.463,1.889,2,0.0002384185791015,2000.0,8388608.0,509,30.930933
F:\Research Work\Response Spectrum\Seismic waveform 1\data2\ER_3.6.21\TTR0060210240613\TTR0060210240613Anj.NS.csv,F:\Research Work\Response Spectrum\Seismic waveform 1\data2\ER_3.6.21\TTR0060210240613\TTR0060210240613Anj.EW.csv,F:\Research Work\Response Spectrum\Seismic waveform 1\data2\ER_3.6.21\TTR0060210240613\TTR0060210240613Anj.UD.csv,F:\Research Work\Response Spectrum\Seismic waveform 1\data2\ER_3.6.21\TTR0060210240613,0.0002384185791015,96,0.96,96,695,6.0,600,100.0,0.05,0.1,0.3,2.5,Duhamel,100,0.01,4.0,TTR006,35.5106,133.6303,2002/10/24,06:13:00,2002/10/24,06:13:25,119,2002/10/24,06:00:00,35.34,133.402,3.6,12,100,6.095,9.368,2.556,20,0.0002384185791015,2000.0,8388608.0,510,28.067282
F:\Research Work\Response Spectrum\Seismic waveform 1\data2\ER_3.6.21\TTR0070210240613\TTR0070210240613Anj.NS.csv,F:\Research Work\Response Spectrum\Seismic waveform 1\data2\ER_3.6.21\TTR0070210240613\TTR0070210240613Anj.EW.csv,F:\Research Work\Response Spectrum\Seismic waveform 1\data2\ER_3.6.21\TTR0070210240613\TTR0070210240613Anj.UD.csv,F:\Research Work\Response Spectrum\Seismic waveform 1\data2\ER_3.6.21\TTR0070210240613,0.0002384185791015,1398,13.98,1398,1997,6.0,600,100.0,0.05,0.1,0.3,2.5,Duhamel,100,0.01,4.0,TTR007,35.2826,133.4876,2002/10/24,06:13:00,2002/10/24,06:13:19,119,2002/10/24,06:00:00,35.34,133.402,3.6,12,100,11.389,9.529,11.262,155,0.0002384185791015,2000.0,8388608.0,511,10.053158
F:\Research Work\Response Spectrum\Seismic waveform 1\data2\ER_3.6.21\TTR0080210240613\TTR0080210240613Anj.NS.csv,F:\Research Work\Response Spectrum\Seismic waveform 1\data2\ER_3.6.21\TTR0080210240613\TTR0080210240613Anj.EW.csv,F:\Research Work\Response Spectrum\Seismic waveform 1\data2\ER_3.6.21\TTR0080210240613\TTR0080210240613Anj.UD.csv,F:\Research Work\Response Spectrum\Seismic waveform 1\data2\ER_3.6.21\TTR0080210240613,0.0002384185791015,778,7.78,778,1377,6.0,600,100.0,0.05,0.1,0.3,2.5,Duhamel,100,0.01,4.0,TTR008,35.4258,133.3301,2002/10/24,06:13:00,2002/10/24,06:13:21,120,2002/10/24,06:00:00,35.34,133.402,3.6,12,100,12.258,8.321,6.408,2,0.0002384185791015,2000.0,8388608.0,512,11.554623
F:\Research Work\Response Spectrum\Seismic waveform 1\data2\ER_3.7.13\HRS0010102180957\HRS0010102180957Anj.NS.csv,F:\Research Work\Response Spectrum\Seismic waveform 1\data2\ER_3.7.13\HRS0010102180957\HRS0010102180957Anj.EW.csv,F:\Research Work\Response Spectrum\Seismic waveform 1\data2\ER_3.7.13\HRS0010102180957\HRS0010102180957Anj.UD.csv,F:\Research Work\Response Spectrum\Seismic waveform 1\data2\ER_3.7.13\HRS0010102180957,0.0002384185791015,863,8.63,863,1462,6.0,600,100.0,0.05,0.1,0.3,2.5,Duhamel,100,0.01,4.0,HRS001,35.0337,132.9018,2001/02/18,09:57:00,2001/02/18,09:58:02,119,2001/02/18,09:00:00,35.205,133.414,3.7,11,100,5.75,4.696,2.493,566,0.0002384185791015,2000.0,8388608.0,530,50.329407
F:\Research Work\Response Spectrum\Seismic waveform 1\data2\ER_3.7.13\HRS0020102180957\HRS0020102180957Anj.NS.csv,F:\Research Work\Response Spectrum\Seismic waveform 1\data2\ER_3.7.13\HRS0020102180957\HRS0020102180957Anj.EW.csv,F:\Research Work\Response Spectrum\Seismic waveform 1\data2\ER_3.7.13\HRS0020102180957\HRS0020102180957Anj.UD.csv,F:\Research Work\Response Spectrum\Seismic waveform 1\data2\ER_3.7.13\HRS0020102180957,0.0002384185791015,948,9.48,948,1547,6.0,600,100.0,0.05,0.1,0.3,2.5,Duhamel,100,0.01,4.0,HRS002,34.8951,133.2755,2001/02/18,09:57:00,2001/02/18,09:57:59,119,2001/02/18,09:00:00,35.205,133.414,3.7,11,100,14.215,12.919,1.665,306,0.0002384185791015,2000.0,8388608.0,531,36.693256
F:\Research Work\Response Spectrum\Seismic waveform 1\data2\ER_3.7.13\HRS0060102180957\HRS0060102180957Anj.NS.csv,F:\Research Work\Response Spectrum\Seismic waveform 1\data2\ER_3.7.13\HRS0060102180957\HRS0060102180957Anj.EW.csv,F:\Research Work\Response Spectrum\Seismic waveform 1\data2\ER_3.7.13\HRS0060102180957\HRS0060102180957Anj.UD.csv,F:\Research Work\Response Spectrum\Seismic waveform 1\data2\ER_3.7.13\HRS0060102180957,0.0002384185791015,1060,10.6,1060,1659,6.0,600,100.0,0.05,0.1,0.3,2.5,Duhamel,100,0.01,4.0,HRS006,34.6659,132.4077,2001/02/18,09:57:00,2001/02/18,09:58:19,119,2001/02/18,09:00:00,35.205,133.414,3.7,11,100,2.474,1.692,1.628,371,0.0002384185791015,2000.0,8388608.0,532,109.58054
F:\Research Work\Response Spectrum\Seismic waveform 1\data2\ER_3.7.13\HRS0210102180957\HRS0210102180957Anj.NS.csv,F:\Research Work\Response Spectrum\Seismic waveform 1\data2\ER_3.7.13\HRS0210102180957\HRS0210102180957Anj.EW.csv,F:\Research Work\Response Spectrum\Seismic waveform 1\data2\ER_3.7.13\HRS0210102180957\HRS0210102180957Anj.UD.csv,F:\Research Work\Response Spectrum\Seismic waveform 1\data2\ER_3.7.13\HRS0210102180957,0.0002384185791015,894,8.94,894,1493,6.0,600,100.0,0.05,0.1,0.3,2.5,Duhamel,100,0.01,4.0,HRS021,34.9529,133.1171,2001/02/18,09:57:00,2001/02/18,09:58:00,119,2001/02/18,09:00:00,35.205,133.414,3.7,11,100,5.104,5.712,1.977,325,0.0002384185791015,2000.0,8388608.0,533,38.932392
F:\Research Work\Response Spectrum\Seismic waveform 1\data2\ER_3.7.13\OKY0010102180957\OKY0010102180957Anj.NS.csv,F:\Research Work\Response Spectrum\Seismic waveform 1\data2\ER_3.7.13\OKY0010102180957\OKY0010102180957Anj.EW.csv,F:\Research Work\Response Spectrum\Seismic waveform 1\data2\ER_3.7.13\OKY0010102180957\OKY0010102180957Anj.UD.csv,F:\Research Work\Response Spectrum\Seismic waveform 1\data2\ER_3.7.13\OKY0010102180957,0.0002384185791015,1421,14.21,1421,2020,6.0,600,100.0,0.05,0.1,0.3,2.5,Duhamel,100,0.01,4.0,OKY001,35.1945,133.7314,2001/02/18,09:57:00,2001/02/18,09:57:53,119,2001/02/18,09:00:00,35.205,133.414,3.7,11,100,6.076,4.85,4.514,334,0.0002384185791015,2000.0,8388608.0,534,28.863415
F:\Research Work\Response Spectrum\Seismic waveform 1\data2\ER_3.7.13\OKY0050102180957\OKY0050102180957Anj.NS.csv,F:\Research Work\Response Spectrum\Seismic waveform 1\data2\ER_3.7.13\OKY0050102180957\OKY0050102180957Anj.EW.csv,F:\Research Work\Response Spectrum\Seismic waveform 1\data2\ER_3.7.13\OKY0050102180957\OKY0050102180957Anj.UD.csv,F:\Research Work\Response Spectrum\Seismic waveform 1\data2\ER_3.7.13\OKY0050102180957,0.0002384185791015,938,9.38,938,1537,6.0,600,100.0,0.05,0.1,0.3,2.5,Duhamel,100,0.01,4.0,OKY005,35.0098,133.7317,2001/02/18,09:57:00,2001/02/18,09:57:59,119,2001/02/18,09:00:00,35.205,133.414,3.7,11,100,7.545,6.625,4.888,134,0.0002384185791015,2000.0,8388608.0,535,36.142998
F:\Research Work\Response Spectrum\Seismic waveform 1\data2\ER_3.7.13\OKY0080102180957\OKY0080102180957Anj.NS.csv,F:\Research Work\Response Spectrum\Seismic waveform 1\data2\ER_3.7.13\OKY0080102180957\OKY0080102180957Anj.EW.csv,F:\Research Work\Response Spectrum\Seismic waveform 1\data2\ER_3.7.13\OKY0080102180957\OKY0080102180957Anj.UD.csv,F:\Research Work\Response Spectrum\Seismic waveform 1\data2\ER_3.7.13\OKY0080102180957,0.0002384185791015,720,7.2,720,1319,6.0,600,100.0,0.05,0.1,0.3,2.5,Duhamel,100,0.01,4.0,OKY008,34.8701,133.9036,2001/02/18,09:57:00,2001/02/18,09:58:05,119,2001/02/18,09:00:00,35.205,133.414,3.7,11,100,2.556,2.324,0.967,62,0.0002384185791015,2000.0,8388608.0,536,58.083305
F:\Research Work\Response Spectrum\Seismic waveform 1\data2\ER_3.7.13\SMN0010102180957\SMN0010102180957Anj.NS.csv,F:\Research Work\Response Spectrum\Seismic waveform 1\data2\ER_3.7.13\SMN0010102180957\SMN0010102180957Anj.EW.csv,F:\Research Work\Response Spectrum\Seismic waveform 1\data2\ER_3.7.13\SMN0010102180957\SMN0010102180957Anj.UD.csv,F:\Research Work\Response Spectrum\Seismic waveform 1\data2\ER_3.7.13\SMN0010102180957,0.0002384185791015,859,8.59,859,1458,6.0,600,100.0,0.05,0.1,0.3,2.5,Duhamel,100,0.01,4.0,SMN001,35.5372,133.1612,2001/02/18,09:57:00,2001/02/18,09:58:01,119,2001/02/18,09:00:00,35.205,133.414,3.7,11,100,3.988,4.188,0.85,2,0.0002384185791015,2000.0,8388608.0,537,43.47273
F:\Research Work\Response Spectrum\Seismic waveform 1\data2\ER_3.7.13\TTR0070102180957\TTR0070102180957Anj.NS.csv,F:\Research Work\Response Spectrum\Seismic waveform 1\data2\ER_3.7.13\TTR0070102180957\TTR0070102180957Anj.EW.csv,F:\Research Work\Response Spectrum\Seismic waveform 1\data2\ER_3.7.13\TTR0070102180957\TTR0070102180957Anj.UD.csv,F:\Research Work\Response Spectrum\Seismic waveform 1\data2\ER_3.7.13\TTR0070102180957,0.0002384185791015,1321,13.21,1321,1920,6.0,600,100.0,0.05,0.1,0.3,2.5,Duhamel,100,0.01,4.0,TTR007,35.2826,133.4876,2001/02/18,09:57:00,2001/02/18,09:57:51,119,2001/02/18,09:00:00,35.205,133.414,3.7,11,100,19.802,20.061,6.794,155,0.0002384185791015,2000.0,8388608.0,538,10.914619
F:\Research Work\Response Spectrum\Seismic waveform 1\data2\ER_3.7.13\TTR0090102180957\TTR0090102180957Anj.NS.csv,F:\Research Work\Response Spectrum\Seismic waveform 1\data2\ER_3.7.13\TTR0090102180957\TTR0090102180957Anj.EW.csv,F:\Research Work\Response Spectrum\Seismic waveform 1\data2\ER_3.7.13\TTR0090102180957\TTR0090102180957Anj.UD.csv,F:\Research Work\Response Spectrum\Seismic waveform 1\data2\ER_3.7.13\TTR0090102180957,0.0002384185791015,1439,14.39,1439,2038,6.0,600,100.0,0.05,0.1,0.3,2.5,Duhamel,100,0.01,4.0,TTR009,35.1629,133.3063,2001/02/18,09:57:00,2001/02/18,09:57:50,119,2001/02/18,09:00:00,35.205,133.414,3.7,11,100,19.065,26.167,6.518,299,0.0002384185791015,2000.0,8388608.0,539,10.849693
F:\Research Work\Response Spectrum\Seismic waveform 1\data2\ER_3.7.14\HRS0010109171849\HRS0010109171849Anj.NS.csv,F:\Research Work\Response Spectrum\Seismic waveform 1\data2\ER_3.7.14\HRS0010109171849\HRS0010109171849Anj.EW.csv,F:\Research Work\Response Spectrum\Seismic waveform 1\data2\ER_3.7.14\HRS0010109171849\HRS0010109171849Anj.UD.csv,F:\Research Work\Response Spectrum\Seismic waveform 1\data2\ER_3.7.14\HRS0010109171849,0.0002384185791015,814,8.14,814,1413,6.0,600,100.0,0.05,0.1,0.3,2.5,Duhamel,100,0.01,4.0,HRS001,35.0337,132.9018,2001/09/17,18:49:00,2001/09/17,18:49:36,119,2001/09/17,17:00:00,34.928,132.377,3.7,16,100,3.09,3.527,2.223,566,0.0002384185791015,2000.0,8388608.0,540,49.236217
F:\Research Work\Response Spectrum\Seismic waveform 1\data2\ER_3.7.14\HRS0040109171849\HRS0040109171849Anj.NS.csv,F:\Research Work\Response Spectrum\Seismic waveform 1\data2\ER_3.7.14\HRS0040109171849\HRS0040109171849Anj.EW.csv,F:\Research Work\Response Spectrum\Seismic waveform 1\data2\ER_3.7.14\HRS0040109171849\HRS0040109171849Anj.UD.csv,F:\Research Work\Response Spectrum\Seismic waveform 1\data2\ER_3.7.14\HRS0040109171849,0.0002384185791015,1058,10.58,1058,1657,6.0,600,100.0,0.05,0.1,0.3,2.5,Duhamel,100,0.01,4.0,HRS004,34.7262,132.2772,2001/09/17,18:49:00,2001/09/17,18:49:30,119,2001/09/17,18:00:00,34.928,132.377,3.7,16,100,6.574,10.146,3.143,586,0.0002384185791015,2000.0,8388608.0,541,24.217714
F:\Research Work\Response Spectrum\Seismic waveform 1\data2\ER_3.7.14\HRS0060109171849\HRS0060109171849Anj.NS.csv,F:\Research Work\Response Spectrum\Seismic waveform 1\data2\ER_3.7.14\HRS0060109171849\HRS0060109171849Anj.EW.csv,F:\Research Work\Response Spectrum\Seismic waveform 1\data2\ER_3.7.14\HRS0060109171849\HRS0060109171849Anj.UD.csv,F:\Research Work\Response Spectrum\Seismic waveform 1\data2\ER_3.7.14\HRS0060109171849,0.0002384185791015,1020,10.2,1020,1619,6.0,600,100.0,0.05,0.1,0.3,2.5,Duhamel,100,0.01,4.0,HRS006,34.6659,132.4077,2001/09/17,18:49:00,2001/09/17,18:49:31,119,2001/09/17,18:00:00,34.928,132.377,3.7,16,100,5.747,3.29,1.458,371,0.0002384185791015,2000.0,8388608.0,542,29.278696
F:\Research Work\Response Spectrum\Seismic waveform 1\data2\ER_3.7.14\HRS0090109171849\HRS0090109171849Anj.NS.csv,F:\Research Work\Response Spectrum\Seismic waveform 1\data2\ER_3.7.14\HRS0090109171849\HRS0090109171849Anj.EW.csv,F:\Research Work\Response Spectrum\Seismic waveform 1\data2\ER_3.7.14\HRS0090109171849\HRS0090109171849Anj.UD.csv,F:\Research Work\Response Spectrum\Seismic waveform 1\data2\ER_3.7.14\HRS0090109171849,0.0002384185791015,837,8.37,837,1436,6.0,600,100.0,0.05,0.1,0.3,2.5,Duhamel,100,0.01,4.0,HRS009,34.4926,132.2794,2001/09/17,18:49:00,2001/09/17,18:49:36,119,2001/09/17,17:00:00,34.928,132.377,3.7,16,100,3.244,4.345,2.092,219,0.0002384185791015,2000.0,8388608.0,543,49.229366
F:\Research Work\Response Spectrum\Seismic waveform 1\data2\ER_3.7.14\HRS0210109171849\HRS0210109171849Anj.NS.csv,F:\Research Work\Response Spectrum\Seismic waveform 1\data2\ER_3.7.14\HRS0210109171849\HRS0210109171849Anj.EW.csv,F:\Research Work\Response Spectrum\Seismic waveform 1\data2\ER_3.7.14\HRS0210109171849\HRS0210109171849Anj.UD.csv,F:\Research Work\Response Spectrum\Seismic waveform 1\data2\ER_3.7.14\HRS0210109171849,0.0002384185791015,1399,13.99,1399,1998,6.0,600,100.0,0.05,0.1,0.3,2.5,Duhamel,100,0.01,4.0,HRS021,34.9529,133.1171,2001/09/17,18:49:00,2001/09/17,18:49:33,119,2001/09/17,17:00:00,34.928,132.377,3.7,16,100,2.719,4.073,6.104,325,0.0002384185791015,2000.0,8388608.0,544,67.51808
F:\Research Work\Response Spectrum\Seismic waveform 1\data2\ER_3.7.14\SMN0040109171849\SMN0040109171849Anj.NS.csv,F:\Research Work\Response Spectrum\Seismic waveform 1\data2\ER_3.7.14\SMN0040109171849\SMN0040109171849Anj.EW.csv,F:\Research Work\Response Spectrum\Seismic waveform 1\data2\ER_3.7.14\SMN0040109171849\SMN0040109171849Anj.UD.csv,F:\Research Work\Response Spectrum\Seismic waveform 1\data2\ER_3.7.14\SMN0040109171849,0.0002384185791015,1453,14.53,1453,2052,6.0,600,100.0,0.05,0.1,0.3,2.5,Duhamel,100,0.01,4.0,SMN004,35.2881,132.9004,2001/09/17,18:49:00,2001/09/17,18:49:39,119,2001/09/17,17:00:00,34.928,132.377,3.7,16,100,4.502,2.992,2.542,45,0.0002384185791015,2000.0,8388608.0,545,62.210144
F:\Research Work\Response Spectrum\Seismic waveform 1\data2\ER_3.7.14\SMN0070109171849\SMN0070109171849Anj.NS.csv,F:\Research Work\Response Spectrum\Seismic waveform 1\data2\ER_3.7.14\SMN0070109171849\SMN0070109171849Anj.EW.csv,F:\Research Work\Response Spectrum\Seismic waveform 1\data2\ER_3.7.14\SMN0070109171849\SMN0070109171849Anj.UD.csv,F:\Research Work\Response Spectrum\Seismic waveform 1\data2\ER_3.7.14\SMN0070109171849,0.0002384185791015,1058,10.58,1058,1657,6.0,600,100.0,0.05,0.1,0.3,2.5,Duhamel,100,0.01,4.0,SMN007,35.0807,132.5914,2001/09/17,18:49:00,2001/09/17,18:49:30,119,2001/09/17,18:00:00,34.928,132.377,3.7,16,100,14.642,14.172,7.056,67,0.0002384185791015,2000.0,8388608.0,546,25.877264
F:\Research Work\Response Spectrum\Seismic waveform 1\data2\ER_3.7.14\SMN0080109171849\SMN0080109171849Anj.NS.csv,F:\Research Work\Response Spectrum\Seismic waveform 1\data2\ER_3.7.14\SMN0080109171849\SMN0080109171849Anj.EW.csv,F:\Research Work\Response Spectrum\Seismic waveform 1\data2\ER_3.7.14\SMN0080109171849\SMN0080109171849Anj.UD.csv,F:\Research Work\Response Spectrum\Seismic waveform 1\data2\ER_3.7.14\SMN0080109171849,0.0002384185791015,1451,14.51,1451,2050,6.0,600,100.0,0.05,0.1,0.3,2.5,Duhamel,100,0.01,4.0,SMN008,34.8523,132.5308,2001/09/17,18:49:00,2001/09/17,18:49:25,119,2001/09/17,17:00:00,34.928,132.377,3.7,16,100,13.632,26.068,9.155,335,0.0002384185791015,2000.0,8388608.0,547,16.359428
F:\Research Work\Response Spectrum\Seismic waveform 1\data2\ER_3.7.14\SMN0090109171849\SMN0090109171849Anj.NS.csv,F:\Research Work\Response Spectrum\Seismic waveform 1\data2\ER_3.7.14\SMN0090109171849\SMN0090109171849Anj.EW.csv,F:\Research Work\Response Spectrum\Seismic waveform 1\data2\ER_3.7.14\SMN0090109171849\SMN0090109171849Anj.UD.csv,F:\Research Work\Response Spectrum\Seismic waveform 1\data2\ER_3.7.14\SMN0090109171849,0.0002384185791015,875,8.75,875,1474,6.0,600,100.0,0.05,0.1,0.3,2.5,Duhamel,100,0.01,4.0,SMN009,35.0112,132.2227,2001/09/17,18:49:00,2001/09/17,18:49:27,119,2001/09/17,18:00:00,34.928,132.377,3.7,16,100,17.481,10.932,5.635,20,0.0002384185791015,2000.0,8388608.0,548,16.830458
F:\Research Work\Response Spectrum\Seismic waveform 1\data2\ER_3.7.14\SMN0160109171849\SMN0160109171849Anj.NS.csv,F:\Research Work\Response Spectrum\Seismic waveform 1\data2\ER_3.7.14\SMN0160109171849\SMN0160109171849Anj.EW.csv,F:\Research Work\Response Spectrum\Seismic waveform 1\data2\ER_3.7.14\SMN0160109171849\SMN0160109171849Anj.UD.csv,F:\Research Work\Response Spectrum\Seismic waveform 1\data2\ER_3.7.14\SMN0160109171849,0.0002384185791015,828,8.28,828,1427,6.0,600,100.0,0.05,0.1,0.3,2.5,Duhamel,100,0.01,4.0,SMN016,35.1957,132.8146,2001/09/17,18:49:00,2001/09/17,18:49:36,119,2001/09/17,17:00:00,34.928,132.377,3.7,16,100,3.707,4.456,4.149,210,0.0002384185791015,2000.0,8388608.0,549,49.72321
F:\Research Work\Response Spectrum\Seismic waveform 1\data2\ER_3.7.15\SMN0060110010245\SMN0060110010245Anj.NS.csv,F:\Research Work\Response Spectrum\Seismic waveform 1\data2\ER_3.7.15\SMN0060110010245\SMN0060110010245Anj.EW.csv,F:\Research Work\Response Spectrum\Seismic waveform 1\data2\ER_3.7.15\SMN0060110010245\SMN0060110010245Anj.UD.csv,F:\Research Work\Response Spectrum\Seismic waveform 1\data2\ER_3.7.15\SMN0060110010245,0.0002384185791015,1064,10.64,1064,1663,6.0,600,100.0,0.05,0.1,0.3,2.5,Duhamel,100,0.01,4.0,SMN006,35.1942,132.4978,2001/10/01,02:45:00,2001/10/01,02:45:14,119,2001/10/01,02:00:00,35.018,132.369,3.7,13,100,2.093,3.177,1.347,36,0.0002384185791015,2000.0,8388608.0,550,22.828623
F:\Research Work\Response Spectrum\Seismic waveform 1\data2\ER_3.7.15\SMN0080110010245\SMN0080110010245Anj.NS.csv,F:\Research Work\Response Spectrum\Seismic waveform 1\data2\ER_3.7.15\SMN0080110010245\SMN0080110010245Anj.EW.csv,F:\Research Work\Response Spectrum\Seismic waveform 1\data2\ER_3.7.15\SMN0080110010245\SMN0080110010245Anj.UD.csv,F:\Research Work\Response Spectrum\Seismic waveform 1\data2\ER_3.7.15\SMN0080110010245,0.0002384185791015,1079,10.79,1079,1678,6.0,600,100.0,0.05,0.1,0.3,2.5,Duhamel,100,0.01,4.0,SMN008,34.8523,132.5308,2001/10/01,02:45:00,2001/10/01,02:45:14,119,2001/10/01,02:00:00,35.018,132.369,3.7,13,100,4.211,6.108,3.794,335,0.0002384185791015,2000.0,8388608.0,551,23.601322
F:\Research Work\Response Spectrum\Seismic waveform 1\data2\ER_3.7.15\SMN0090110010245\SMN0090110010245Anj.NS.csv,F:\Research Work\Response Spectrum\Seismic waveform 1\data2\ER_3.7.15\SMN0090110010245\SMN0090110010245Anj.EW.csv,F:\Research Work\Response Spectrum\Seismic waveform 1\data2\ER_3.7.15\SMN0090110010245\SMN0090110010245Anj.UD.csv,F:\Research Work\Response Spectrum\Seismic waveform 1\data2\ER_3.7.15\SMN0090110010245,0.0002384185791015,1425,14.25,1425,2024,6.0,600,100.0,0.05,0.1,0.3,2.5,Duhamel,100,0.01,4.0,SMN009,35.0112,132.2227,2001/10/01,02:45:00,2001/10/01,02:45:09,119,2001/10/01,02:00:00,35.018,132.369,3.7,13,100,10.415,13.467,10.15,20,0.0002384185791015,2000.0,8388608.0,552,13.344875
F:\Research Work\Response Spectrum\Seismic waveform 1\data2\ER_3.7.17\HRS0010209031728\HRS0010209031728Anj.NS.csv,F:\Research Work\Response Spectrum\Seismic waveform 1\data2\ER_3.7.17\HRS0010209031728\HRS0010209031728Anj.EW.csv,F:\Research Work\Response Spectrum\Seismic waveform 1\data2\ER_3.7.17\HRS0010209031728\HRS0010209031728Anj.UD.csv,F:\Research Work\Response Spectrum\Seismic waveform 1\data2\ER_3.7.17\HRS0010209031728,0.0002384185791015,1379,13.79,1379,1978,6.0,600,100.0,0.05,0.1,0.3,2.5,Duhamel,100,0.01,4.0,HRS001,35.0337,132.9018,2002/09/03,17:28:00,2002/09/03,17:28:45,119,2002/09/03,17:00:00,35.003,132.884,3.7,9,100,24.44,36.218,14.934,566,0.0002384185791015,2000.0,8388608.0,553,3.778988
F:\Research Work\Response Spectrum\Seismic waveform 1\data2\ER_3.7.17\HRS0020209031728\HRS0020209031728Anj.NS.csv,F:\Research Work\Response Spectrum\Seismic waveform 1\data2\ER_3.7.17\HRS0020209031728\HRS0020209031728Anj.EW.csv,F:\Research Work\Response Spectrum\Seismic waveform 1\data2\ER_3.7.17\HRS0020209031728\HRS0020209031728Anj.UD.csv,F:\Research Work\Response Spectrum\Seismic waveform 1\data2\ER_3.7.17\HRS0020209031728,0.0002384185791015,981,9.81,981,1580,6.0,600,100.0,0.05,0.1,0.3,2.5,Duhamel,100,0.01,4.0,HRS002,34.8951,133.2755,2002/09/03,17:28:00,2002/09/03,17:28:54,119,2002/09/03,17:00:00,35.003,132.884,3.7,9,100,4.107,3.049,1.241,306,0.0002384185791015,2000.0,8388608.0,554,37.645267
F:\Research Work\Response Spectrum\Seismic waveform 1\data2\ER_3.7.17\HRS0030209031728\HRS0030209031728Anj.NS.csv,F:\Research Work\Response Spectrum\Seismic waveform 1\data2\ER_3.7.17\HRS0030209031728\HRS0030209031728Anj.EW.csv,F:\Research Work\Response Spectrum\Seismic waveform 1\data2\ER_3.7.17\HRS0030209031728\HRS0030209031728Anj.UD.csv,F:\Research Work\Response Spectrum\Seismic waveform 1\data2\ER_3.7.17\HRS0030209031728,0.0002384185791015,1432,14.32,1432,2031,6.0,600,100.0,0.05,0.1,0.3,2.5,Duhamel,100,0.01,4.0,HRS003,34.8143,132.8418,2002/09/03,17:28:00,2002/09/03,17:28:47,119,2002/09/03,17:00:00,35.003,132.884,3.7,9,100,2.717,1.716,3.184,156,0.0002384185791015,2000.0,8388608.0,555,21.332426
F:\Research Work\Response Spectrum\Seismic waveform 1\data2\ER_3.7.17\HRS0210209031728\HRS0210209031728Anj.NS.csv,F:\Research Work\Response Spectrum\Seismic waveform 1\data2\ER_3.7.17\HRS0210209031728\HRS0210209031728Anj.EW.csv,F:\Research Work\Response Spectrum\Seismic waveform 1\data2\ER_3.7.17\HRS0210209031728\HRS0210209031728Anj.UD.csv,F:\Research Work\Response Spectrum\Seismic waveform 1\data2\ER_3.7.17\HRS0210209031728,0.0002384185791015,1434,14.34,1434,2033,6.0,600,100.0,0.05,0.1,0.3,2.5,Duhamel,100,0.01,4.0,HRS021,34.9529,133.1171,2002/09/03,17:28:00,2002/09/03,17:28:47,119,2002/09/03,17:00:00,35.003,132.884,3.7,9,100,12.375,16.56,7.108,325,0.0002384185791015,2000.0,8388608.0,556,21.956247
F:\Research Work\Response Spectrum\Seismic waveform 1\data2\ER_3.7.17\SMN0160209031728\SMN0160209031728Anj.NS.csv,F:\Research Work\Response Spectrum\Seismic waveform 1\data2\ER_3.7.17\SMN0160209031728\SMN0160209031728Anj.EW.csv,F:\Research Work\Response Spectrum\Seismic waveform 1\data2\ER_3.7.17\SMN0160209031728\SMN0160209031728Anj.UD.csv,F:\Research Work\Response Spectrum\Seismic waveform 1\data2\ER_3.7.17\SMN0160209031728,0.0002384185791015,1130,11.3,1130,1729,6.0,600,100.0,0.05,0.1,0.3,2.5,Duhamel,100,0.01,4.0,SMN016,35.1957,132.8146,2002/09/03,17:28:00,2002/09/03,17:28:50,119,2002/09/03,17:00:00,35.003,132.884,3.7,9,100,2.66,3.487,2.318,210,0.0002384185791015,2000.0,8388608.0,557,22.338078
F:\Research Work\Response Spectrum\Seismic waveform 1\data2\ER_3.7.19\HRS0010710140307\HRS0010710140307Anj.NS.csv,F:\Research Work\Response Spectrum\Seismic waveform 1\data2\ER_3.7.19\HRS0010710140307\HRS0010710140307Anj.EW.csv,F:\Research Work\Response Spectrum\Seismic waveform 1\data2\ER_3.7.19\HRS0010710140307\HRS0010710140307Anj.UD.csv,F:\Research Work\Response Spectrum\Seismic waveform 1\data2\ER_3.7.19\HRS0010710140307,0.0006340209495401,32,0.32,32,631,6.0,600,100.0,0.05,0.1,0.3,2.5,Duhamel,100,0.01,4.0,HRS001,35.0337,132.9018,2007/10/14,03:07:00,2007/10/14,03:07:58,60,2007/10/14,03:07:43,35.43,133.2,3.7,11,100,2.084,2.006,1.268,566,0.0006340209495401,3920.0,6182761.0,575,51.724506
F:\Research Work\Response Spectrum\Seismic waveform 1\data2\ER_3.7.19\HRS0040710140307\HRS0040710140307Anj.NS.csv,F:\Research Work\Response Spectrum\Seismic waveform 1\data2\ER_3.7.19\HRS0040710140307\HRS0040710140307Anj.EW.csv,F:\Research Work\Response Spectrum\Seismic waveform 1\data2\ER_3.7.19\HRS0040710140307\HRS0040710140307Anj.UD.csv,F:\Research Work\Response Spectrum\Seismic waveform 1\data2\ER_3.7.19\HRS0040710140307,0.0006340209495401,111,1.11,111,710,6.0,600,100.0,0.05,0.1,0.3,2.5,Duhamel,100,0.01,4.0,HRS004,34.7262,132.2772,2007/10/14,03:07:00,2007/10/14,03:08:16,60,2007/10/14,03:08:01,35.43,133.2,3.7,11,100,1.517,0.679,0.24,586,0.0006340209495401,3920.0,6182761.0,576,114.78562
F:\Research Work\Response Spectrum\Seismic waveform 1\data2\ER_3.7.19\HRS0050710140307\HRS0050710140307Anj.NS.csv,F:\Research Work\Response Spectrum\Seismic waveform 1\data2\ER_3.7.19\HRS0050710140307\HRS0050710140307Anj.EW.csv,F:\Research Work\Response Spectrum\Seismic waveform 1\data2\ER_3.7.19\HRS0050710140307\HRS0050710140307Anj.UD.csv,F:\Research Work\Response Spectrum\Seismic waveform 1\data2\ER_3.7.19\HRS0050710140307,0.0006340209495401,674,6.74,674,1273,6.0,600,100.0,0.05,0.1,0.3,2.5,Duhamel,100,0.01,4.0,HRS005,34.777,133.2807,2007/10/14,03:07:00,2007/10/14,03:08:04,60,2007/10/14,03:07:49,35.43,133.2,3.7,11,100,2.641,1.963,1.187,480,0.0006340209495401,3920.0,6182761.0,577,72.98045
F:\Research Work\Response Spectrum\Seismic waveform 1\data2\ER_3.7.19\HRS0210710140307\HRS0210710140307Anj.NS.csv,F:\Research Work\Response Spectrum\Seismic waveform 1\data2\ER_3.7.19\HRS0210710140307\HRS0210710140307Anj.EW.csv,F:\Research Work\Response Spectrum\Seismic waveform 1\data2\ER_3.7.19\HRS0210710140307\HRS0210710140307Anj.UD.csv,F:\Research Work\Response Spectrum\Seismic waveform 1\data2\ER_3.7.19\HRS0210710140307,0.0006340209495401,791,7.91,791,1390,6.0,600,100.0,0.05,0.1,0.3,2.5,Duhamel,100,0.01,4.0,HRS021,34.9529,133.1171,2007/10/14,03:07:00,2007/10/14,03:08:00,60,2007/10/14,03:07:45,35.43,133.2,3.7,11,100,2.045,2.155,1.413,325,0.0006340209495401,3920.0,6182761.0,578,53.583286
F:\Research Work\Response Spectrum\Seismic waveform 1\data2\ER_3.7.19\OKY0010710140307\OKY0010710140307Anj.NS.csv,F:\Research Work\Response Spectrum\Seismic waveform 1\data2\ER_3.7.19\OKY0010710140307\OKY0010710140307Anj.EW.csv,F:\Research Work\Response Spectrum\Seismic waveform 1\data2\ER_3.7.19\OKY0010710140307\OKY0010710140307Anj.UD.csv,F:\Research Work\Response Spectrum\Seismic waveform 1\data2\ER_3.7.19\OKY0010710140307,0.0006340209495401,410,4.1,410,1009,6.0,600,100.0,0.05,0.1,0.3,2.5,Duhamel,100,0.01,4.0,OKY001,35.1945,133.7314,2007/10/14,03:07:00,2007/10/14,03:07:59,60,2007/10/14,03:07:44,35.43,133.2,3.7,11,100,2.863,1.852,0.918,334,0.0006340209495401,3920.0,6182761.0,579,54.86926
F:\Research Work\Response Spectrum\Seismic waveform 1\data2\ER_3.7.19\OKY0040710140307\OKY0040710140307Anj.NS.csv,F:\Research Work\Response Spectrum\Seismic waveform 1\data2\ER_3.7.19\OKY0040710140307\OKY0040710140307Anj.EW.csv,F:\Research Work\Response Spectrum\Seismic waveform 1\data2\ER_3.7.19\OKY0040710140307\OKY0040710140307Anj.UD.csv,F:\Research Work\Response Spectrum\Seismic waveform 1\data2\ER_3.7.19\OKY0040710140307,0.0006340209495401,732,7.32,732,1331,6.0,600,100.0,0.05,0.1,0.3,2.5,Duhamel,100,0.01,4.0,OKY004,34.9579,133.5018,2007/10/14,03:07:00,2007/10/14,03:08:01,60,2007/10/14,03:07:46,35.43,133.2,3.7,11,100,2.152,2.277,0.541,168,0.0006340209495401,3920.0,6182761.0,580,59.22685
F:\Research Work\Response Spectrum\Seismic waveform 1\data2\ER_3.7.19\OKY0050710140307\OKY0050710140307Anj.NS.csv,F:\Research Work\Response Spectrum\Seismic waveform 1\data2\ER_3.7.19\OKY0050710140307\OKY0050710140307Anj.EW.csv,F:\Research Work\Response Spectrum\Seismic waveform 1\data2\ER_3.7.19\OKY0050710140307\OKY0050710140307Anj.UD.csv,F:\Research Work\Response Spectrum\Seismic waveform 1\data2\ER_3.7.19\OKY0050710140307,0.0006340209495401,664,6.64,664,1263,6.0,600,100.0,0.05,0.1,0.3,2.5,Duhamel,100,0.01,4.0,OKY005,35.0098,133.7317,2007/10/14,03:07:00,2007/10/14,03:08:03,60,2007/10/14,03:07:48,35.43,133.2,3.7,11,100,1.208,1.88,0.593,134,0.0006340209495401,3920.0,6182761.0,581,67.200966
F:\Research Work\Response Spectrum\Seismic waveform 1\data2\ER_3.7.19\SMN0010710140307\SMN0010710140307Anj.NS.csv,F:\Research Work\Response Spectrum\Seismic waveform 1\data2\ER_3.7.19\SMN0010710140307\SMN0010710140307Anj.EW.csv,F:\Research Work\Response Spectrum\Seismic waveform 1\data2\ER_3.7.19\SMN0010710140307\SMN0010710140307Anj.UD.csv,F:\Research Work\Response Spectrum\Seismic waveform 1\data2\ER_3.7.19\SMN0010710140307,0.0006340209495401,1578,15.78,1578,2177,6.0,600,100.0,0.05,0.1,0.3,2.5,Duhamel,100,0.01,4.0,SMN001,35.5372,133.1612,2007/10/14,03:07:00,2007/10/14,03:07:45,60,2007/10/14,03:07:30,35.43,133.2,3.7,11,100,140.132,75.627,24.729,2,0.0006340209495401,3920.0,6182761.0,582,12.4270115
F:\Research Work\Response Spectrum\Seismic waveform 1\data2\ER_3.7.19\SMN0020710140307\SMN0020710140307Anj.NS.csv,F:\Research Work\Response Spectrum\Seismic waveform 1\data2\ER_3.7.19\SMN0020710140307\SMN0020710140307Anj.EW.csv,F:\Research Work\Response Spectrum\Seismic waveform 1\data2\ER_3.7.19\SMN0020710140307\SMN0020710140307Anj.UD.csv,F:\Research Work\Response Spectrum\Seismic waveform 1\data2\ER_3.7.19\SMN0020710140307,0.0006340209495401,1586,15.86,1586,2185,6.0,600,100.0,0.05,0.1,0.3,2.5,Duhamel,100,0.01,4.0,SMN002,35.4714,133.0682,2007/10/14,03:07:00,2007/10/14,03:07:45,62,2007/10/14,03:07:30,35.43,133.2,3.7,11,100,27.258,13.7,6.314,2,0.0006340209495401,3920.0,6182761.0,583,12.795375
F:\Research Work\Response Spectrum\Seismic waveform 1\data2\ER_3.7.19\SMN0040710140307\SMN0040710140307Anj.NS.csv,F:\Research Work\Response Spectrum\Seismic waveform 1\data2\ER_3.7.19\SMN0040710140307\SMN0040710140307Anj.EW.csv,F:\Research Work\Response Spectrum\Seismic waveform 1\data2\ER_3.7.19\SMN0040710140307\SMN0040710140307Anj.UD.csv,F:\Research Work\Response Spectrum\Seismic waveform 1\data2\ER_3.7.19\SMN0040710140307,0.0006340209495401,1180,11.8,1180,1779,6.0,600,100.0,0.05,0.1,0.3,2.5,Duhamel,100,0.01,4.0,SMN004,35.2881,132.9004,2007/10/14,03:07:00,2007/10/14,03:07:52,60,2007/10/14,03:07:37,35.43,133.2,3.7,11,100,3.052,4.096,2.476,45,0.0006340209495401,3920.0,6182761.0,584,31.418362
F:\Research Work\Response Spectrum\Seismic waveform 1\data2\ER_3.7.19\SMN0150710140307\SMN0150710140307Anj.NS.csv,F:\Research Work\Response Spectrum\Seismic waveform 1\data2\ER_3.7.19\SMN0150710140307\SMN0150710140307Anj.EW.csv,F:\Research Work\Response Spectrum\Seismic waveform 1\data2\ER_3.7.19\SMN0150710140307\SMN0150710140307Anj.UD.csv,F:\Research Work\Response Spectrum\Seismic waveform 1\data2\ER_3.7.19\SMN0150710140307,0.0006340209495401,602,6.02,602,1201,6.0,600,100.0,0.05,0.1,0.3,2.5,Duhamel,100,0.01,4.0,SMN015,35.3644,133.1704,2007/10/14,03:07:00,2007/10/14,03:07:45,60,2007/10/14,03:07:30,35.43,133.2,3.7,11,100,10.987,16.69,13.268,32,0.0006340209495401,3920.0,6182761.0,585,7.7721596
F:\Research Work\Response Spectrum\Seismic waveform 1\data2\ER_3.7.19\SMN0160710140307\SMN0160710140307Anj.NS.csv,F:\Research Work\Response Spectrum\Seismic waveform 1\data2\ER_3.7.19\SMN0160710140307\SMN0160710140307Anj.EW.csv,F:\Research Work\Response Spectrum\Seismic waveform 1\data2\ER_3.7.19\SMN0160710140307\SMN0160710140307Anj.UD.csv,F:\Research Work\Response Spectrum\Seismic waveform 1\data2\ER_3.7.19\SMN0160710140307,0.0006340209495401,988,9.88,988,1587,6.0,600,100.0,0.05,0.1,0.3,2.5,Duhamel,100,0.01,4.0,SMN016,35.1957,132.8146,2007/10/14,03:07:00,2007/10/14,03:07:56,60,2007/10/14,03:07:41,35.43,133.2,3.7,11,100,7.942,5.572,1.939,210,0.0006340209495401,3920.0,6182761.0,586,43.607647
F:\Research Work\Response Spectrum\Seismic waveform 1\data2\ER_3.7.19\TTR0070710140307\TTR0070710140307Anj.NS.csv,F:\Research Work\Response Spectrum\Seismic waveform 1\data2\ER_3.7.19\TTR0070710140307\TTR0070710140307Anj.EW.csv,F:\Research Work\Response Spectrum\Seismic waveform 1\data2\ER_3.7.19\TTR0070710140307\TTR0070710140307Anj.UD.csv,F:\Research Work\Response Spectrum\Seismic waveform 1\data2\ER_3.7.19\TTR0070710140307,0.0006340209495401,1174,11.74,1174,1773,6.0,600,100.0,0.05,0.1,0.3,2.5,Duhamel,100,0.01,4.0,TTR007,35.2826,133.4876,2007/10/14,03:07:00,2007/10/14,03:07:52,60,2007/10/14,03:07:37,35.43,133.2,3.7,11,100,3.871,7.003,2.191,155,0.0006340209495401,3920.0,6182761.0,587,30.804003
F:\Research Work\Response Spectrum\Seismic waveform 1\data2\ER_3.7.19\TTR0080710140307\TTR0080710140307Anj.NS.csv,F:\Research Work\Response Spectrum\Seismic waveform 1\data2\ER_3.7.19\TTR0080710140307\TTR0080710140307Anj.EW.csv,F:\Research Work\Response Spectrum\Seismic waveform 1\data2\ER_3.7.19\TTR0080710140307\TTR0080710140307Anj.UD.csv,F:\Research Work\Response Spectrum\Seismic waveform 1\data2\ER_3.7.19\TTR0080710140307,0.0006340209495401,1568,15.68,1568,2167,6.0,600,100.0,0.05,0.1,0.3,2.5,Duhamel,100,0.01,4.0,TTR008,35.4258,133.3301,2007/10/14,03:07:00,2007/10/14,03:07:45,60,2007/10/14,03:07:30,35.43,133.2,3.7,11,100,11.87,9.407,12.165,2,0.0006340209495401,3920.0,6182761.0,588,11.797178
F:\Research Work\Response Spectrum\Seismic waveform 1\data2\ER_3.7.5\HRS0010010101719\HRS0010010101719Anj.NS.csv,F:\Research Work\Response Spectrum\Seismic waveform 1\data2\ER_3.7.5\HRS0010010101719\HRS0010010101719Anj.EW.csv,F:\Research Work\Response Spectrum\Seismic waveform 1\data2\ER_3.7.5\HRS0010010101719\HRS0010010101719Anj.UD.csv,F:\Research Work\Response Spectrum\Seismic waveform 1\data2\ER_3.7.5\HRS0010010101719,0.0002384185791015,785,7.85,785,1384,6.0,600,100.0,0.05,0.1,0.3,2.5,Duhamel,100,0.01,4.0,HRS001,35.0337,132.9018,2000/10/10,17:19:00,2000/10/10,17:20:04,119,2000/10/10,17:00:00,35.366,133.294,3.7,11,100,2.017,3.236,1.182,566,0.0002384185791015,2000.0,8388608.0,589,51.33461
F:\Research Work\Response Spectrum\Seismic waveform 1\data2\ER_3.7.5\SMN0010010101719\SMN0010010101719Anj.NS.csv,F:\Research Work\Response Spectrum\Seismic waveform 1\data2\ER_3.7.5\SMN0010010101719\SMN0010010101719Anj.EW.csv,F:\Research Work\Response Spectrum\Seismic waveform 1\data2\ER_3.7.5\SMN0010010101719\SMN0010010101719Anj.UD.csv,F:\Research Work\Response Spectrum\Seismic waveform 1\data2\ER_3.7.5\SMN0010010101719,0.0002384185791015,60,0.6,60,659,6.0,600,100.0,0.05,0.1,0.3,2.5,Duhamel,100,0.01,4.0,SMN001,35.5372,133.1612,2000/10/10,17:19:00,2000/10/10,17:19:56,131,2000/10/10,17:00:00,35.366,133.294,3.7,11,100,12.505,23.813,3.519,2,0.0002384185791015,2000.0,8388608.0,590,22.518621
F:\Research Work\Response Spectrum\Seismic waveform 1\data2\ER_3.7.5\SMN0020010101719\SMN0020010101719Anj.NS.csv,F:\Research Work\Response Spectrum\Seismic waveform 1\data2\ER_3.7.5\SMN0020010101719\SMN0020010101719Anj.EW.csv,F:\Research Work\Response Spectrum\Seismic waveform 1\data2\ER_3.7.5\SMN0020010101719\SMN0020010101719Anj.UD.csv,F:\Research Work\Response Spectrum\Seismic waveform 1\data2\ER_3.7.5\SMN0020010101719,0.0002384185791015,864,8.64,864,1463,6.0,600,100.0,0.05,0.1,0.3,2.5,Duhamel,100,0.01,4.0,SMN002,35.4714,133.0682,2000/10/10,17:19:00,2000/10/10,17:19:56,119,2000/10/10,17:00:00,35.366,133.294,3.7,11,100,7.904,2.707,2.142,2,0.0002384185791015,2000.0,8388608.0,591,23.580132
F:\Research Work\Response Spectrum\Seismic waveform 1\data2\ER_3.7.5\SMN0030010101719\SMN0030010101719Anj.NS.csv,F:\Research Work\Response Spectrum\Seismic waveform 1\data2\ER_3.7.5\SMN0030010101719\SMN0030010101719Anj.EW.csv,F:\Research Work\Response Spectrum\Seismic waveform 1\data2\ER_3.7.5\SMN0030010101719\SMN0030010101719Anj.UD.csv,F:\Research Work\Response Spectrum\Seismic waveform 1\data2\ER_3.7.5\SMN0030010101719,0.0002384185791015,291,2.91,291,890,6.0,600,100.0,0.05,0.1,0.3,2.5,Duhamel,100,0.01,4.0,SMN003,35.1795,133.0929,2000/10/10,17:19:00,2000/10/10,17:19:56,59,2000/10/10,17:00:00,35.366,133.294,3.7,11,100,4.008,6.08,1.901,332,0.0002384185791015,2000.0,8388608.0,592,27.628622
F:\Research Work\Response Spectrum\Seismic waveform 1\data2\ER_3.7.5\SMN0150010101719\SMN0150010101719Anj.NS.csv,F:\Research Work\Response Spectrum\Seismic waveform 1\data2\ER_3.7.5\SMN0150010101719\SMN0150010101719Anj.EW.csv,F:\Research Work\Response Spectrum\Seismic waveform 1\data2\ER_3.7.5\SMN0150010101719\SMN0150010101719Anj.UD.csv,F:\Research Work\Response Spectrum\Seismic waveform 1\data2\ER_3.7.5\SMN0150010101719,0.0002384185791015,1425,14.25,1425,2024,6.0,600,100.0,0.05,0.1,0.3,2.5,Duhamel,100,0.01,4.0,SMN015,35.3644,133.1704,2000/10/10,17:19:00,2000/10/10,17:19:51,119,2000/10/10,17:00:00,35.366,133.294,3.7,11,100,20.769,10.988,4.458,32,0.0002384185791015,2000.0,8388608.0,593,11.209111
F:\Research Work\Response Spectrum\Seismic waveform 1\data2\ER_3.7.5\SMN0160010101719\SMN0160010101719Anj.NS.csv,F:\Research Work\Response Spectrum\Seismic waveform 1\data2\ER_3.7.5\SMN0160010101719\SMN0160010101719Anj.EW.csv,F:\Research Work\Response Spectrum\Seismic waveform 1\data2\ER_3.7.5\SMN0160010101719\SMN0160010101719Anj.UD.csv,F:\Research Work\Response Spectrum\Seismic waveform 1\data2\ER_3.7.5\SMN0160010101719,0.0002384185791015,235,2.35,235,834,6.0,600,100.0,0.05,0.1,0.3,2.5,Duhamel,100,0.01,4.0,SMN016,35.1957,132.8146,2000/10/10,17:19:00,2000/10/10,17:20:03,119,2000/10/10,17:00:00,35.366,133.294,3.7,11,100,4.679,5.026,1.595,210,0.0002384185791015,2000.0,8388608.0,594,47.457638
F:\Research Work\Response Spectrum\Seismic waveform 1\data2\ER_3.7.5\TTR0050010101719\TTR0050010101719Anj.NS.csv,F:\Research Work\Response Spectrum\Seismic waveform 1\data2\ER_3.7.5\TTR0050010101719\TTR0050010101719Anj.EW.csv,F:\Research Work\Response Spectrum\Seismic waveform 1\data2\ER_3.7.5\TTR0050010101719\TTR0050010101719Anj.UD.csv,F:\Research Work\Response Spectrum\Seismic waveform 1\data2\ER_3.7.5\TTR0050010101719,0.0002384185791015,234,2.34,234,833,6.0,600,100.0,0.05,0.1,0.3,2.5,Duhamel,100,0.01,4.0,TTR005,35.429,133.8253,2000/10/10,17:19:00,2000/10/10,17:20:03,119,2000/10/10,17:00:00,35.366,133.294,3.7,11,100,1.523,2.927,0.799,27,0.0002384185791015,2000.0,8388608.0,595,48.664288
F:\Research Work\Response Spectrum\Seismic waveform 1\data2\ER_3.7.5\TTR0060010101719\TTR0060010101719Anj.NS.csv,F:\Research Work\Response Spectrum\Seismic waveform 1\data2\ER_3.7.5\TTR0060010101719\TTR0060010101719Anj.EW.csv,F:\Research Work\Response Spectrum\Seismic waveform 1\data2\ER_3.7.5\TTR0060010101719\TTR0060010101719Anj.UD.csv,F:\Research Work\Response Spectrum\Seismic waveform 1\data2\ER_3.7.5\TTR0060010101719,0.0002384185791015,923,9.23,923,1522,6.0,600,100.0,0.05,0.1,0.3,2.5,Duhamel,100,0.01,4.0,TTR006,35.5106,133.6303,2000/10/10,17:19:00,2000/10/10,17:20:00,119,2000/10/10,17:00:00,35.366,133.294,3.7,11,100,3.094,2.391,0.667,20,0.0002384185791015,2000.0,8388608.0,596,34.449516
F:\Research Work\Response Spectrum\Seismic waveform 1\data2\ER_3.7.5\TTR0070010101719\TTR0070010101719Anj.NS.csv,F:\Research Work\Response Spectrum\Seismic waveform 1\data2\ER_3.7.5\TTR0070010101719\TTR0070010101719Anj.EW.csv,F:\Research Work\Response Spectrum\Seismic waveform 1\data2\ER_3.7.5\TTR0070010101719\TTR0070010101719Anj.UD.csv,F:\Research Work\Response Spectrum\Seismic waveform 1\data2\ER_3.7.5\TTR0070010101719,0.0002384185791015,1483,14.83,1483,2082,6.0,600,100.0,0.05,0.1,0.3,2.5,Duhamel,100,0.01,4.0,TTR007,35.2826,133.4876,2000/10/10,17:19:00,2000/10/10,17:19:52,131,2000/10/10,17:00:00,35.366,133.294,3.7,11,100,21.344,16.301,10.137,155,0.0002384185791015,2000.0,8388608.0,597,19.861881
F:\Research Work\Response Spectrum\Seismic waveform 1\data2\ER_3.7.5\TTR0080010101719\TTR0080010101719Anj.NS.csv,F:\Research Work\Response Spectrum\Seismic waveform 1\data2\ER_3.7.5\TTR0080010101719\TTR0080010101719Anj.EW.csv,F:\Research Work\Response Spectrum\Seismic waveform 1\data2\ER_3.7.5\TTR0080010101719\TTR0080010101719Anj.UD.csv,F:\Research Work\Response Spectrum\Seismic waveform 1\data2\ER_3.7.5\TTR0080010101719,0.0002384185791015,42,0.42,42,641,6.0,600,100.0,0.05,0.1,0.3,2.5,Duhamel,100,0.01,4.0,TTR008,35.4258,133.3301,2000/10/10,17:19:00,2000/10/10,17:19:51,119,2000/10/10,17:00:00,35.366,133.294,3.7,11,100,22.451,14.941,12.0,2,0.0002384185791015,2000.0,8388608.0,598,7.4109764
F:\Research Work\Response Spectrum\Seismic waveform 1\data2\ER_3.7.5\TTR0090010101719\TTR0090010101719Anj.NS.csv,F:\Research Work\Response Spectrum\Seismic waveform 1\data2\ER_3.7.5\TTR0090010101719\TTR0090010101719Anj.EW.csv,F:\Research Work\Response Spectrum\Seismic waveform 1\data2\ER_3.7.5\TTR0090010101719\TTR0090010101719Anj.UD.csv,F:\Research Work\Response Spectrum\Seismic waveform 1\data2\ER_3.7.5\TTR0090010101719,0.0002384185791015,1042,10.42,1042,1641,6.0,600,100.0,0.05,0.1,0.3,2.5,Duhamel,100,0.01,4.0,TTR009,35.1629,133.3063,2000/10/10,17:19:00,2000/10/10,17:19:57,119,2000/10/10,17:00:00,35.366,133.294,3.7,11,100,3.142,2.324,1.572,299,0.0002384185791015,2000.0,8388608.0,599,22.611282
F:\Research Work\Response Spectrum\Seismic waveform 1\data2\ER_3.7.8\HRS0010010182339\HRS0010010182339Anj.NS.csv,F:\Research Work\Response Spectrum\Seismic waveform 1\data2\ER_3.7.8\HRS0010010182339\HRS0010010182339Anj.EW.csv,F:\Research Work\Response Spectrum\Seismic waveform 1\data2\ER_3.7.8\HRS0010010182339\HRS0010010182339Anj.UD.csv,F:\Research Work\Response Spectrum\Seismic waveform 1\data2\ER_3.7.8\HRS0010010182339,0.0002384185791015,965,9.65,965,1564,6.0,600,100.0,0.05,0.1,0.3,2.5,Duhamel,100,0.01,4.0,HRS001,35.0337,132.9018,2000/10/18,23:39:00,2000/10/18,23:39:47,119,2000/10/18,23:00:00,35.223,133.294,3.7,11,100,6.296,7.547,3.129,566,0.0002384185791015,2000.0,8388608.0,613,41.415504
F:\Research Work\Response Spectrum\Seismic waveform 1\data2\ER_3.7.8\HRS0020010182339\HRS0020010182339Anj.NS.csv,F:\Research Work\Response Spectrum\Seismic waveform 1\data2\ER_3.7.8\HRS0020010182339\HRS0020010182339Anj.EW.csv,F:\Research Work\Response Spectrum\Seismic waveform 1\data2\ER_3.7.8\HRS0020010182339\HRS0020010182339Anj.UD.csv,F:\Research Work\Response Spectrum\Seismic waveform 1\data2\ER_3.7.8\HRS0020010182339,0.0002384185791015,994,9.94,994,1593,6.0,600,100.0,0.05,0.1,0.3,2.5,Duhamel,100,0.01,4.0,HRS002,34.8951,133.2755,2000/10/18,23:39:00,2000/10/18,23:39:46,120,2000/10/18,23:00:00,35.223,133.294,3.7,11,100,22.569,8.513,2.096,306,0.0002384185791015,2000.0,8388608.0,614,36.49968
F:\Research Work\Response Spectrum\Seismic waveform 1\data2\ER_3.7.8\HRS0050010182339\HRS0050010182339Anj.NS.csv,F:\Research Work\Response Spectrum\Seismic waveform 1\data2\ER_3.7.8\HRS0050010182339\HRS0050010182339Anj.EW.csv,F:\Research Work\Response Spectrum\Seismic waveform 1\data2\ER_3.7.8\HRS0050010182339\HRS0050010182339Anj.UD.csv,F:\Research Work\Response Spectrum\Seismic waveform 1\data2\ER_3.7.8\HRS0050010182339,0.0002384185791015,814,8.14,814,1413,6.0,600,100.0,0.05,0.1,0.3,2.5,Duhamel,100,0.01,4.0,HRS005,34.777,133.2807,2000/10/18,23:39:00,2000/10/18,23:39:50,119,2000/10/18,23:00:00,35.223,133.294,3.7,11,100,4.048,3.076,1.838,480,0.0002384185791015,2000.0,8388608.0,615,49.60773
F:\Research Work\Response Spectrum\Seismic waveform 1\data2\ER_3.7.8\OKY0010010182339\OKY0010010182339Anj.NS.csv,F:\Research Work\Response Spectrum\Seismic waveform 1\data2\ER_3.7.8\OKY0010010182339\OKY0010010182339Anj.EW.csv,F:\Research Work\Response Spectrum\Seismic waveform 1\data2\ER_3.7.8\OKY0010010182339\OKY0010010182339Anj.UD.csv,F:\Research Work\Response Spectrum\Seismic waveform 1\data2\ER_3.7.8\OKY0010010182339,0.0002384185791015,947,9.47,947,1546,6.0,600,100.0,0.05,0.1,0.3,2.5,Duhamel,100,0.01,4.0,OKY001,35.1945,133.7314,2000/10/18,23:39:00,2000/10/18,23:39:47,119,2000/10/18,23:00:00,35.223,133.294,3.7,11,100,3.732,3.445,1.523,334,0.0002384185791015,2000.0,8388608.0,616,39.865044
F:\Research Work\Response Spectrum\Seismic waveform 1\data2\ER_3.7.8\SMN0010010182339\SMN0010010182339Anj.NS.csv,F:\Research Work\Response Spectrum\Seismic waveform 1\data2\ER_3.7.8\SMN0010010182339\SMN0010010182339Anj.EW.csv,F:\Research Work\Response Spectrum\Seismic waveform 1\data2\ER_3.7.8\SMN0010010182339\SMN0010010182339Anj.UD.csv,F:\Research Work\Response Spectrum\Seismic waveform 1\data2\ER_3.7.8\SMN0010010182339,0.0002384185791015,631,6.31,631,1230,6.0,600,100.0,0.05,0.1,0.3,2.5,Duhamel,100,0.01,4.0,SMN001,35.5372,133.1612,2000/10/18,23:39:00,2000/10/18,23:39:47,119,2000/10/18,23:00:00,35.223,133.294,3.7,11,100,14.705,8.145,2.09,2,0.0002384185791015,2000.0,8388608.0,617,36.95374
F:\Research Work\Response Spectrum\Seismic waveform 1\data2\ER_3.7.8\SMN0020010182339\SMN0020010182339Anj.NS.csv,F:\Research Work\Response Spectrum\Seismic waveform 1\data2\ER_3.7.8\SMN0020010182339\SMN0020010182339Anj.EW.csv,F:\Research Work\Response Spectrum\Seismic waveform 1\data2\ER_3.7.8\SMN0020010182339\SMN0020010182339Anj.UD.csv,F:\Research Work\Response Spectrum\Seismic waveform 1\data2\ER_3.7.8\SMN0020010182339,0.0002384185791015,954,9.54,954,1553,6.0,600,100.0,0.05,0.1,0.3,2.5,Duhamel,100,0.01,4.0,SMN002,35.4714,133.0682,2000/10/18,23:39:00,2000/10/18,23:39:46,119,2000/10/18,23:00:00,35.223,133.294,3.7,11,100,3.936,2.079,1.153,2,0.0002384185791015,2000.0,8388608.0,618,34.38483
F:\Research Work\Response Spectrum\Seismic waveform 1\data2\ER_3.7.8\SMN0030010182339\SMN0030010182339Anj.NS.csv,F:\Research Work\Response Spectrum\Seismic waveform 1\data2\ER_3.7.8\SMN0030010182339\SMN0030010182339Anj.EW.csv,F:\Research Work\Response Spectrum\Seismic waveform 1\data2\ER_3.7.8\SMN0030010182339\SMN0030010182339Anj.UD.csv,F:\Research Work\Response Spectrum\Seismic waveform 1\data2\ER_3.7.8\SMN0030010182339,0.0002384185791015,38,0.38,38,637,6.0,600,100.0,0.05,0.1,0.3,2.5,Duhamel,100,0.01,4.0,SMN003,35.1795,133.0929,2000/10/18,23:39:00,2000/10/18,23:39:39,119,2000/10/18,23:00:00,35.223,133.294,3.7,11,100,10.1,18.79,3.17,332,0.0002384185791015,2000.0,8388608.0,619,18.901518
F:\Research Work\Response Spectrum\Seismic waveform 1\data2\ER_3.7.8\SMN0040010182339\SMN0040010182339Anj.NS.csv,F:\Research Work\Response Spectrum\Seismic waveform 1\data2\ER_3.7.8\SMN0040010182339\SMN0040010182339Anj.EW.csv,F:\Research Work\Response Spectrum\Seismic waveform 1\data2\ER_3.7.8\SMN0040010182339\SMN0040010182339Anj.UD.csv,F:\Research Work\Response Spectrum\Seismic waveform 1\data2\ER_3.7.8\SMN0040010182339,0.0002384185791015,973,9.73,973,1572,6.0,600,100.0,0.05,0.1,0.3,2.5,Duhamel,100,0.01,4.0,SMN004,35.2881,132.9004,2000/10/18,23:39:00,2000/10/18,23:39:46,119,2000/10/18,23:00:00,35.223,133.294,3.7,11,100,2.052,3.944,3.075,45,0.0002384185791015,2000.0,8388608.0,620,36.46465
F:\Research Work\Response Spectrum\Seismic waveform 1\data2\ER_3.7.8\SMN0150010182339\SMN0150010182339Anj.NS.csv,F:\Research Work\Response Spectrum\Seismic waveform 1\data2\ER_3.7.8\SMN0150010182339\SMN0150010182339Anj.EW.csv,F:\Research Work\Response Spectrum\Seismic waveform 1\data2\ER_3.7.8\SMN0150010182339\SMN0150010182339Anj.UD.csv,F:\Research Work\Response Spectrum\Seismic waveform 1\data2\ER_3.7.8\SMN0150010182339,0.0002384185791015,1180,11.8,1180,1779,6.0,600,100.0,0.05,0.1,0.3,2.5,Duhamel,100,0.01,4.0,SMN015,35.3644,133.1704,2000/10/18,23:39:00,2000/10/18,23:39:41,120,2000/10/18,23:00:00,35.223,133.294,3.7,11,100,3.236,2.61,2.506,32,0.0002384185791015,2000.0,8388608.0,621,19.314407
F:\Research Work\Response Spectrum\Seismic waveform 1\data2\ER_3.7.8\SMN0160010182339\SMN0160010182339Anj.NS.csv,F:\Research Work\Response Spectrum\Seismic waveform 1\data2\ER_3.7.8\SMN0160010182339\SMN0160010182339Anj.EW.csv,F:\Research Work\Response Spectrum\Seismic waveform 1\data2\ER_3.7.8\SMN0160010182339\SMN0160010182339Anj.UD.csv,F:\Research Work\Response Spectrum\Seismic waveform 1\data2\ER_3.7.8\SMN0160010182339,0.0002384185791015,895,8.95,895,1494,6.0,600,100.0,0.05,0.1,0.3,2.5,Duhamel,100,0.01,4.0,SMN016,35.1957,132.8146,2000/10/18,23:39:00,2000/10/18,23:39:48,119,2000/10/18,23:00:00,35.223,133.294,3.7,11,100,3.491,4.092,1.785,210,0.0002384185791015,2000.0,8388608.0,622,43.66002
F:\Research Work\Response Spectrum\Seismic waveform 1\data2\ER_3.7.8\TTR0060010182339\TTR0060010182339Anj.NS.csv,F:\Research Work\Response Spectrum\Seismic waveform 1\data2\ER_3.7.8\TTR0060010182339\TTR0060010182339Anj.EW.csv,F:\Research Work\Response Spectrum\Seismic waveform 1\data2\ER_3.7.8\TTR0060010182339\TTR0060010182339Anj.UD.csv,F:\Research Work\Response Spectrum\Seismic waveform 1\data2\ER_3.7.8\TTR0060010182339,0.0002384185791015,832,8.32,832,1431,6.0,600,100.0,0.05,0.1,0.3,2.5,Duhamel,100,0.01,4.0,TTR006,35.5106,133.6303,2000/10/18,23:39:00,2000/10/18,23:39:49,119,2000/10/18,23:00:00,35.223,133.294,3.7,11,100,1.655,2.659,0.587,20,0.0002384185791015,2000.0,8388608.0,623,44.188065
F:\Research Work\Response Spectrum\Seismic waveform 1\data2\ER_3.7.8\TTR0070010182339\TTR0070010182339Anj.NS.csv,F:\Research Work\Response Spectrum\Seismic waveform 1\data2\ER_3.7.8\TTR0070010182339\TTR0070010182339Anj.EW.csv,F:\Research Work\Response Spectrum\Seismic waveform 1\data2\ER_3.7.8\TTR0070010182339\TTR0070010182339Anj.UD.csv,F:\Research Work\Response Spectrum\Seismic waveform 1\data2\ER_3.7.8\TTR0070010182339,0.0002384185791015,1191,11.91,1191,1790,6.0,600,100.0,0.05,0.1,0.3,2.5,Duhamel,100,0.01,4.0,TTR007,35.2826,133.4876,2000/10/18,23:39:00,2000/10/18,23:39:41,119,2000/10/18,23:00:00,35.223,133.294,3.7,11,100,7.9,22.912,4.728,155,0.0002384185791015,2000.0,8388608.0,624,18.787205
F:\Research Work\Response Spectrum\Seismic waveform 1\data2\ER_3.7.8\TTR0080010182339\TTR0080010182339Anj.NS.csv,F:\Research Work\Response Spectrum\Seismic waveform 1\data2\ER_3.7.8\TTR0080010182339\TTR0080010182339Anj.EW.csv,F:\Research Work\Response Spectrum\Seismic waveform 1\data2\ER_3.7.8\TTR0080010182339\TTR0080010182339Anj.UD.csv,F:\Research Work\Response Spectrum\Seismic waveform 1\data2\ER_3.7.8\TTR0080010182339,0.0002384185791015,1151,11.51,1151,1750,6.0,600,100.0,0.05,0.1,0.3,2.5,Duhamel,100,0.01,4.0,TTR008,35.4258,133.3301,2000/10/18,23:39:00,2000/10/18,23:39:42,119,2000/10/18,23:00:00,35.223,133.294,3.7,11,100,6.32,5.508,4.137,2,0.0002384185791015,2000.0,8388608.0,625,22.786919
F:\Research Work\Response Spectrum\Seismic waveform 1\data2\ER_3.7.8\TTR0090010182339\TTR0090010182339Anj.NS.csv,F:\Research Work\Response Spectrum\Seismic waveform 1\data2\ER_3.7.8\TTR0090010182339\TTR0090010182339Anj.EW.csv,F:\Research Work\Response Spectrum\Seismic waveform 1\data2\ER_3.7.8\TTR0090010182339\TTR0090010182339Anj.UD.csv,F:\Research Work\Response Spectrum\Seismic waveform 1\data2\ER_3.7.8\TTR0090010182339,0.0002384185791015,1420,14.2,1420,2019,6.0,600,100.0,0.05,0.1,0.3,2.5,Duhamel,100,0.01,4.0,TTR009,35.1629,133.3063,2000/10/18,23:39:00,2000/10/18,23:39:37,119,2000/10/18,23:00:00,35.223,133.294,3.7,11,100,23.353,29.285,12.971,299,0.0002384185791015,2000.0,8388608.0,626,6.7756386
F:\Research Work\Response Spectrum\Seismic waveform 1\data2\ER_3.7.9\HRS0010011022121\HRS0010011022121Anj.NS.csv,F:\Research Work\Response Spectrum\Seismic waveform 1\data2\ER_3.7.9\HRS0010011022121\HRS0010011022121Anj.EW.csv,F:\Research Work\Response Spectrum\Seismic waveform 1\data2\ER_3.7.9\HRS0010011022121\HRS0010011022121Anj.UD.csv,F:\Research Work\Response Spectrum\Seismic waveform 1\data2\ER_3.7.9\HRS0010011022121,0.0002384185791015,578,5.78,578,1177,6.0,600,100.0,0.05,0.1,0.3,2.5,Duhamel,100,0.01,4.0,HRS001,35.0337,132.9018,2000/11/02,21:21:00,2000/11/02,21:22:11,119,2000/11/02,21:00:00,34.451,132.65,3.7,31,100,3.816,4.059,3.002,566,0.0002384185791015,2000.0,8388608.0,627,68.75678
F:\Research Work\Response Spectrum\Seismic waveform 1\data2\ER_3.7.9\HRS0030011022121\HRS0030011022121Anj.NS.csv,F:\Research Work\Response Spectrum\Seismic waveform 1\data2\ER_3.7.9\HRS0030011022121\HRS0030011022121Anj.EW.csv,F:\Research Work\Response Spectrum\Seismic waveform 1\data2\ER_3.7.9\HRS0030011022121\HRS0030011022121Anj.UD.csv,F:\Research Work\Response Spectrum\Seismic waveform 1\data2\ER_3.7.9\HRS0030011022121,0.0002384185791015,742,7.42,742,1341,6.0,600,100.0,0.05,0.1,0.3,2.5,Duhamel,100,0.01,4.0,HRS003,34.8143,132.8418,2000/11/02,21:21:00,2000/11/02,21:22:06,119,2000/11/02,21:00:00,34.451,132.65,3.7,31,100,7.249,5.591,2.763,156,0.0002384185791015,2000.0,8388608.0,628,44.043915
F:\Research Work\Response Spectrum\Seismic waveform 1\data2\ER_3.7.9\HRS0040011022121\HRS0040011022121Anj.NS.csv,F:\Research Work\Response Spectrum\Seismic waveform 1\data2\ER_3.7.9\HRS0040011022121\HRS0040011022121Anj.EW.csv,F:\Research Work\Response Spectrum\Seismic waveform 1\data2\ER_3.7.9\HRS0040011022121\HRS0040011022121Anj.UD.csv,F:\Research Work\Response Spectrum\Seismic waveform 1\data2\ER_3.7.9\HRS0040011022121,0.0002384185791015,763,7.63,763,1362,6.0,600,100.0,0.05,0.1,0.3,2.5,Duhamel,100,0.01,4.0,HRS004,34.7262,132.2772,2000/11/02,21:21:00,2000/11/02,21:22:06,119,2000/11/02,21:00:00,34.451,132.65,3.7,31,100,8.843,4.819,4.222,586,0.0002384185791015,2000.0,8388608.0,629,45.836945
F:\Research Work\Response Spectrum\Seismic waveform 1\data2\ER_3.7.9\HRS0050011022121\HRS0050011022121Anj.NS.csv,F:\Research Work\Response Spectrum\Seismic waveform 1\data2\ER_3.7.9\HRS0050011022121\HRS0050011022121Anj.EW.csv,F:\Research Work\Response Spectrum\Seismic waveform 1\data2\ER_3.7.9\HRS0050011022121\HRS0050011022121Anj.UD.csv,F:\Research Work\Response Spectrum\Seismic waveform 1\data2\ER_3.7.9\HRS0050011022121,0.0002384185791015,3867,38.67,3867,4466,6.0,600,100.0,0.05,0.1,0.3,2.5,Duhamel,100,0.01,4.0,HRS005,34.777,133.2807,2000/11/02,21:21:00,2000/11/02,21:22:11,119,2000/11/02,21:00:00,34.451,132.65,3.7,31,100,5.834,3.966,2.907,480,0.0002384185791015,2000.0,8388608.0,630,68.15636
F:\Research Work\Response Spectrum\Seismic waveform 1\data2\ER_3.7.9\HRS0060011022121\HRS0060011022121Anj.NS.csv,F:\Research Work\Response Spectrum\Seismic waveform 1\data2\ER_3.7.9\HRS0060011022121\HRS0060011022121Anj.EW.csv,F:\Research Work\Response Spectrum\Seismic waveform 1\data2\ER_3.7.9\HRS0060011022121\HRS0060011022121Anj.UD.csv,F:\Research Work\Response Spectrum\Seismic waveform 1\data2\ER_3.7.9\HRS0060011022121,0.0002384185791015,905,9.05,905,1504,6.0,600,100.0,0.05,0.1,0.3,2.5,Duhamel,100,0.01,4.0,HRS006,34.6659,132.4077,2000/11/02,21:21:00,2000/11/02,21:22:03,119,2000/11/02,21:00:00,34.451,132.65,3.7,31,100,4.866,5.127,4.138,371,0.0002384185791015,2000.0,8388608.0,631,32.60882
F:\Research Work\Response Spectrum\Seismic waveform 1\data2\ER_3.7.9\HRS0070011022121\HRS0070011022121Anj.NS.csv,F:\Research Work\Response Spectrum\Seismic waveform 1\data2\ER_3.7.9\HRS0070011022121\HRS0070011022121Anj.EW.csv,F:\Research Work\Response Spectrum\Seismic waveform 1\data2\ER_3.7.9\HRS0070011022121\HRS0070011022121Anj.UD.csv,F:\Research Work\Response Spectrum\Seismic waveform 1\data2\ER_3.7.9\HRS0070011022121,0.0002384185791015,710,7.1,710,1309,6.0,600,100.0,0.05,0.1,0.3,2.5,Duhamel,100,0.01,4.0,HRS007,34.7032,133.0946,2000/11/02,21:21:00,2000/11/02,21:22:07,119,2000/11/02,21:00:00,34.451,132.65,3.7,31,100,4.213,3.957,0.857,382,0.0002384185791015,2000.0,8388608.0,632,49.429787
F:\Research Work\Response Spectrum\Seismic waveform 1\data2\ER_3.7.9\HRS0080011022121\HRS0080011022121Anj.NS.csv,F:\Research Work\Response Spectrum\Seismic waveform 1\data2\ER_3.7.9\HRS0080011022121\HRS0080011022121Anj.EW.csv,F:\Research Work\Response Spectrum\Seismic waveform 1\data2\ER_3.7.9\HRS0080011022121\HRS0080011022121Anj.UD.csv,F:\Research Work\Response Spectrum\Seismic waveform 1\data2\ER_3.7.9\HRS0080011022121,0.0002384185791015,1474,14.74,1474,2073,6.0,600,100.0,0.05,0.1,0.3,2.5,Duhamel,100,0.01,4.0,HRS008,34.6107,132.7193,2000/11/02,21:21:00,2000/11/02,21:21:56,119,2000/11/02,21:00:00,34.451,132.65,3.7,31,100,30.573,27.038,8.426,202,0.0002384185791015,2000.0,8388608.0,633,18.858425
F:\Research Work\Response Spectrum\Seismic waveform 1\data2\ER_3.7.9\HRS0090011022121\HRS0090011022121Anj.NS.csv,F:\Research Work\Response Spectrum\Seismic waveform 1\data2\ER_3.7.9\HRS0090011022121\HRS0090011022121Anj.EW.csv,F:\Research Work\Response Spectrum\Seismic waveform 1\data2\ER_3.7.9\HRS0090011022121\HRS0090011022121Anj.UD.csv,F:\Research Work\Response Spectrum\Seismic waveform 1\data2\ER_3.7.9\HRS0090011022121,0.0002384185791015,915,9.15,915,1514,6.0,600,100.0,0.05,0.1,0.3,2.5,Duhamel,100,0.01,4.0,HRS009,34.4926,132.2794,2000/11/02,21:21:00,2000/11/02,21:22:03,119,2000/11/02,21:00:00,34.451,132.65,3.7,31,100,5.353,4.186,2.828,219,0.0002384185791015,2000.0,8388608.0,634,34.286217
F:\Research Work\Response Spectrum\Seismic waveform 1\data2\ER_3.7.9\HRS0120011022121\HRS0120011022121Anj.NS.csv,F:\Research Work\Response Spectrum\Seismic waveform 1\data2\ER_3.7.9\HRS0120011022121\HRS0120011022121Anj.EW.csv,F:\Research Work\Response Spectrum\Seismic waveform 1\data2\ER_3.7.9\HRS0120011022121\HRS0120011022121Anj.UD.csv,F:\Research Work\Response Spectrum\Seismic waveform 1\data2\ER_3.7.9\HRS0120011022121,0.0002384185791015,925,9.25,925,1524,6.0,600,100.0,0.05,0.1,0.3,2.5,Duhamel,100,0.01,4.0,HRS012,34.4276,132.7422,2000/11/02,21:21:00,2000/11/02,21:21:59,119,2000/11/02,21:00:00,34.451,132.65,3.7,31,100,37.544,23.859,6.164,215,0.0002384185791015,2000.0,8388608.0,635,8.846532
F:\Research Work\Response Spectrum\Seismic waveform 1\data2\ER_3.7.9\HRS0130011022121\HRS0130011022121Anj.NS.csv,F:\Research Work\Response Spectrum\Seismic waveform 1\data2\ER_3.7.9\HRS0130011022121\HRS0130011022121Anj.EW.csv,F:\Research Work\Response Spectrum\Seismic waveform 1\data2\ER_3.7.9\HRS0130011022121\HRS0130011022121Anj.UD.csv,F:\Research Work\Response Spectrum\Seismic waveform 1\data2\ER_3.7.9\HRS0130011022121,0.0002384185791015,1476,14.76,1476,2075,6.0,600,100.0,0.05,0.1,0.3,2.5,Duhamel,100,0.01,4.0,HRS013,34.3768,132.4505,2000/11/02,21:21:00,2000/11/02,21:21:56,119,2000/11/02,21:00:00,34.451,132.65,3.7,31,100,5.186,7.826,7.749,2,0.0002384185791015,2000.0,8388608.0,636,20.074648
F:\Research Work\Response Spectrum\Seismic waveform 1\data2\ER_3.7.9\HRS0160011022121\HRS0160011022121Anj.NS.csv,F:\Research Work\Response Spectrum\Seismic waveform 1\data2\ER_3.7.9\HRS0160011022121\HRS0160011022121Anj.EW.csv,F:\Research Work\Response Spectrum\Seismic waveform 1\data2\ER_3.7.9\HRS0160011022121\HRS0160011022121Anj.UD.csv,F:\Research Work\Response Spectrum\Seismic waveform 1\data2\ER_3.7.9\HRS0160011022121,0.0002384185791015,717,7.17,717,1316,6.0,600,100.0,0.05,0.1,0.3,2.5,Duhamel,100,0.01,4.0,HRS016,34.4198,133.1971,2000/11/02,21:21:00,2000/11/02,21:22:07,119,2000/11/02,21:00:00,34.451,132.65,3.7,31,100,3.917,3.804,0.899,40,0.0002384185791015,2000.0,8388608.0,637,50.29406
F:\Research Work\Response Spectrum\Seismic waveform 1\data2\ER_3.7.9\HRS0170011022121\HRS0170011022121Anj.NS.csv,F:\Research Work\Response Spectrum\Seismic waveform 1\data2\ER_3.7.9\HRS0170011022121\HRS0170011022121Anj.EW.csv,F:\Research Work\Response Spectrum\Seismic waveform 1\data2\ER_3.7.9\HRS0170011022121\HRS0170011022121Anj.UD.csv,F:\Research Work\Response Spectrum\Seismic waveform 1\data2\ER_3.7.9\HRS0170011022121,0.0002384185791015,783,7.83,783,1382,6.0,600,100.0,0.05,0.1,0.3,2.5,Duhamel,100,0.01,4.0,HRS017,34.404,133.0832,2000/11/02,21:21:00,2000/11/02,21:22:05,119,2000/11/02,21:00:00,34.451,132.65,3.7,31,100,4.977,4.118,2.5,16,0.0002384185791015,2000.0,8388608.0,638,40.07456
F:\Research Work\Response Spectrum\Seismic waveform 1\data2\ER_3.7.9\HRS0180011022121\HRS0180011022121Anj.NS.csv,F:\Research Work\Response Spectrum\Seismic waveform 1\data2\ER_3.7.9\HRS0180011022121\HRS0180011022121Anj.EW.csv,F:\Research Work\Response Spectrum\Seismic waveform 1\data2\ER_3.7.9\HRS0180011022121\HRS0180011022121Anj.UD.csv,F:\Research Work\Response Spectrum\Seismic waveform 1\data2\ER_3.7.9\HRS0180011022121,0.0002384185791015,834,8.34,834,1433,6.0,600,100.0,0.05,0.1,0.3,2.5,Duhamel,100,0.01,4.0,HRS018,34.3413,132.9068,2000/11/02,21:21:00,2000/11/02,21:22:03,119,2000/11/02,21:00:00,34.451,132.65,3.7,31,100,6.707,4.183,3.96,2,0.0002384185791015,2000.0,8388608.0,639,26.532324
F:\Research Work\Response Spectrum\Seismic waveform 1\data2\ER_3.7.9\HRS0190011022121\HRS0190011022121Anj.NS.csv,F:\Research Work\Response Spectrum\Seismic waveform 1\data2\ER_3.7.9\HRS0190011022121\HRS0190011022121Anj.EW.csv,F:\Research Work\Response Spectrum\Seismic waveform 1\data2\ER_3.7.9\HRS0190011022121\HRS0190011022121Anj.UD.csv,F:\Research Work\Response Spectrum\Seismic waveform 1\data2\ER_3.7.9\HRS0190011022121,0.0002384185791015,1006,10.06,1006,1605,6.0,600,100.0,0.05,0.1,0.3,2.5,Duhamel,100,0.01,4.0,HRS019,34.2485,132.5647,2000/11/02,21:21:00,2000/11/02,21:22:01,119,2000/11/02,21:00:00,34.451,132.65,3.7,31,100,8.099,6.694,2.48,3,0.0002384185791015,2000.0,8388608.0,640,23.839798
F:\Research Work\Response Spectrum\Seismic waveform 1\data2\ER_3.7.9\HRS0210011022121\HRS0210011022121Anj.NS.csv,F:\Research Work\Response Spectrum\Seismic waveform 1\data2\ER_3.7.9\HRS0210011022121\HRS0210011022121Anj.EW.csv,F:\Research Work\Response Spectrum\Seismic waveform 1\data2\ER_3.7.9\HRS0210011022121\HRS0210011022121Anj.UD.csv,F:\Research Work\Response Spectrum\Seismic waveform 1\data2\ER_3.7.9\HRS0210011022121,0.0002384185791015,407,4.07,407,1006,6.0,600,100.0,0.05,0.1,0.3,2.5,Duhamel,100,0.01,4.0,HRS021,34.9529,133.1171,2000/11/02,21:21:00,2000/11/02,21:22:13,120,2000/11/02,21:00:00,34.451,132.65,3.7,31,100,2.97,4.664,3.47,325,0.0002384185791015,2000.0,8388608.0,641,70.27028
F:\Research Work\Response Spectrum\Seismic waveform 1\data2\ER_3.7.9\SMN0080011022121\SMN0080011022121Anj.NS.csv,F:\Research Work\Response Spectrum\Seismic waveform 1\data2\ER_3.7.9\SMN0080011022121\SMN0080011022121Anj.EW.csv,F:\Research Work\Response Spectrum\Seismic waveform 1\data2\ER_3.7.9\SMN0080011022121\SMN0080011022121Anj.UD.csv,F:\Research Work\Response Spectrum\Seismic waveform 1\data2\ER_3.7.9\SMN0080011022121,0.0002384185791015,767,7.67,767,1366,6.0,600,100.0,0.05,0.1,0.3,2.5,Duhamel,100,0.01,4.0,SMN008,34.8523,132.5308,2000/11/02,21:21:00,2000/11/02,21:22:06,119,2000/11/02,21:00:00,34.451,132.65,3.7,31,100,5.916,7.549,5.15,335,0.0002384185791015,2000.0,8388608.0,642,45.935314
F:\Research Work\Response Spectrum\Seismic waveform 1\data2\ER_3.7.9\SMN0160011022121\SMN0160011022121Anj.NS.csv,F:\Research Work\Response Spectrum\Seismic waveform 1\data2\ER_3.7.9\SMN0160011022121\SMN0160011022121Anj.EW.csv,F:\Research Work\Response Spectrum\Seismic waveform 1\data2\ER_3.7.9\SMN0160011022121\SMN0160011022121Anj.UD.csv,F:\Research Work\Response Spectrum\Seismic waveform 1\data2\ER_3.7.9\SMN0160011022121,0.0002384185791015,645,6.45,645,1244,6.0,600,100.0,0.05,0.1,0.3,2.5,Duhamel,100,0.01,4.0,SMN016,35.1957,132.8146,2000/11/02,21:21:00,2000/11/02,21:22:15,119,2000/11/02,21:00:00,34.451,132.65,3.7,31,100,2.82,1.635,1.364,210,0.0002384185791015,2000.0,8388608.0,643,84.15889
F:\Research Work\Response Spectrum\Seismic waveform 1\data2\ER_3.8.1\HRS0019704051724\HRS0019704051724Anj.NS.csv,F:\Research Work\Response Spectrum\Seismic waveform 1\data2\ER_3.8.1\HRS0019704051724\HRS0019704051724Anj.EW.csv,F:\Research Work\Response Spectrum\Seismic waveform 1\data2\ER_3.8.1\HRS0019704051724\HRS0019704051724Anj.UD.csv,F:\Research Work\Response Spectrum\Seismic waveform 1\data2\ER_3.8.1\HRS0019704051724,0.0002384185791015,539,5.39,539,1138,6.0,600,100.0,0.05,0.1,0.3,2.5,Duhamel,100,0.01,4.0,HRS001,35.0337,132.9018,1997/04/05,17:24:00,1997/04/05,17:24:42,59,1997/04/05,17:00:00,34.603,133.597,3.8,16,100,3.802,3.587,2.444,566,0.0002384185791015,2000.0,8388608.0,644,79.505295
F:\Research Work\Response Spectrum\Seismic waveform 1\data2\ER_3.8.1\HRS0029704051724\HRS0029704051724Anj.NS.csv,F:\Research Work\Response Spectrum\Seismic waveform 1\data2\ER_3.8.1\HRS0029704051724\HRS0029704051724Anj.EW.csv,F:\Research Work\Response Spectrum\Seismic waveform 1\data2\ER_3.8.1\HRS0029704051724\HRS0029704051724Anj.UD.csv,F:\Research Work\Response Spectrum\Seismic waveform 1\data2\ER_3.8.1\HRS0029704051724,0.0002384185791015,858,8.58,858,1457,6.0,600,100.0,0.05,0.1,0.3,2.5,Duhamel,100,0.01,4.0,HRS002,34.8951,133.2755,1997/04/05,17:24:00,1997/04/05,17:24:33,59,1997/04/05,17:00:00,34.603,133.597,3.8,16,100,14.681,10.699,1.623,306,0.0002384185791015,2000.0,8388608.0,645,43.792145
F:\Research Work\Response Spectrum\Seismic waveform 1\data2\ER_3.8.1\HRS0049704051724\HRS0049704051724Anj.NS.csv,F:\Research Work\Response Spectrum\Seismic waveform 1\data2\ER_3.8.1\HRS0049704051724\HRS0049704051724Anj.EW.csv,F:\Research Work\Response Spectrum\Seismic waveform 1\data2\ER_3.8.1\HRS0049704051724\HRS0049704051724Anj.UD.csv,F:\Research Work\Response Spectrum\Seismic waveform 1\data2\ER_3.8.1\HRS0049704051724,0.0002384185791015,1400,14.0,1400,1999,6.0,600,100.0,0.05,0.1,0.3,2.5,Duhamel,100,0.01,4.0,HRS004,34.7262,132.2772,1997/04/05,17:24:00,1997/04/05,17:24:54,59,1997/04/05,17:00:00,34.603,133.597,3.8,16,100,2.627,2.737,0.659,586,0.0002384185791015,2000.0,8388608.0,646,121.47938
F:\Research Work\Response Spectrum\Seismic waveform 1\data2\ER_3.8.1\HRS0059704051724\HRS0059704051724Anj.NS.csv,F:\Research Work\Response Spectrum\Seismic waveform 1\data2\ER_3.8.1\HRS0059704051724\HRS0059704051724Anj.EW.csv,F:\Research Work\Response Spectrum\Seismic waveform 1\data2\ER_3.8.1\HRS0059704051724\HRS0059704051724Anj.UD.csv,F:\Research Work\Response Spectrum\Seismic waveform 1\data2\ER_3.8.1\HRS0059704051724,0.0002384185791015,1425,14.25,1425,2024,6.0,600,100.0,0.05,0.1,0.3,2.5,Duhamel,100,0.01,4.0,HRS005,34.777,133.2807,1997/04/05,17:24:00,1997/04/05,17:24:26,59,1997/04/05,17:00:00,34.603,133.597,3.8,16,100,16.155,15.316,6.794,480,0.0002384185791015,2000.0,8388608.0,647,34.79444
F:\Research Work\Response Spectrum\Seismic waveform 1\data2\ER_3.8.1\HRS0159704051724\HRS0159704051724Anj.NS.csv,F:\Research Work\Response Spectrum\Seismic waveform 1\data2\ER_3.8.1\HRS0159704051724\HRS0159704051724Anj.EW.csv,F:\Research Work\Response Spectrum\Seismic waveform 1\data2\ER_3.8.1\HRS0159704051724\HRS0159704051724Anj.UD.csv,F:\Research Work\Response Spectrum\Seismic waveform 1\data2\ER_3.8.1\HRS0159704051724,0.0002384185791015,1078,10.78,1078,1677,6.0,600,100.0,0.05,0.1,0.3,2.5,Duhamel,100,0.01,4.0,HRS015,34.4849,133.3615,1997/04/05,17:24:00,1997/04/05,17:24:28,59,1997/04/05,17:00:00,34.603,133.597,3.8,16,100,5.751,5.729,4.181,2,0.0002384185791015,2000.0,8388608.0,648,25.252645
F:\Research Work\Response Spectrum\Seismic waveform 1\data2\ER_3.8.1\KGW0039704051724\KGW0039704051724Anj.NS.csv,F:\Research Work\Response Spectrum\Seismic waveform 1\data2\ER_3.8.1\KGW0039704051724\KGW0039704051724Anj.EW.csv,F:\Research Work\Response Spectrum\Seismic waveform 1\data2\ER_3.8.1\KGW0039704051724\KGW0039704051724Anj.UD.csv,F:\Research Work\Response Spectrum\Seismic waveform 1\data2\ER_3.8.1\KGW0039704051724,0.0002384185791015,922,9.22,922,1521,6.0,600,100.0,0.05,0.1,0.3,2.5,Duhamel,100,0.01,4.0,KGW003,34.2652,133.7896,1997/04/05,17:24:00,1997/04/05,17:24:32,59,1997/04/05,17:00:00,34.603,133.597,3.8,16,100,4.707,4.613,1.846,12,0.0002384185791015,2000.0,8388608.0,649,41.507538
F:\Research Work\Response Spectrum\Seismic waveform 1\data2\ER_3.8.1\KGW0059704051724\KGW0059704051724Anj.NS.csv,F:\Research Work\Response Spectrum\Seismic waveform 1\data2\ER_3.8.1\KGW0059704051724\KGW0059704051724Anj.EW.csv,F:\Research Work\Response Spectrum\Seismic waveform 1\data2\ER_3.8.1\KGW0059704051724\KGW0059704051724Anj.UD.csv,F:\Research Work\Response Spectrum\Seismic waveform 1\data2\ER_3.8.1\KGW0059704051724,0.0002384185791015,1335,13.35,1335,1934,6.0,600,100.0,0.05,0.1,0.3,2.5,Duhamel,100,0.01,4.0,KGW005,34.1138,133.6354,1997/04/05,17:24:00,1997/04/05,17:24:30,59,1997/04/05,17:00:00,34.603,133.597,3.8,16,100,3.9,3.243,2.866,2,0.0002384185791015,2000.0,8388608.0,650,54.510643
F:\Research Work\Response Spectrum\Seismic waveform 1\data2\ER_3.8.1\KGW0089704051724\KGW0089704051724Anj.NS.csv,F:\Research Work\Response Spectrum\Seismic waveform 1\data2\ER_3.8.1\KGW0089704051724\KGW0089704051724Anj.EW.csv,F:\Research Work\Response Spectrum\Seismic waveform 1\data2\ER_3.8.1\KGW0089704051724\KGW0089704051724Anj.UD.csv,F:\Research Work\Response Spectrum\Seismic waveform 1\data2\ER_3.8.1\KGW0089704051724,0.0002384185791015,669,6.69,669,1268,6.0,600,100.0,0.05,0.1,0.3,2.5,Duhamel,100,0.01,4.0,KGW008,34.1644,133.9243,1997/04/05,17:24:00,1997/04/05,17:24:37,59,1997/04/05,17:00:00,34.603,133.597,3.8,16,100,2.789,3.022,1.704,2,0.0002384185791015,2000.0,8388608.0,651,57.276684
F:\Research Work\Response Spectrum\Seismic waveform 1\data2\ER_3.8.1\OKY0049704051724\OKY0049704051724Anj.NS.csv,F:\Research Work\Response Spectrum\Seismic waveform 1\data2\ER_3.8.1\OKY0049704051724\OKY0049704051724Anj.EW.csv,F:\Research Work\Response Spectrum\Seismic waveform 1\data2\ER_3.8.1\OKY0049704051724\OKY0049704051724Anj.UD.csv,F:\Research Work\Response Spectrum\Seismic waveform 1\data2\ER_3.8.1\OKY0049704051724,0.0002384185791015,893,8.93,893,1492,6.0,600,100.0,0.05,0.1,0.3,2.5,Duhamel,100,0.01,4.0,OKY004,34.9579,133.5018,1997/04/05,17:24:00,1997/04/05,17:24:32,59,1997/04/05,17:00:00,34.603,133.597,3.8,16,100,9.604,15.304,6.965,168,0.0002384185791015,2000.0,8388608.0,652,40.40952
F:\Research Work\Response Spectrum\Seismic waveform 1\data2\ER_3.8.1\OKY0059704051724\OKY0059704051724Anj.NS.csv,F:\Research Work\Response Spectrum\Seismic waveform 1\data2\ER_3.8.1\OKY0059704051724\OKY0059704051724Anj.EW.csv,F:\Research Work\Response Spectrum\Seismic waveform 1\data2\ER_3.8.1\OKY0059704051724\OKY0059704051724Anj.UD.csv,F:\Research Work\Response Spectrum\Seismic waveform 1\data2\ER_3.8.1\OKY0059704051724,0.0002384185791015,187,1.87,187,786,6.0,600,100.0,0.05,0.1,0.3,2.5,Duhamel,100,0.01,4.0,OKY005,35.0098,133.7317,1997/04/05,17:24:00,1997/04/05,17:24:33,59,1997/04/05,17:00:00,34.603,133.597,3.8,16,100,7.64,6.611,4.036,134,0.0002384185791015,2000.0,8388608.0,653,46.876083
F:\Research Work\Response Spectrum\Seismic waveform 1\data2\ER_3.8.1\OKY0069704051724\OKY0069704051724Anj.NS.csv,F:\Research Work\Response Spectrum\Seismic waveform 1\data2\ER_3.8.1\OKY0069704051724\OKY0069704051724Anj.EW.csv,F:\Research Work\Response Spectrum\Seismic waveform 1\data2\ER_3.8.1\OKY0069704051724\OKY0069704051724Anj.UD.csv,F:\Research Work\Response Spectrum\Seismic waveform 1\data2\ER_3.8.1\OKY0069704051724,0.0002384185791015,590,5.9,590,1189,6.0,600,100.0,0.05,0.1,0.3,2.5,Duhamel,100,0.01,4.0,OKY006,35.0684,134.005,1997/04/05,17:24:00,1997/04/05,17:24:39,59,1997/04/05,17:00:00,34.603,133.597,3.8,16,100,2.713,2.337,0.942,98,0.0002384185791015,2000.0,8388608.0,654,63.75481
F:\Research Work\Response Spectrum\Seismic waveform 1\data2\ER_3.8.1\OKY0079704051724\OKY0079704051724Anj.NS.csv,F:\Research Work\Response Spectrum\Seismic waveform 1\data2\ER_3.8.1\OKY0079704051724\OKY0079704051724Anj.EW.csv,F:\Research Work\Response Spectrum\Seismic waveform 1\data2\ER_3.8.1\OKY0079704051724\OKY0079704051724Anj.UD.csv,F:\Research Work\Response Spectrum\Seismic waveform 1\data2\ER_3.8.1\OKY0079704051724,0.0002384185791015,1189,11.89,1189,1788,6.0,600,100.0,0.05,0.1,0.3,2.5,Duhamel,100,0.01,4.0,OKY007,34.7807,133.6121,1997/04/05,17:24:00,1997/04/05,17:24:26,59,1997/04/05,17:00:00,34.603,133.597,3.8,16,100,10.113,7.182,2.836,60,0.0002384185791015,2000.0,8388608.0,655,19.807508
F:\Research Work\Response Spectrum\Seismic waveform 1\data2\ER_3.8.1\OKY0089704051724\OKY0089704051724Anj.NS.csv,F:\Research Work\Response Spectrum\Seismic waveform 1\data2\ER_3.8.1\OKY0089704051724\OKY0089704051724Anj.EW.csv,F:\Research Work\Response Spectrum\Seismic waveform 1\data2\ER_3.8.1\OKY0089704051724\OKY0089704051724Anj.UD.csv,F:\Research Work\Response Spectrum\Seismic waveform 1\data2\ER_3.8.1\OKY0089704051724,0.0002384185791015,927,9.27,927,1526,6.0,600,100.0,0.05,0.1,0.3,2.5,Duhamel,100,0.01,4.0,OKY008,34.8701,133.9036,1997/04/05,17:24:00,1997/04/05,17:24:32,59,1997/04/05,17:00:00,34.603,133.597,3.8,16,100,3.25,2.678,0.83,62,0.0002384185791015,2000.0,8388608.0,656,40.82912
F:\Research Work\Response Spectrum\Seismic waveform 1\data2\ER_3.8.1\OKY0099704051724\OKY0099704051724Anj.NS.csv,F:\Research Work\Response Spectrum\Seismic waveform 1\data2\ER_3.8.1\OKY0099704051724\OKY0099704051724Anj.EW.csv,F:\Research Work\Response Spectrum\Seismic waveform 1\data2\ER_3.8.1\OKY0099704051724\OKY0099704051724Anj.UD.csv,F:\Research Work\Response Spectrum\Seismic waveform 1\data2\ER_3.8.1\OKY0099704051724,0.0002384185791015,774,7.74,774,1373,6.0,600,100.0,0.05,0.1,0.3,2.5,Duhamel,100,0.01,4.0,OKY009,34.9176,134.0923,1997/04/05,17:24:00,1997/04/05,17:24:36,59,1997/04/05,17:00:00,34.603,133.597,3.8,16,100,7.124,6.458,1.764,48,0.0002384185791015,2000.0,8388608.0,657,57.19229
F:\Research Work\Response Spectrum\Seismic waveform 1\data2\ER_3.8.1\OKY0129704051724\OKY0129704051724Anj.NS.csv,F:\Research Work\Response Spectrum\Seismic waveform 1\data2\ER_3.8.1\OKY0129704051724\OKY0129704051724Anj.EW.csv,F:\Research Work\Response Spectrum\Seismic waveform 1\data2\ER_3.8.1\OKY0129704051724\OKY0129704051724Anj.UD.csv,F:\Research Work\Response Spectrum\Seismic waveform 1\data2\ER_3.8.1\OKY0129704051724,0.0002384185791015,441,4.41,441,1040,6.0,600,100.0,0.05,0.1,0.3,2.5,Duhamel,100,0.01,4.0,OKY012,34.5893,133.7545,1997/04/05,17:24:00,1997/04/05,17:24:23,59,1997/04/05,17:00:00,34.603,133.597,3.8,16,100,22.77,54.481,14.315,3,0.0002384185791015,2000.0,8388608.0,658,14.496682
F:\Research Work\Response Spectrum\Seismic waveform 1\data2\ER_3.8.1\OKY0139704051724\OKY0139704051724Anj.NS.csv,F:\Research Work\Response Spectrum\Seismic waveform 1\data2\ER_3.8.1\OKY0139704051724\OKY0139704051724Anj.EW.csv,F:\Research Work\Response Spectrum\Seismic waveform 1\data2\ER_3.8.1\OKY0139704051724\OKY0139704051724Anj.UD.csv,F:\Research Work\Response Spectrum\Seismic waveform 1\data2\ER_3.8.1\OKY0139704051724,0.0002384185791015,1308,13.08,1308,1907,6.0,600,100.0,0.05,0.1,0.3,2.5,Duhamel,100,0.01,4.0,OKY013,34.5095,133.5099,1997/04/05,17:24:00,1997/04/05,17:24:24,59,1997/04/05,17:00:00,34.603,133.597,3.8,16,100,36.079,23.671,11.763,6,0.0002384185791015,2000.0,8388608.0,659,13.103962
F:\Research Work\Response Spectrum\Seismic waveform 1\data2\ER_3.8.1\OKY0149704051724\OKY0149704051724Anj.NS.csv,F:\Research Work\Response Spectrum\Seismic waveform 1\data2\ER_3.8.1\OKY0149704051724\OKY0149704051724Anj.EW.csv,F:\Research Work\Response Spectrum\Seismic waveform 1\data2\ER_3.8.1\OKY0149704051724\OKY0149704051724Anj.UD.csv,F:\Research Work\Response Spectrum\Seismic waveform 1\data2\ER_3.8.1\OKY0149704051724,0.0002384185791015,1370,13.7,1370,1969,6.0,600,100.0,0.05,0.1,0.3,2.5,Duhamel,100,0.01,4.0,OKY014,34.4462,133.7876,1997/04/05,17:24:00,1997/04/05,17:24:24,59,1997/04/05,17:00:00,34.603,133.597,3.8,16,100,16.574,23.483,20.931,49,0.0002384185791015,2000.0,8388608.0,660,24.675573
F:\Research Work\Response Spectrum\Seismic waveform 1\data2\ER_3.8.11\HRS0010010301558\HRS0010010301558Anj.NS.csv,F:\Research Work\Response Spectrum\Seismic waveform 1\data2\ER_3.8.11\HRS0010010301558\HRS0010010301558Anj.EW.csv,F:\Research Work\Response Spectrum\Seismic waveform 1\data2\ER_3.8.11\HRS0010010301558\HRS0010010301558Anj.UD.csv,F:\Research Work\Response Spectrum\Seismic waveform 1\data2\ER_3.8.11\HRS0010010301558,0.0002384185791015,797,7.97,797,1396,6.0,600,100.0,0.05,0.1,0.3,2.5,Duhamel,100,0.01,4.0,HRS001,35.0337,132.9018,2000/10/30,15:58:00,2000/10/30,15:59:01,119,2000/10/30,15:00:00,35.191,133.427,3.8,10,100,6.224,5.504,2.78,566,0.0002384185791015,2000.0,8388608.0,671,50.8736
F:\Research Work\Response Spectrum\Seismic waveform 1\data2\ER_3.8.11\HRS0020010301558\HRS0020010301558Anj.NS.csv,F:\Research Work\Response Spectrum\Seismic waveform 1\data2\ER_3.8.11\HRS0020010301558\HRS0020010301558Anj.EW.csv,F:\Research Work\Response Spectrum\Seismic waveform 1\data2\ER_3.8.11\HRS0020010301558\HRS0020010301558Anj.UD.csv,F:\Research Work\Response Spectrum\Seismic waveform 1\data2\ER_3.8.11\HRS0020010301558,0.0002384185791015,959,9.59,959,1558,6.0,600,100.0,0.05,0.1,0.3,2.5,Duhamel,100,0.01,4.0,HRS002,34.8951,133.2755,2000/10/30,15:58:00,2000/10/30,15:58:57,119,2000/10/30,15:00:00,35.191,133.427,3.8,10,100,42.228,28.423,3.214,306,0.0002384185791015,2000.0,8388608.0,672,35.67637
F:\Research Work\Response Spectrum\Seismic waveform 1\data2\ER_3.8.11\HRS0050010301558\HRS0050010301558Anj.NS.csv,F:\Research Work\Response Spectrum\Seismic waveform 1\data2\ER_3.8.11\HRS0050010301558\HRS0050010301558Anj.EW.csv,F:\Research Work\Response Spectrum\Seismic waveform 1\data2\ER_3.8.11\HRS0050010301558\HRS0050010301558Anj.UD.csv,F:\Research Work\Response Spectrum\Seismic waveform 1\data2\ER_3.8.11\HRS0050010301558,0.0002384185791015,861,8.61,861,1460,6.0,600,100.0,0.05,0.1,0.3,2.5,Duhamel,100,0.01,4.0,HRS005,34.777,133.2807,2000/10/30,15:58:00,2000/10/30,15:59:00,119,2000/10/30,15:00:00,35.191,133.427,3.8,10,100,4.575,3.613,3.094,480,0.0002384185791015,2000.0,8388608.0,673,47.925343
F:\Research Work\Response Spectrum\Seismic waveform 1\data2\ER_3.8.11\HRS0060010301558\HRS0060010301558Anj.NS.csv,F:\Research Work\Response Spectrum\Seismic waveform 1\data2\ER_3.8.11\HRS0060010301558\HRS0060010301558Anj.EW.csv,F:\Research Work\Response Spectrum\Seismic waveform 1\data2\ER_3.8.11\HRS0060010301558\HRS0060010301558Anj.UD.csv,F:\Research Work\Response Spectrum\Seismic waveform 1\data2\ER_3.8.11\HRS0060010301558,0.0002384185791015,38,0.38,38,637,6.0,600,100.0,0.05,0.1,0.3,2.5,Duhamel,100,0.01,4.0,HRS006,34.6659,132.4077,2000/10/30,15:58:00,2000/10/30,15:59:18,120,2000/10/30,15:00:00,35.191,133.427,3.8,10,100,3.019,2.751,0.844,371,0.0002384185791015,2000.0,8388608.0,674,109.74503
F:\Research Work\Response Spectrum\Seismic waveform 1\data2\ER_3.8.11\HRS0210010301558\HRS0210010301558Anj.NS.csv,F:\Research Work\Response Spectrum\Seismic waveform 1\data2\ER_3.8.11\HRS0210010301558\HRS0210010301558Anj.EW.csv,F:\Research Work\Response Spectrum\Seismic waveform 1\data2\ER_3.8.11\HRS0210010301558\HRS0210010301558Anj.UD.csv,F:\Research Work\Response Spectrum\Seismic waveform 1\data2\ER_3.8.11\HRS0210010301558,0.0002384185791015,596,5.96,596,1195,6.0,600,100.0,0.05,0.1,0.3,2.5,Duhamel,100,0.01,4.0,HRS021,34.9529,133.1171,2000/10/30,15:58:00,2000/10/30,15:58:58,119,2000/10/30,15:00:00,35.191,133.427,3.8,10,100,6.808,4.767,4.256,325,0.0002384185791015,2000.0,8388608.0,675,38.68248
F:\Research Work\Response Spectrum\Seismic waveform 1\data2\ER_3.8.11\OKY0010010301558\OKY0010010301558Anj.NS.csv,F:\Research Work\Response Spectrum\Seismic waveform 1\data2\ER_3.8.11\OKY0010010301558\OKY0010010301558Anj.EW.csv,F:\Research Work\Response Spectrum\Seismic waveform 1\data2\ER_3.8.11\OKY0010010301558\OKY0010010301558Anj.UD.csv,F:\Research Work\Response Spectrum\Seismic waveform 1\data2\ER_3.8.11\OKY0010010301558,0.0002384185791015,1424,14.24,1424,2023,6.0,600,100.0,0.05,0.1,0.3,2.5,Duhamel,100,0.01,4.0,OKY001,35.1945,133.7314,2000/10/30,15:58:00,2000/10/30,15:58:51,119,2000/10/30,15:00:00,35.191,133.427,3.8,10,100,7.225,8.433,5.233,334,0.0002384185791015,2000.0,8388608.0,676,27.6637
F:\Research Work\Response Spectrum\Seismic waveform 1\data2\ER_3.8.11\OKY0050010301558\OKY0050010301558Anj.NS.csv,F:\Research Work\Response Spectrum\Seismic waveform 1\data2\ER_3.8.11\OKY0050010301558\OKY0050010301558Anj.EW.csv,F:\Research Work\Response Spectrum\Seismic waveform 1\data2\ER_3.8.11\OKY0050010301558\OKY0050010301558Anj.UD.csv,F:\Research Work\Response Spectrum\Seismic waveform 1\data2\ER_3.8.11\OKY0050010301558,0.0002384185791015,1032,10.32,1032,1631,6.0,600,100.0,0.05,0.1,0.3,2.5,Duhamel,100,0.01,4.0,OKY005,35.0098,133.7317,2000/10/30,15:58:00,2000/10/30,15:58:56,119,2000/10/30,15:00:00,35.191,133.427,3.8,10,100,6.778,7.934,3.266,134,0.0002384185791015,2000.0,8388608.0,677,34.268658
F:\Research Work\Response Spectrum\Seismic waveform 1\data2\ER_3.8.11\OKY0080010301558\OKY0080010301558Anj.NS.csv,F:\Research Work\Response Spectrum\Seismic waveform 1\data2\ER_3.8.11\OKY0080010301558\OKY0080010301558Anj.EW.csv,F:\Research Work\Response Spectrum\Seismic waveform 1\data2\ER_3.8.11\OKY0080010301558\OKY0080010301558Anj.UD.csv,F:\Research Work\Response Spectrum\Seismic waveform 1\data2\ER_3.8.11\OKY0080010301558,0.0002384185791015,801,8.01,801,1400,6.0,600,100.0,0.05,0.1,0.3,2.5,Duhamel,100,0.01,4.0,OKY008,34.8701,133.9036,2000/10/30,15:58:00,2000/10/30,15:59:02,119,2000/10/30,15:00:00,35.191,133.427,3.8,10,100,2.612,4.289,0.962,62,0.0002384185791015,2000.0,8388608.0,678,56.181507
F:\Research Work\Response Spectrum\Seismic waveform 1\data2\ER_3.8.11\TTR0070010301558\TTR0070010301558Anj.NS.csv,F:\Research Work\Response Spectrum\Seismic waveform 1\data2\ER_3.8.11\TTR0070010301558\TTR0070010301558Anj.EW.csv,F:\Research Work\Response Spectrum\Seismic waveform 1\data2\ER_3.8.11\TTR0070010301558\TTR0070010301558Anj.UD.csv,F:\Research Work\Response Spectrum\Seismic waveform 1\data2\ER_3.8.11\TTR0070010301558,0.0002384185791015,1444,14.44,1444,2043,6.0,600,100.0,0.05,0.1,0.3,2.5,Duhamel,100,0.01,4.0,TTR007,35.2826,133.4876,2000/10/30,15:58:00,2000/10/30,15:58:48,120,2000/10/30,15:00:00,35.191,133.427,3.8,10,100,50.172,45.763,14.908,155,0.0002384185791015,2000.0,8388608.0,679,11.577344
F:\Research Work\Response Spectrum\Seismic waveform 1\data2\ER_3.8.11\TTR0090010301558\TTR0090010301558Anj.NS.csv,F:\Research Work\Response Spectrum\Seismic waveform 1\data2\ER_3.8.11\TTR0090010301558\TTR0090010301558Anj.EW.csv,F:\Research Work\Response Spectrum\Seismic waveform 1\data2\ER_3.8.11\TTR0090010301558\TTR0090010301558Anj.UD.csv,F:\Research Work\Response Spectrum\Seismic waveform 1\data2\ER_3.8.11\TTR0090010301558,0.0002384185791015,1459,14.59,1459,2058,6.0,600,100.0,0.05,0.1,0.3,2.5,Duhamel,100,0.01,4.0,TTR009,35.1629,133.3063,2000/10/30,15:58:00,2000/10/30,15:58:48,119,2000/10/30,15:00:00,35.191,133.427,3.8,10,100,18.922,24.602,21.131,299,0.0002384185791015,2000.0,8388608.0,680,11.4065
F:\Research Work\Response Spectrum\Seismic waveform 1\data2\ER_3.8.12\HRS0010011050300\HRS0010011050300Anj.NS.csv,F:\Research Work\Response Spectrum\Seismic waveform 1\data2\ER_3.8.12\HRS0010011050300\HRS0010011050300Anj.EW.csv,F:\Research Work\Response Spectrum\Seismic waveform 1\data2\ER_3.8.12\HRS0010011050300\HRS0010011050300Anj.UD.csv,F:\Research Work\Response Spectrum\Seismic waveform 1\data2\ER_3.8.12\HRS0010011050300,0.0002384185791015,815,8.15,815,1414,6.0,600,100.0,0.05,0.1,0.3,2.5,Duhamel,100,0.01,4.0,HRS001,35.0337,132.9018,2000/11/05,03:00:00,2000/11/05,03:00:48,119,2000/11/05,03:00:00,35.19,133.425,3.8,12,100,6.602,11.289,1.582,566,0.0002384185791015,2000.0,8388608.0,681,50.66483
F:\Research Work\Response Spectrum\Seismic waveform 1\data2\ER_3.8.12\HRS0020011050300\HRS0020011050300Anj.NS.csv,F:\Research Work\Response Spectrum\Seismic waveform 1\data2\ER_3.8.12\HRS0020011050300\HRS0020011050300Anj.EW.csv,F:\Research Work\Response Spectrum\Seismic waveform 1\data2\ER_3.8.12\HRS0020011050300\HRS0020011050300Anj.UD.csv,F:\Research Work\Response Spectrum\Seismic waveform 1\data2\ER_3.8.12\HRS0020011050300,0.0002384185791015,978,9.78,978,1577,6.0,600,100.0,0.05,0.1,0.3,2.5,Duhamel,100,0.01,4.0,HRS002,34.8951,133.2755,2000/11/05,03:00:00,2000/11/05,03:00:44,119,2000/11/05,03:00:00,35.19,133.425,3.8,12,100,16.821,16.898,2.906,306,0.0002384185791015,2000.0,8388608.0,682,35.50368
F:\Research Work\Response Spectrum\Seismic waveform 1\data2\ER_3.8.12\HRS0050011050300\HRS0050011050300Anj.NS.csv,F:\Research Work\Response Spectrum\Seismic waveform 1\data2\ER_3.8.12\HRS0050011050300\HRS0050011050300Anj.EW.csv,F:\Research Work\Response Spectrum\Seismic waveform 1\data2\ER_3.8.12\HRS0050011050300\HRS0050011050300Anj.UD.csv,F:\Research Work\Response Spectrum\Seismic waveform 1\data2\ER_3.8.12\HRS0050011050300,0.0002384185791015,1380,13.8,1380,1979,6.0,600,100.0,0.05,0.1,0.3,2.5,Duhamel,100,0.01,4.0,HRS005,34.777,133.2807,2000/11/05,03:00:00,2000/11/05,03:00:42,119,2000/11/05,03:00:00,35.19,133.425,3.8,12,100,8.436,5.399,3.394,480,0.0002384185791015,2000.0,8388608.0,683,47.7681
F:\Research Work\Response Spectrum\Seismic waveform 1\data2\ER_3.8.12\HRS0060011050300\HRS0060011050300Anj.NS.csv,F:\Research Work\Response Spectrum\Seismic waveform 1\data2\ER_3.8.12\HRS0060011050300\HRS0060011050300Anj.EW.csv,F:\Research Work\Response Spectrum\Seismic waveform 1\data2\ER_3.8.12\HRS0060011050300\HRS0060011050300Anj.UD.csv,F:\Research Work\Response Spectrum\Seismic waveform 1\data2\ER_3.8.12\HRS0060011050300,0.0002384185791015,56,0.56,56,655,6.0,600,100.0,0.05,0.1,0.3,2.5,Duhamel,100,0.01,4.0,HRS006,34.6659,132.4077,2000/11/05,03:00:00,2000/11/05,03:01:05,120,2000/11/05,03:00:00,35.19,133.425,3.8,12,100,2.197,3.013,0.792,371,0.0002384185791015,2000.0,8388608.0,684,109.531975
F:\Research Work\Response Spectrum\Seismic waveform 1\data2\ER_3.8.12\HRS0070011050300\HRS0070011050300Anj.NS.csv,F:\Research Work\Response Spectrum\Seismic waveform 1\data2\ER_3.8.12\HRS0070011050300\HRS0070011050300Anj.EW.csv,F:\Research Work\Response Spectrum\Seismic waveform 1\data2\ER_3.8.12\HRS0070011050300\HRS0070011050300Anj.UD.csv,F:\Research Work\Response Spectrum\Seismic waveform 1\data2\ER_3.8.12\HRS0070011050300,0.0002384185791015,620,6.2,620,1219,6.0,600,100.0,0.05,0.1,0.3,2.5,Duhamel,100,0.01,4.0,HRS007,34.7032,133.0946,2000/11/05,03:00:00,2000/11/05,03:00:52,119,2000/11/05,03:00:00,35.19,133.425,3.8,12,100,2.644,1.34,0.894,382,0.0002384185791015,2000.0,8388608.0,685,61.94255
F:\Research Work\Response Spectrum\Seismic waveform 1\data2\ER_3.8.12\HRS0210011050300\HRS0210011050300Anj.NS.csv,F:\Research Work\Response Spectrum\Seismic waveform 1\data2\ER_3.8.12\HRS0210011050300\HRS0210011050300Anj.EW.csv,F:\Research Work\Response Spectrum\Seismic waveform 1\data2\ER_3.8.12\HRS0210011050300\HRS0210011050300Anj.UD.csv,F:\Research Work\Response Spectrum\Seismic waveform 1\data2\ER_3.8.12\HRS0210011050300,0.0002384185791015,937,9.37,937,1536,6.0,600,100.0,0.05,0.1,0.3,2.5,Duhamel,100,0.01,4.0,HRS021,34.9529,133.1171,2000/11/05,03:00:00,2000/11/05,03:00:45,119,2000/11/05,03:00:00,35.19,133.425,3.8,12,100,7.313,7.102,4.7,325,0.0002384185791015,2000.0,8388608.0,686,38.473824
F:\Research Work\Response Spectrum\Seismic waveform 1\data2\ER_3.8.12\OKY0010011050300\OKY0010011050300Anj.NS.csv,F:\Research Work\Response Spectrum\Seismic waveform 1\data2\ER_3.8.12\OKY0010011050300\OKY0010011050300Anj.EW.csv,F:\Research Work\Response Spectrum\Seismic waveform 1\data2\ER_3.8.12\OKY0010011050300\OKY0010011050300Anj.UD.csv,F:\Research Work\Response Spectrum\Seismic waveform 1\data2\ER_3.8.12\OKY0010011050300,0.0002384185791015,1450,14.5,1450,2049,6.0,600,100.0,0.05,0.1,0.3,2.5,Duhamel,100,0.01,4.0,OKY001,35.1945,133.7314,2000/11/05,03:00:00,2000/11/05,03:00:38,119,2000/11/05,03:00:00,35.19,133.425,3.8,12,100,12.045,7.116,7.307,334,0.0002384185791015,2000.0,8388608.0,687,27.84737
F:\Research Work\Response Spectrum\Seismic waveform 1\data2\ER_3.8.12\OKY0040011050300\OKY0040011050300Anj.NS.csv,F:\Research Work\Response Spectrum\Seismic waveform 1\data2\ER_3.8.12\OKY0040011050300\OKY0040011050300Anj.EW.csv,F:\Research Work\Response Spectrum\Seismic waveform 1\data2\ER_3.8.12\OKY0040011050300\OKY0040011050300Anj.UD.csv,F:\Research Work\Response Spectrum\Seismic waveform 1\data2\ER_3.8.12\OKY0040011050300,0.0002384185791015,1036,10.36,1036,1635,6.0,600,100.0,0.05,0.1,0.3,2.5,Duhamel,100,0.01,4.0,OKY004,34.9579,133.5018,2000/11/05,03:00:00,2000/11/05,03:00:42,119,2000/11/05,03:00:00,35.19,133.425,3.8,12,100,17.801,13.352,5.394,168,0.0002384185791015,2000.0,8388608.0,688,26.737934
F:\Research Work\Response Spectrum\Seismic waveform 1\data2\ER_3.8.12\OKY0050011050300\OKY0050011050300Anj.NS.csv,F:\Research Work\Response Spectrum\Seismic waveform 1\data2\ER_3.8.12\OKY0050011050300\OKY0050011050300Anj.EW.csv,F:\Research Work\Response Spectrum\Seismic waveform 1\data2\ER_3.8.12\OKY0050011050300\OKY0050011050300Anj.UD.csv,F:\Research Work\Response Spectrum\Seismic waveform 1\data2\ER_3.8.12\OKY0050011050300,0.0002384185791015,1055,10.55,1055,1654,6.0,600,100.0,0.05,0.1,0.3,2.5,Duhamel,100,0.01,4.0,OKY005,35.0098,133.7317,2000/11/05,03:00:00,2000/11/05,03:00:43,119,2000/11/05,03:00:00,35.19,133.425,3.8,12,100,25.138,20.9,7.886,134,0.0002384185791015,2000.0,8388608.0,689,34.35116
F:\Research Work\Response Spectrum\Seismic waveform 1\data2\ER_3.8.12\OKY0070011050300\OKY0070011050300Anj.NS.csv,F:\Research Work\Response Spectrum\Seismic waveform 1\data2\ER_3.8.12\OKY0070011050300\OKY0070011050300Anj.EW.csv,F:\Research Work\Response Spectrum\Seismic waveform 1\data2\ER_3.8.12\OKY0070011050300\OKY0070011050300Anj.UD.csv,F:\Research Work\Response Spectrum\Seismic waveform 1\data2\ER_3.8.12\OKY0070011050300,0.0002384185791015,789,7.89,789,1388,6.0,600,100.0,0.05,0.1,0.3,2.5,Duhamel,100,0.01,4.0,OKY007,34.7807,133.6121,2000/11/05,03:00:00,2000/11/05,03:00:48,119,2000/11/05,03:00:00,35.19,133.425,3.8,12,100,3.024,3.967,1.598,60,0.0002384185791015,2000.0,8388608.0,690,48.599216
F:\Research Work\Response Spectrum\Seismic waveform 1\data2\ER_3.8.12\OKY0080011050300\OKY0080011050300Anj.NS.csv,F:\Research Work\Response Spectrum\Seismic waveform 1\data2\ER_3.8.12\OKY0080011050300\OKY0080011050300Anj.EW.csv,F:\Research Work\Response Spectrum\Seismic waveform 1\data2\ER_3.8.12\OKY0080011050300\OKY0080011050300Anj.UD.csv,F:\Research Work\Response Spectrum\Seismic waveform 1\data2\ER_3.8.12\OKY0080011050300,0.0002384185791015,719,7.19,719,1318,6.0,600,100.0,0.05,0.1,0.3,2.5,Duhamel,100,0.01,4.0,OKY008,34.8701,133.9036,2000/11/05,03:00:00,2000/11/05,03:00:50,119,2000/11/05,03:00:00,35.19,133.425,3.8,12,100,8.388,7.099,1.525,62,0.0002384185791015,2000.0,8388608.0,691,56.252106
F:\Research Work\Response Spectrum\Seismic waveform 1\data2\ER_3.8.12\OKY0100011050300\OKY0100011050300Anj.NS.csv,F:\Research Work\Response Spectrum\Seismic waveform 1\data2\ER_3.8.12\OKY0100011050300\OKY0100011050300Anj.EW.csv,F:\Research Work\Response Spectrum\Seismic waveform 1\data2\ER_3.8.12\OKY0100011050300\OKY0100011050300Anj.UD.csv,F:\Research Work\Response Spectrum\Seismic waveform 1\data2\ER_3.8.12\OKY0100011050300,0.0002384185791015,387,3.87,387,986,6.0,600,100.0,0.05,0.1,0.3,2.5,Duhamel,100,0.01,4.0,OKY010,34.7454,134.1884,2000/11/05,03:00:00,2000/11/05,03:00:58,119,2000/11/05,03:00:00,35.19,133.425,3.8,12,100,2.887,2.035,0.929,2,0.0002384185791015,2000.0,8388608.0,692,85.33963
F:\Research Work\Response Spectrum\Seismic waveform 1\data2\ER_3.8.12\OKY0110011050300\OKY0110011050300Anj.NS.csv,F:\Research Work\Response Spectrum\Seismic waveform 1\data2\ER_3.8.12\OKY0110011050300\OKY0110011050300Anj.EW.csv,F:\Research Work\Response Spectrum\Seismic waveform 1\data2\ER_3.8.12\OKY0110011050300\OKY0110011050300Anj.UD.csv,F:\Research Work\Response Spectrum\Seismic waveform 1\data2\ER_3.8.12\OKY0110011050300,0.0002384185791015,515,5.15,515,1114,6.0,600,100.0,0.05,0.1,0.3,2.5,Duhamel,100,0.01,4.0,OKY011,34.654,133.9067,2000/11/05,03:00:00,2000/11/05,03:00:55,119,2000/11/05,03:00:00,35.19,133.425,3.8,12,100,3.236,5.706,1.094,2,0.0002384185791015,2000.0,8388608.0,693,74.03339
F:\Research Work\Response Spectrum\Seismic waveform 1\data2\ER_3.8.12\OKY0130011050300\OKY0130011050300Anj.NS.csv,F:\Research Work\Response Spectrum\Seismic waveform 1\data2\ER_3.8.12\OKY0130011050300\OKY0130011050300Anj.EW.csv,F:\Research Work\Response Spectrum\Seismic waveform 1\data2\ER_3.8.12\OKY0130011050300\OKY0130011050300Anj.UD.csv,F:\Research Work\Response Spectrum\Seismic waveform 1\data2\ER_3.8.12\OKY0130011050300,0.0002384185791015,348,3.48,348,947,6.0,600,100.0,0.05,0.1,0.3,2.5,Duhamel,100,0.01,4.0,OKY013,34.5095,133.5099,2000/11/05,03:00:00,2000/11/05,03:00:57,119,2000/11/05,03:00:00,35.19,133.425,3.8,12,100,2.847,1.915,1.045,6,0.0002384185791015,2000.0,8388608.0,694,76.06371
F:\Research Work\Response Spectrum\Seismic waveform 1\data2\ER_3.8.12\SMN0030011050300\SMN0030011050300Anj.NS.csv,F:\Research Work\Response Spectrum\Seismic waveform 1\data2\ER_3.8.12\SMN0030011050300\SMN0030011050300Anj.EW.csv,F:\Research Work\Response Spectrum\Seismic waveform 1\data2\ER_3.8.12\SMN0030011050300\SMN0030011050300Anj.UD.csv,F:\Research Work\Response Spectrum\Seismic waveform 1\data2\ER_3.8.12\SMN0030011050300,0.0002384185791015,187,1.87,187,786,6.0,600,100.0,0.05,0.1,0.3,2.5,Duhamel,100,0.01,4.0,SMN003,35.1795,133.0929,2000/11/05,03:00:00,2000/11/05,03:00:42,120,2000/11/05,03:00:00,35.19,133.425,3.8,12,100,5.033,4.514,2.325,332,0.0002384185791015,2000.0,8388608.0,695,30.203617
F:\Research Work\Response Spectrum\Seismic waveform 1\data2\ER_3.8.12\SMN0040011050300\SMN0040011050300Anj.NS.csv,F:\Research Work\Response Spectrum\Seismic waveform 1\data2\ER_3.8.12\SMN0040011050300\SMN0040011050300Anj.EW.csv,F:\Research Work\Response Spectrum\Seismic waveform 1\data2\ER_3.8.12\SMN0040011050300\SMN0040011050300Anj.UD.csv,F:\Research Work\Response Spectrum\Seismic waveform 1\data2\ER_3.8.12\SMN0040011050300,0.0002384185791015,1476,14.76,1476,2075,6.0,600,100.0,0.05,0.1,0.3,2.5,Duhamel,100,0.01,4.0,SMN004,35.2881,132.9004,2000/11/05,03:00:00,2000/11/05,03:00:41,119,2000/11/05,03:00:00,35.19,133.425,3.8,12,100,2.212,1.878,3.436,45,0.0002384185791015,2000.0,8388608.0,696,48.876198
F:\Research Work\Response Spectrum\Seismic waveform 1\data2\ER_3.8.12\SMN0080011050300\SMN0080011050300Anj.NS.csv,F:\Research Work\Response Spectrum\Seismic waveform 1\data2\ER_3.8.12\SMN0080011050300\SMN0080011050300Anj.EW.csv,F:\Research Work\Response Spectrum\Seismic waveform 1\data2\ER_3.8.12\SMN0080011050300\SMN0080011050300Anj.UD.csv,F:\Research Work\Response Spectrum\Seismic waveform 1\data2\ER_3.8.12\SMN0080011050300,0.0002384185791015,344,3.44,344,943,6.0,600,100.0,0.05,0.1,0.3,2.5,Duhamel,100,0.01,4.0,SMN008,34.8523,132.5308,2000/11/05,03:00:00,2000/11/05,03:00:59,119,2000/11/05,03:00:00,35.19,133.425,3.8,12,100,2.665,3.059,0.915,335,0.0002384185791015,2000.0,8388608.0,697,89.66834
F:\Research Work\Response Spectrum\Seismic waveform 1\data2\ER_3.8.12\TTR0050011050300\TTR0050011050300Anj.NS.csv,F:\Research Work\Response Spectrum\Seismic waveform 1\data2\ER_3.8.12\TTR0050011050300\TTR0050011050300Anj.EW.csv,F:\Research Work\Response Spectrum\Seismic waveform 1\data2\ER_3.8.12\TTR0050011050300\TTR0050011050300Anj.UD.csv,F:\Research Work\Response Spectrum\Seismic waveform 1\data2\ER_3.8.12\TTR0050011050300,0.0002384185791015,922,9.22,922,1521,6.0,600,100.0,0.05,0.1,0.3,2.5,Duhamel,100,0.01,4.0,TTR005,35.429,133.8253,2000/11/05,03:00:00,2000/11/05,03:00:46,119,2000/11/05,03:00:00,35.19,133.425,3.8,12,100,3.476,4.451,1.68,27,0.0002384185791015,2000.0,8388608.0,698,45.006924
F:\Research Work\Response Spectrum\Seismic waveform 1\data2\ER_3.8.12\TTR0070011050300\TTR0070011050300Anj.NS.csv,F:\Research Work\Response Spectrum\Seismic waveform 1\data2\ER_3.8.12\TTR0070011050300\TTR0070011050300Anj.EW.csv,F:\Research Work\Response Spectrum\Seismic waveform 1\data2\ER_3.8.12\TTR0070011050300\TTR0070011050300Anj.UD.csv,F:\Research Work\Response Spectrum\Seismic waveform 1\data2\ER_3.8.12\TTR0070011050300,0.0002384185791015,1476,14.76,1476,2075,6.0,600,100.0,0.05,0.1,0.3,2.5,Duhamel,100,0.01,4.0,TTR007,35.2826,133.4876,2000/11/05,03:00:00,2000/11/05,03:00:35,119,2000/11/05,03:00:00,35.19,133.425,3.8,12,100,40.159,53.569,24.673,155,0.0002384185791015,2000.0,8388608.0,699,11.762025
F:\Research Work\Response Spectrum\Seismic waveform 1\data2\ER_3.8.12\TTR0090011050300\TTR0090011050300Anj.NS.csv,F:\Research Work\Response Spectrum\Seismic waveform 1\data2\ER_3.8.12\TTR0090011050300\TTR0090011050300Anj.EW.csv,F:\Research Work\Response Spectrum\Seismic waveform 1\data2\ER_3.8.12\TTR0090011050300\TTR0090011050300Anj.UD.csv,F:\Research Work\Response Spectrum\Seismic waveform 1\data2\ER_3.8.12\TTR0090011050300,0.0002384185791015,1486,14.86,1486,2085,6.0,600,100.0,0.05,0.1,0.3,2.5,Duhamel,100,0.01,4.0,TTR009,35.1629,133.3063,2000/11/05,03:00:00,2000/11/05,03:00:35,119,2000/11/05,03:00:00,35.19,133.425,3.8,12,100,23.107,26.249,12.308,299,0.0002384185791015,2000.0,8388608.0,700,11.2014265
F:\Research Work\Response Spectrum\Seismic waveform 1\data2\ER_3.8.13\OKY0010012201004\OKY0010012201004Anj.NS.csv,F:\Research Work\Response Spectrum\Seismic waveform 1\data2\ER_3.8.13\OKY0010012201004\OKY0010012201004Anj.EW.csv,F:\Research Work\Response Spectrum\Seismic waveform 1\data2\ER_3.8.13\OKY0010012201004\OKY0010012201004Anj.UD.csv,F:\Research Work\Response Spectrum\Seismic waveform 1\data2\ER_3.8.13\OKY0010012201004,0.0002384185791015,792,7.92,792,1391,6.0,600,100.0,0.05,0.1,0.3,2.5,Duhamel,100,0.01,4.0,OKY001,35.1945,133.7314,2000/12/20,10:04:00,2000/12/20,10:04:49,119,2000/12/20,10:00:00,35.391,133.295,3.8,13,100,3.14,3.484,1.569,334,0.0002384185791015,2000.0,8388608.0,701,45.234085
F:\Research Work\Response Spectrum\Seismic waveform 1\data2\ER_3.8.13\OKY0050012201004\OKY0050012201004Anj.NS.csv,F:\Research Work\Response Spectrum\Seismic waveform 1\data2\ER_3.8.13\OKY0050012201004\OKY0050012201004Anj.EW.csv,F:\Research Work\Response Spectrum\Seismic waveform 1\data2\ER_3.8.13\OKY0050012201004\OKY0050012201004Anj.UD.csv,F:\Research Work\Response Spectrum\Seismic waveform 1\data2\ER_3.8.13\OKY0050012201004,0.0002384185791015,696,6.96,696,1295,6.0,600,100.0,0.05,0.1,0.3,2.5,Duhamel,100,0.01,4.0,OKY005,35.0098,133.7317,2000/12/20,10:04:00,2000/12/20,10:04:52,119,2000/12/20,10:00:00,35.391,133.295,3.8,13,100,3.228,3.372,1.146,134,0.0002384185791015,2000.0,8388608.0,702,58.061504
F:\Research Work\Response Spectrum\Seismic waveform 1\data2\ER_3.8.13\SMN0010012201004\SMN0010012201004Anj.NS.csv,F:\Research Work\Response Spectrum\Seismic waveform 1\data2\ER_3.8.13\SMN0010012201004\SMN0010012201004Anj.EW.csv,F:\Research Work\Response Spectrum\Seismic waveform 1\data2\ER_3.8.13\SMN0010012201004\SMN0010012201004Anj.UD.csv,F:\Research Work\Response Spectrum\Seismic waveform 1\data2\ER_3.8.13\SMN0010012201004,0.0002384185791015,1179,11.79,1179,1778,6.0,600,100.0,0.05,0.1,0.3,2.5,Duhamel,100,0.01,4.0,SMN001,35.5372,133.1612,2000/12/20,10:04:00,2000/12/20,10:04:41,119,2000/12/20,10:00:00,35.391,133.295,3.8,13,100,18.537,29.598,5.083,2,0.0002384185791015,2000.0,8388608.0,703,20.276077
F:\Research Work\Response Spectrum\Seismic waveform 1\data2\ER_3.8.13\SMN0020012201004\SMN0020012201004Anj.NS.csv,F:\Research Work\Response Spectrum\Seismic waveform 1\data2\ER_3.8.13\SMN0020012201004\SMN0020012201004Anj.EW.csv,F:\Research Work\Response Spectrum\Seismic waveform 1\data2\ER_3.8.13\SMN0020012201004\SMN0020012201004Anj.UD.csv,F:\Research Work\Response Spectrum\Seismic waveform 1\data2\ER_3.8.13\SMN0020012201004,0.0002384185791015,617,6.17,617,1216,6.0,600,100.0,0.05,0.1,0.3,2.5,Duhamel,100,0.01,4.0,SMN002,35.4714,133.0682,2000/12/20,10:04:00,2000/12/20,10:04:42,119,2000/12/20,10:00:00,35.391,133.295,3.8,13,100,8.272,6.926,2.663,2,0.0002384185791015,2000.0,8388608.0,704,22.409283
F:\Research Work\Response Spectrum\Seismic waveform 1\data2\ER_3.8.13\SMN0150012201004\SMN0150012201004Anj.NS.csv,F:\Research Work\Response Spectrum\Seismic waveform 1\data2\ER_3.8.13\SMN0150012201004\SMN0150012201004Anj.EW.csv,F:\Research Work\Response Spectrum\Seismic waveform 1\data2\ER_3.8.13\SMN0150012201004\SMN0150012201004Anj.UD.csv,F:\Research Work\Response Spectrum\Seismic waveform 1\data2\ER_3.8.13\SMN0150012201004,0.0002384185791015,1235,12.35,1235,1834,6.0,600,100.0,0.05,0.1,0.3,2.5,Duhamel,100,0.01,4.0,SMN015,35.3644,133.1704,2000/12/20,10:04:00,2000/12/20,10:04:39,119,2000/12/20,10:00:00,35.391,133.295,3.8,13,100,5.467,3.862,1.841,32,0.0002384185791015,2000.0,8388608.0,705,11.677425
F:\Research Work\Response Spectrum\Seismic waveform 1\data2\ER_3.8.13\TTR0070012201004\TTR0070012201004Anj.NS.csv,F:\Research Work\Response Spectrum\Seismic waveform 1\data2\ER_3.8.13\TTR0070012201004\TTR0070012201004Anj.EW.csv,F:\Research Work\Response Spectrum\Seismic waveform 1\data2\ER_3.8.13\TTR0070012201004\TTR0070012201004Anj.UD.csv,F:\Research Work\Response Spectrum\Seismic waveform 1\data2\ER_3.8.13\TTR0070012201004,0.0002384185791015,1401,14.01,1401,2000,6.0,600,100.0,0.05,0.1,0.3,2.5,Duhamel,100,0.01,4.0,TTR007,35.2826,133.4876,2000/12/20,10:04:00,2000/12/20,10:04:39,119,2000/12/20,10:00:00,35.391,133.295,3.8,13,100,17.762,17.243,9.062,155,0.0002384185791015,2000.0,8388608.0,706,21.225174
F:\Research Work\Response Spectrum\Seismic waveform 1\data2\ER_3.8.13\TTR0080012201004\TTR0080012201004Anj.NS.csv,F:\Research Work\Response Spectrum\Seismic waveform 1\data2\ER_3.8.13\TTR0080012201004\TTR0080012201004Anj.EW.csv,F:\Research Work\Response Spectrum\Seismic waveform 1\data2\ER_3.8.13\TTR0080012201004\TTR0080012201004Anj.UD.csv,F:\Research Work\Response Spectrum\Seismic waveform 1\data2\ER_3.8.13\TTR0080012201004,0.0002384185791015,1062,10.62,1062,1661,6.0,600,100.0,0.05,0.1,0.3,2.5,Duhamel,100,0.01,4.0,TTR008,35.4258,133.3301,2000/12/20,10:04:00,2000/12/20,10:04:36,119,2000/12/20,10:00:00,35.391,133.295,3.8,13,100,29.608,39.083,37.974,2,0.0002384185791015,2000.0,8388608.0,707,5.0092764
F:\Research Work\Response Spectrum\Seismic waveform 1\data2\ER_3.8.3\HRS0059912220817\HRS0059912220817Anj.NS.csv,F:\Research Work\Response Spectrum\Seismic waveform 1\data2\ER_3.8.3\HRS0059912220817\HRS0059912220817Anj.EW.csv,F:\Research Work\Response Spectrum\Seismic waveform 1\data2\ER_3.8.3\HRS0059912220817\HRS0059912220817Anj.UD.csv,F:\Research Work\Response Spectrum\Seismic waveform 1\data2\ER_3.8.3\HRS0059912220817,0.0002384185791015,881,8.81,881,1480,6.0,600,100.0,0.05,0.1,0.3,2.5,Duhamel,100,0.01,4.0,HRS005,34.777,133.2807,1999/12/22,08:17:00,1999/12/22,08:17:30,119,1999/12/22,08:00:00,34.391,133.445,3.8,15,100,5.064,4.207,3.493,480,0.0002384185791015,2000.0,8388608.0,717,45.48037
F:\Research Work\Response Spectrum\Seismic waveform 1\data2\ER_3.8.3\HRS0219912220817\HRS0219912220817Anj.NS.csv,F:\Research Work\Response Spectrum\Seismic waveform 1\data2\ER_3.8.3\HRS0219912220817\HRS0219912220817Anj.EW.csv,F:\Research Work\Response Spectrum\Seismic waveform 1\data2\ER_3.8.3\HRS0219912220817\HRS0219912220817Anj.UD.csv,F:\Research Work\Response Spectrum\Seismic waveform 1\data2\ER_3.8.3\HRS0219912220817,0.0002384185791015,567,5.67,567,1166,6.0,600,100.0,0.05,0.1,0.3,2.5,Duhamel,100,0.01,4.0,HRS021,34.9529,133.1171,1999/12/22,08:17:00,1999/12/22,08:17:36,119,1999/12/22,08:00:00,34.391,133.445,3.8,15,100,9.447,19.323,3.684,325,0.0002384185791015,2000.0,8388608.0,718,69.303375
F:\Research Work\Response Spectrum\Seismic waveform 1\data2\ER_3.8.3\KGW0039912220817\KGW0039912220817Anj.NS.csv,F:\Research Work\Response Spectrum\Seismic waveform 1\data2\ER_3.8.3\KGW0039912220817\KGW0039912220817Anj.EW.csv,F:\Research Work\Response Spectrum\Seismic waveform 1\data2\ER_3.8.3\KGW0039912220817\KGW0039912220817Anj.UD.csv,F:\Research Work\Response Spectrum\Seismic waveform 1\data2\ER_3.8.3\KGW0039912220817,0.0002384185791015,767,7.67,767,1366,6.0,600,100.0,0.05,0.1,0.3,2.5,Duhamel,100,0.01,4.0,KGW003,34.2652,133.7896,1999/12/22,08:17:00,1999/12/22,08:17:29,119,1999/12/22,08:00:00,34.391,133.445,3.8,15,100,3.503,3.158,2.109,12,0.0002384185791015,2000.0,8388608.0,719,34.597572
F:\Research Work\Response Spectrum\Seismic waveform 1\data2\ER_3.8.3\KGW0059912220817\KGW0059912220817Anj.NS.csv,F:\Research Work\Response Spectrum\Seismic waveform 1\data2\ER_3.8.3\KGW0059912220817\KGW0059912220817Anj.EW.csv,F:\Research Work\Response Spectrum\Seismic waveform 1\data2\ER_3.8.3\KGW0059912220817\KGW0059912220817Anj.UD.csv,F:\Research Work\Response Spectrum\Seismic waveform 1\data2\ER_3.8.3\KGW0059912220817,0.0002384185791015,987,9.87,987,1586,6.0,600,100.0,0.05,0.1,0.3,2.5,Duhamel,100,0.01,4.0,KGW005,34.1138,133.6354,1999/12/22,08:17:00,1999/12/22,08:17:27,119,1999/12/22,08:00:00,34.391,133.445,3.8,15,100,4.499,3.354,2.351,2,0.0002384185791015,2000.0,8388608.0,720,35.44444
F:\Research Work\Response Spectrum\Seismic waveform 1\data2\ER_3.8.3\KGW0089912220817\KGW0089912220817Anj.NS.csv,F:\Research Work\Response Spectrum\Seismic waveform 1\data2\ER_3.8.3\KGW0089912220817\KGW0089912220817Anj.EW.csv,F:\Research Work\Response Spectrum\Seismic waveform 1\data2\ER_3.8.3\KGW0089912220817\KGW0089912220817Anj.UD.csv,F:\Research Work\Response Spectrum\Seismic waveform 1\data2\ER_3.8.3\KGW0089912220817,0.0002384185791015,829,8.29,829,1428,6.0,600,100.0,0.05,0.1,0.3,2.5,Duhamel,100,0.01,4.0,KGW008,34.1644,133.9243,1999/12/22,08:17:00,1999/12/22,08:17:31,119,1999/12/22,08:00:00,34.391,133.445,3.8,15,100,3.12,3.36,0.998,2,0.0002384185791015,2000.0,8388608.0,721,50.73774
F:\Research Work\Response Spectrum\Seismic waveform 1\data2\ER_3.8.3\OKY0049912220817\OKY0049912220817Anj.NS.csv,F:\Research Work\Response Spectrum\Seismic waveform 1\data2\ER_3.8.3\OKY0049912220817\OKY0049912220817Anj.EW.csv,F:\Research Work\Response Spectrum\Seismic waveform 1\data2\ER_3.8.3\OKY0049912220817\OKY0049912220817Anj.UD.csv,F:\Research Work\Response Spectrum\Seismic waveform 1\data2\ER_3.8.3\OKY0049912220817,0.0002384185791015,645,6.45,645,1244,6.0,600,100.0,0.05,0.1,0.3,2.5,Duhamel,100,0.01,4.0,OKY004,34.9579,133.5018,1999/12/22,08:17:00,1999/12/22,08:17:35,119,1999/12/22,08:00:00,34.391,133.445,3.8,15,100,5.243,10.396,4.666,168,0.0002384185791015,2000.0,8388608.0,722,63.250034
F:\Research Work\Response Spectrum\Seismic waveform 1\data2\ER_3.8.3\OKY0079912220817\OKY0079912220817Anj.NS.csv,F:\Research Work\Response Spectrum\Seismic waveform 1\data2\ER_3.8.3\OKY0079912220817\OKY0079912220817Anj.EW.csv,F:\Research Work\Response Spectrum\Seismic waveform 1\data2\ER_3.8.3\OKY0079912220817\OKY0079912220817Anj.UD.csv,F:\Research Work\Response Spectrum\Seismic waveform 1\data2\ER_3.8.3\OKY0079912220817,0.0002384185791015,865,8.65,865,1464,6.0,600,100.0,0.05,0.1,0.3,2.5,Duhamel,100,0.01,4.0,OKY007,34.7807,133.6121,1999/12/22,08:17:00,1999/12/22,08:17:30,119,1999/12/22,08:00:00,34.391,133.445,3.8,15,100,6.182,4.128,1.917,60,0.0002384185791015,2000.0,8388608.0,723,45.95342
F:\Research Work\Response Spectrum\Seismic waveform 1\data2\ER_3.8.3\OKY0139912220817\OKY0139912220817Anj.NS.csv,F:\Research Work\Response Spectrum\Seismic waveform 1\data2\ER_3.8.3\OKY0139912220817\OKY0139912220817Anj.EW.csv,F:\Research Work\Response Spectrum\Seismic waveform 1\data2\ER_3.8.3\OKY0139912220817\OKY0139912220817Anj.UD.csv,F:\Research Work\Response Spectrum\Seismic waveform 1\data2\ER_3.8.3\OKY0139912220817,0.0002384185791015,111,1.11,111,710,6.0,600,100.0,0.05,0.1,0.3,2.5,Duhamel,100,0.01,4.0,OKY013,34.5095,133.5099,1999/12/22,08:17:00,1999/12/22,08:17:22,119,1999/12/22,08:00:00,34.391,133.445,3.8,15,100,19.794,13.689,6.22,6,0.0002384185791015,2000.0,8388608.0,724,14.458074
F:\Research Work\Response Spectrum\Seismic waveform 1\data2\ER_3.8.3\OKY0149912220817\OKY0149912220817Anj.NS.csv,F:\Research Work\Response Spectrum\Seismic waveform 1\data2\ER_3.8.3\OKY0149912220817\OKY0149912220817Anj.EW.csv,F:\Research Work\Response Spectrum\Seismic waveform 1\data2\ER_3.8.3\OKY0149912220817\OKY0149912220817Anj.UD.csv,F:\Research Work\Response Spectrum\Seismic waveform 1\data2\ER_3.8.3\OKY0149912220817,0.0002384185791015,1039,10.39,1039,1638,6.0,600,100.0,0.05,0.1,0.3,2.5,Duhamel,100,0.01,4.0,OKY014,34.4462,133.7876,1999/12/22,08:17:00,1999/12/22,08:17:26,119,1999/12/22,08:00:00,34.391,133.445,3.8,15,100,5.694,5.264,3.22,49,0.0002384185791015,2000.0,8388608.0,725,32.019814
F:\Research Work\Response Spectrum\Seismic waveform 1\data2\ER_3.8.8\HRS0010010071027\HRS0010010071027Anj.NS.csv,F:\Research Work\Response Spectrum\Seismic waveform 1\data2\ER_3.8.8\HRS0010010071027\HRS0010010071027Anj.EW.csv,F:\Research Work\Response Spectrum\Seismic waveform 1\data2\ER_3.8.8\HRS0010010071027\HRS0010010071027Anj.UD.csv,F:\Research Work\Response Spectrum\Seismic waveform 1\data2\ER_3.8.8\HRS0010010071027,0.0002384185791015,857,8.57,857,1456,6.0,600,100.0,0.05,0.1,0.3,2.5,Duhamel,100,0.01,4.0,HRS001,35.0337,132.9018,2000/10/07,10:27:00,2000/10/07,10:27:09,119,2000/10/07,10:00:00,35.248,133.375,3.8,11,100,7.053,13.486,5.532,566,0.0002384185791015,2000.0,8388608.0,747,49.185055
F:\Research Work\Response Spectrum\Seismic waveform 1\data2\ER_3.8.8\HRS0030010071027\HRS0030010071027Anj.NS.csv,F:\Research Work\Response Spectrum\Seismic waveform 1\data2\ER_3.8.8\HRS0030010071027\HRS0030010071027Anj.EW.csv,F:\Research Work\Response Spectrum\Seismic waveform 1\data2\ER_3.8.8\HRS0030010071027\HRS0030010071027Anj.UD.csv,F:\Research Work\Response Spectrum\Seismic waveform 1\data2\ER_3.8.8\HRS0030010071027,0.0002384185791015,583,5.83,583,1182,6.0,600,100.0,0.05,0.1,0.3,2.5,Duhamel,100,0.01,4.0,HRS003,34.8143,132.8418,2000/10/07,10:27:00,2000/10/07,10:27:15,119,2000/10/07,10:00:00,35.248,133.375,3.8,11,100,2.472,2.879,0.962,156,0.0002384185791015,2000.0,8388608.0,748,68.429375
F:\Research Work\Response Spectrum\Seismic waveform 1\data2\ER_3.8.8\HRS0060010071027\HRS0060010071027Anj.NS.csv,F:\Research Work\Response Spectrum\Seismic waveform 1\data2\ER_3.8.8\HRS0060010071027\HRS0060010071027Anj.EW.csv,F:\Research Work\Response Spectrum\Seismic waveform 1\data2\ER_3.8.8\HRS0060010071027\HRS0060010071027Anj.UD.csv,F:\Research Work\Response Spectrum\Seismic waveform 1\data2\ER_3.8.8\HRS0060010071027,0.0002384185791015,133,1.33,133,732,6.0,600,100.0,0.05,0.1,0.3,2.5,Duhamel,100,0.01,4.0,HRS006,34.6659,132.4077,2000/10/07,10:27:00,2000/10/07,10:27:26,119,2000/10/07,10:00:00,35.248,133.375,3.8,11,100,1.926,2.43,1.127,371,0.0002384185791015,2000.0,8388608.0,749,109.36326
F:\Research Work\Response Spectrum\Seismic waveform 1\data2\ER_3.8.8\HRS0090010071027\HRS0090010071027Anj.NS.csv,F:\Research Work\Response Spectrum\Seismic waveform 1\data2\ER_3.8.8\HRS0090010071027\HRS0090010071027Anj.EW.csv,F:\Research Work\Response Spectrum\Seismic waveform 1\data2\ER_3.8.8\HRS0090010071027\HRS0090010071027Anj.UD.csv,F:\Research Work\Response Spectrum\Seismic waveform 1\data2\ER_3.8.8\HRS0090010071027,0.0002384185791015,2113,21.13,2113,2712,6.0,600,100.0,0.05,0.1,0.3,2.5,Duhamel,100,0.01,4.0,HRS009,34.4926,132.2794,2000/10/07,10:27:00,2000/10/07,10:27:32,119,2000/10/07,10:00:00,35.248,133.375,3.8,11,100,2.859,3.442,0.773,219,0.0002384185791015,2000.0,8388608.0,750,130.5574
F:\Research Work\Response Spectrum\Seismic waveform 1\data2\ER_3.8.8\OKY0060010071027\OKY0060010071027Anj.NS.csv,F:\Research Work\Response Spectrum\Seismic waveform 1\data2\ER_3.8.8\OKY0060010071027\OKY0060010071027Anj.EW.csv,F:\Research Work\Response Spectrum\Seismic waveform 1\data2\ER_3.8.8\OKY0060010071027\OKY0060010071027Anj.UD.csv,F:\Research Work\Response Spectrum\Seismic waveform 1\data2\ER_3.8.8\OKY0060010071027,0.0002384185791015,33,0.33,33,632,6.0,600,100.0,0.05,0.1,0.3,2.5,Duhamel,100,0.01,4.0,OKY006,35.0684,134.005,2000/10/07,10:27:00,2000/10/07,10:27:12,119,2000/10/07,10:00:00,35.248,133.375,3.8,11,100,4.878,4.087,1.968,98,0.0002384185791015,2000.0,8388608.0,751,60.654545
F:\Research Work\Response Spectrum\Seismic waveform 1\data2\ER_3.8.8\OKY0080010071027\OKY0080010071027Anj.NS.csv,F:\Research Work\Response Spectrum\Seismic waveform 1\data2\ER_3.8.8\OKY0080010071027\OKY0080010071027Anj.EW.csv,F:\Research Work\Response Spectrum\Seismic waveform 1\data2\ER_3.8.8\OKY0080010071027\OKY0080010071027Anj.UD.csv,F:\Research Work\Response Spectrum\Seismic waveform 1\data2\ER_3.8.8\OKY0080010071027,0.0002384185791015,616,6.16,616,1215,6.0,600,100.0,0.05,0.1,0.3,2.5,Duhamel,100,0.01,4.0,OKY008,34.8701,133.9036,2000/10/07,10:27:00,2000/10/07,10:27:14,120,2000/10/07,10:00:00,35.248,133.375,3.8,11,100,4.813,4.239,1.371,62,0.0002384185791015,2000.0,8388608.0,752,63.87932
F:\Research Work\Response Spectrum\Seismic waveform 1\data2\ER_3.8.8\OKY0100010071027\OKY0100010071027Anj.NS.csv,F:\Research Work\Response Spectrum\Seismic waveform 1\data2\ER_3.8.8\OKY0100010071027\OKY0100010071027Anj.EW.csv,F:\Research Work\Response Spectrum\Seismic waveform 1\data2\ER_3.8.8\OKY0100010071027\OKY0100010071027Anj.UD.csv,F:\Research Work\Response Spectrum\Seismic waveform 1\data2\ER_3.8.8\OKY0100010071027,0.0002384185791015,239,2.39,239,838,6.0,600,100.0,0.05,0.1,0.3,2.5,Duhamel,100,0.01,4.0,OKY010,34.7454,134.1884,2000/10/07,10:27:00,2000/10/07,10:27:21,119,2000/10/07,10:00:00,35.248,133.375,3.8,11,100,4.379,1.14,1.919,2,0.0002384185791015,2000.0,8388608.0,753,92.80524
F:\Research Work\Response Spectrum\Seismic waveform 1\data2\ER_3.8.8\OKY0110010071027\OKY0110010071027Anj.NS.csv,F:\Research Work\Response Spectrum\Seismic waveform 1\data2\ER_3.8.8\OKY0110010071027\OKY0110010071027Anj.EW.csv,F:\Research Work\Response Spectrum\Seismic waveform 1\data2\ER_3.8.8\OKY0110010071027\OKY0110010071027Anj.UD.csv,F:\Research Work\Response Spectrum\Seismic waveform 1\data2\ER_3.8.8\OKY0110010071027,0.0002384185791015,400,4.0,400,999,6.0,600,100.0,0.05,0.1,0.3,2.5,Duhamel,100,0.01,4.0,OKY011,34.654,133.9067,2000/10/07,10:27:00,2000/10/07,10:27:19,119,2000/10/07,10:00:00,35.248,133.375,3.8,11,100,6.019,6.97,1.728,2,0.0002384185791015,2000.0,8388608.0,754,81.919525
F:\Research Work\Response Spectrum\Seismic waveform 1\data2\ER_3.8.8\SMN0010010071027\SMN0010010071027Anj.NS.csv,F:\Research Work\Response Spectrum\Seismic waveform 1\data2\ER_3.8.8\SMN0010010071027\SMN0010010071027Anj.EW.csv,F:\Research Work\Response Spectrum\Seismic waveform 1\data2\ER_3.8.8\SMN0010010071027\SMN0010010071027Anj.UD.csv,F:\Research Work\Response Spectrum\Seismic waveform 1\data2\ER_3.8.8\SMN0010010071027,0.0002384185791015,864,8.64,864,1463,6.0,600,100.0,0.05,0.1,0.3,2.5,Duhamel,100,0.01,4.0,SMN001,35.5372,133.1612,2000/10/07,10:27:00,2000/10/07,10:27:07,119,2000/10/07,10:00:00,35.248,133.375,3.8,11,100,11.749,9.654,1.81,2,0.0002384185791015,2000.0,8388608.0,755,37.545963
F:\Research Work\Response Spectrum\Seismic waveform 1\data2\ER_3.8.8\SMN0020010071027\SMN0020010071027Anj.NS.csv,F:\Research Work\Response Spectrum\Seismic waveform 1\data2\ER_3.8.8\SMN0020010071027\SMN0020010071027Anj.EW.csv,F:\Research Work\Response Spectrum\Seismic waveform 1\data2\ER_3.8.8\SMN0020010071027\SMN0020010071027Anj.UD.csv,F:\Research Work\Response Spectrum\Seismic waveform 1\data2\ER_3.8.8\SMN0020010071027,0.0002384185791015,4234,42.34,4234,4833,6.0,600,100.0,0.05,0.1,0.3,2.5,Duhamel,100,0.01,4.0,SMN002,35.4714,133.0682,2000/10/07,10:27:00,2000/10/07,10:27:06,120,2000/10/07,10:00:00,35.248,133.375,3.8,11,100,3.488,3.048,1.07,2,0.0002384185791015,2000.0,8388608.0,756,37.29764
F:\Research Work\Response Spectrum\Seismic waveform 1\data2\ER_3.8.8\SMN0030010071027\SMN0030010071027Anj.NS.csv,F:\Research Work\Response Spectrum\Seismic waveform 1\data2\ER_3.8.8\SMN0030010071027\SMN0030010071027Anj.EW.csv,F:\Research Work\Response Spectrum\Seismic waveform 1\data2\ER_3.8.8\SMN0030010071027\SMN0030010071027Anj.UD.csv,F:\Research Work\Response Spectrum\Seismic waveform 1\data2\ER_3.8.8\SMN0030010071027,0.0002384185791015,1081,10.81,1081,1680,6.0,600,100.0,0.05,0.1,0.3,2.5,Duhamel,100,0.01,4.0,SMN003,35.1795,133.0929,2000/10/07,10:27:00,2000/10/07,10:27:03,119,2000/10/07,10:00:00,35.248,133.375,3.8,11,100,10.996,14.731,7.886,332,0.0002384185791015,2000.0,8388608.0,757,26.73587
F:\Research Work\Response Spectrum\Seismic waveform 1\data2\ER_3.8.8\SMN0080010071027\SMN0080010071027Anj.NS.csv,F:\Research Work\Response Spectrum\Seismic waveform 1\data2\ER_3.8.8\SMN0080010071027\SMN0080010071027Anj.EW.csv,F:\Research Work\Response Spectrum\Seismic waveform 1\data2\ER_3.8.8\SMN0080010071027\SMN0080010071027Anj.UD.csv,F:\Research Work\Response Spectrum\Seismic waveform 1\data2\ER_3.8.8\SMN0080010071027,0.0002384185791015,387,3.87,387,986,6.0,600,100.0,0.05,0.1,0.3,2.5,Duhamel,100,0.01,4.0,SMN008,34.8523,132.5308,2000/10/07,10:27:00,2000/10/07,10:27:20,119,2000/10/07,10:00:00,35.248,133.375,3.8,11,100,2.159,2.999,1.15,335,0.0002384185791015,2000.0,8388608.0,758,88.55164
F:\Research Work\Response Spectrum\Seismic waveform 1\data2\ER_3.8.8\TTR0050010071027\TTR0050010071027Anj.NS.csv,F:\Research Work\Response Spectrum\Seismic waveform 1\data2\ER_3.8.8\TTR0050010071027\TTR0050010071027Anj.EW.csv,F:\Research Work\Response Spectrum\Seismic waveform 1\data2\ER_3.8.8\TTR0050010071027\TTR0050010071027Anj.UD.csv,F:\Research Work\Response Spectrum\Seismic waveform 1\data2\ER_3.8.8\TTR0050010071027,0.0002384185791015,799,7.99,799,1398,6.0,600,100.0,0.05,0.1,0.3,2.5,Duhamel,100,0.01,4.0,TTR005,35.429,133.8253,2000/10/07,10:27:00,2000/10/07,10:27:08,119,2000/10/07,10:00:00,35.248,133.375,3.8,11,100,1.904,3.319,1.515,27,0.0002384185791015,2000.0,8388608.0,759,45.534718
F:\Research Work\Response Spectrum\Seismic waveform 1\data2\ER_3.8.8\TTR0060010071027\TTR0060010071027Anj.NS.csv,F:\Research Work\Response Spectrum\Seismic waveform 1\data2\ER_3.8.8\TTR0060010071027\TTR0060010071027Anj.EW.csv,F:\Research Work\Response Spectrum\Seismic waveform 1\data2\ER_3.8.8\TTR0060010071027\TTR0060010071027Anj.UD.csv,F:\Research Work\Response Spectrum\Seismic waveform 1\data2\ER_3.8.8\TTR0060010071027,0.0002384185791015,967,9.67,967,1566,6.0,600,100.0,0.05,0.1,0.3,2.5,Duhamel,100,0.01,4.0,TTR006,35.5106,133.6303,2000/10/07,10:27:00,2000/10/07,10:27:06,119,2000/10/07,10:00:00,35.248,133.375,3.8,11,100,10.423,11.833,2.027,20,0.0002384185791015,2000.0,8388608.0,760,37.260635
F:\Research Work\Response Spectrum\Seismic waveform 1\data2\ER_3.8.8\TTR0070010071027\TTR0070010071027Anj.NS.csv,F:\Research Work\Response Spectrum\Seismic waveform 1\data2\ER_3.8.8\TTR0070010071027\TTR0070010071027Anj.EW.csv,F:\Research Work\Response Spectrum\Seismic waveform 1\data2\ER_3.8.8\TTR0070010071027\TTR0070010071027Anj.UD.csv,F:\Research Work\Response Spectrum\Seismic waveform 1\data2\ER_3.8.8\TTR0070010071027,0.0002384185791015,1431,14.31,1431,2030,6.0,600,100.0,0.05,0.1,0.3,2.5,Duhamel,100,0.01,4.0,TTR007,35.2826,133.4876,2000/10/07,10:27:00,2000/10/07,10:26:57,119,2000/10/07,09:00:00,35.248,133.375,3.8,11,100,77.379,67.817,29.251,155,0.0002384185791015,2000.0,8388608.0,761,10.922872
F:\Research Work\Response Spectrum\Seismic waveform 1\data2\ER_3.8.8\TTR0090010071027\TTR0090010071027Anj.NS.csv,F:\Research Work\Response Spectrum\Seismic waveform 1\data2\ER_3.8.8\TTR0090010071027\TTR0090010071027Anj.EW.csv,F:\Research Work\Response Spectrum\Seismic waveform 1\data2\ER_3.8.8\TTR0090010071027\TTR0090010071027Anj.UD.csv,F:\Research Work\Response Spectrum\Seismic waveform 1\data2\ER_3.8.8\TTR0090010071027,0.0002384185791015,646,6.46,646,1245,6.0,600,100.0,0.05,0.1,0.3,2.5,Duhamel,100,0.01,4.0,TTR009,35.1629,133.3063,2000/10/07,10:27:00,2000/10/07,10:26:59,119,2000/10/07,07:00:00,35.248,133.375,3.8,11,100,52.599,90.011,15.076,299,0.0002384185791015,2000.0,8388608.0,762,11.335909
F:\Research Work\Response Spectrum\Seismic waveform 1\data2\ER_3.8.9\HRS0010010082059\HRS0010010082059Anj.NS.csv,F:\Research Work\Response Spectrum\Seismic waveform 1\data2\ER_3.8.9\HRS0010010082059\HRS0010010082059Anj.EW.csv,F:\Research Work\Response Spectrum\Seismic waveform 1\data2\ER_3.8.9\HRS0010010082059\HRS0010010082059Anj.UD.csv,F:\Research Work\Response Spectrum\Seismic waveform 1\data2\ER_3.8.9\HRS0010010082059,0.0002384185791015,1070,10.7,1070,1669,6.0,600,100.0,0.05,0.1,0.3,2.5,Duhamel,100,0.01,4.0,HRS001,35.0337,132.9018,2000/10/08,20:59:00,2000/10/08,20:59:24,119,2000/10/08,20:00:00,35.366,133.302,3.8,9,100,4.919,6.325,2.032,566,0.0002384185791015,2000.0,8388608.0,763,51.841858
F:\Research Work\Response Spectrum\Seismic waveform 1\data2\ER_3.8.9\HRS0090010082059\HRS0090010082059Anj.NS.csv,F:\Research Work\Response Spectrum\Seismic waveform 1\data2\ER_3.8.9\HRS0090010082059\HRS0090010082059Anj.EW.csv,F:\Research Work\Response Spectrum\Seismic waveform 1\data2\ER_3.8.9\HRS0090010082059\HRS0090010082059Anj.UD.csv,F:\Research Work\Response Spectrum\Seismic waveform 1\data2\ER_3.8.9\HRS0090010082059,0.0002384185791015,811,8.11,811,1410,6.0,600,100.0,0.05,0.1,0.3,2.5,Duhamel,100,0.01,4.0,HRS009,34.4926,132.2794,2000/10/08,20:59:00,2000/10/08,21:00:16,119,2000/10/08,21:00:00,35.366,133.302,3.8,9,100,4.189,2.564,0.675,219,0.0002384185791015,2000.0,8388608.0,764,134.61855
F:\Research Work\Response Spectrum\Seismic waveform 1\data2\ER_3.8.9\OKY0040010082059\OKY0040010082059Anj.NS.csv,F:\Research Work\Response Spectrum\Seismic waveform 1\data2\ER_3.8.9\OKY0040010082059\OKY0040010082059Anj.EW.csv,F:\Research Work\Response Spectrum\Seismic waveform 1\data2\ER_3.8.9\OKY0040010082059\OKY0040010082059Anj.UD.csv,F:\Research Work\Response Spectrum\Seismic waveform 1\data2\ER_3.8.9\OKY0040010082059,0.0002384185791015,823,8.23,823,1422,6.0,600,100.0,0.05,0.1,0.3,2.5,Duhamel,100,0.01,4.0,OKY004,34.9579,133.5018,2000/10/08,20:59:00,2000/10/08,20:59:52,119,2000/10/08,20:00:00,35.366,133.302,3.8,9,100,15.465,8.418,3.317,168,0.0002384185791015,2000.0,8388608.0,765,48.87848
F:\Research Work\Response Spectrum\Seismic waveform 1\data2\ER_3.8.9\OKY0070010082059\OKY0070010082059Anj.NS.csv,F:\Research Work\Response Spectrum\Seismic waveform 1\data2\ER_3.8.9\OKY0070010082059\OKY0070010082059Anj.EW.csv,F:\Research Work\Response Spectrum\Seismic waveform 1\data2\ER_3.8.9\OKY0070010082059\OKY0070010082059Anj.UD.csv,F:\Research Work\Response Spectrum\Seismic waveform 1\data2\ER_3.8.9\OKY0070010082059,0.0002384185791015,481,4.81,481,1080,6.0,600,100.0,0.05,0.1,0.3,2.5,Duhamel,100,0.01,4.0,OKY007,34.7807,133.6121,2000/10/08,20:59:00,2000/10/08,20:59:59,119,2000/10/08,20:00:00,35.366,133.302,3.8,9,100,1.892,3.357,0.847,60,0.0002384185791015,2000.0,8388608.0,766,70.93719
F:\Research Work\Response Spectrum\Seismic waveform 1\data2\ER_3.8.9\OKY0140010082059\OKY0140010082059Anj.NS.csv,F:\Research Work\Response Spectrum\Seismic waveform 1\data2\ER_3.8.9\OKY0140010082059\OKY0140010082059Anj.EW.csv,F:\Research Work\Response Spectrum\Seismic waveform 1\data2\ER_3.8.9\OKY0140010082059\OKY0140010082059Anj.UD.csv,F:\Research Work\Response Spectrum\Seismic waveform 1\data2\ER_3.8.9\OKY0140010082059,0.0002384185791015,707,7.07,707,1306,6.0,600,100.0,0.05,0.1,0.3,2.5,Duhamel,100,0.01,4.0,OKY014,34.4462,133.7876,2000/10/08,20:59:00,2000/10/08,21:00:10,119,2000/10/08,21:00:00,35.366,133.302,3.8,9,100,3.531,2.307,1.063,49,0.0002384185791015,2000.0,8388608.0,767,111.45123
F:\Research Work\Response Spectrum\Seismic waveform 1\data2\ER_3.8.9\SMN0010010082059\SMN0010010082059Anj.NS.csv,F:\Research Work\Response Spectrum\Seismic waveform 1\data2\ER_3.8.9\SMN0010010082059\SMN0010010082059Anj.EW.csv,F:\Research Work\Response Spectrum\Seismic waveform 1\data2\ER_3.8.9\SMN0010010082059\SMN0010010082059Anj.UD.csv,F:\Research Work\Response Spectrum\Seismic waveform 1\data2\ER_3.8.9\SMN0010010082059,0.0002384185791015,1080,10.8,1080,1679,6.0,600,100.0,0.05,0.1,0.3,2.5,Duhamel,100,0.01,4.0,SMN001,35.5372,133.1612,2000/10/08,20:59:00,2000/10/08,20:59:45,120,2000/10/08,20:00:00,35.366,133.302,3.8,9,100,21.316,16.173,4.662,2,0.0002384185791015,2000.0,8388608.0,768,22.913898
F:\Research Work\Response Spectrum\Seismic waveform 1\data2\ER_3.8.9\SMN0020010082059\SMN0020010082059Anj.NS.csv,F:\Research Work\Response Spectrum\Seismic waveform 1\data2\ER_3.8.9\SMN0020010082059\SMN0020010082059Anj.EW.csv,F:\Research Work\Response Spectrum\Seismic waveform 1\data2\ER_3.8.9\SMN0020010082059\SMN0020010082059Anj.UD.csv,F:\Research Work\Response Spectrum\Seismic waveform 1\data2\ER_3.8.9\SMN0020010082059,0.0002384185791015,1102,11.02,1102,1701,6.0,600,100.0,0.05,0.1,0.3,2.5,Duhamel,100,0.01,4.0,SMN002,35.4714,133.0682,2000/10/08,20:59:00,2000/10/08,20:59:45,119,2000/10/08,20:00:00,35.366,133.302,3.8,9,100,3.411,4.228,2.581,2,0.0002384185791015,2000.0,8388608.0,769,24.211866
F:\Research Work\Response Spectrum\Seismic waveform 1\data2\ER_3.8.9\SMN0040010082059\SMN0040010082059Anj.NS.csv,F:\Research Work\Response Spectrum\Seismic waveform 1\data2\ER_3.8.9\SMN0040010082059\SMN0040010082059Anj.EW.csv,F:\Research Work\Response Spectrum\Seismic waveform 1\data2\ER_3.8.9\SMN0040010082059\SMN0040010082059Anj.UD.csv,F:\Research Work\Response Spectrum\Seismic waveform 1\data2\ER_3.8.9\SMN0040010082059,0.0002384185791015,1029,10.29,1029,1628,6.0,600,100.0,0.05,0.1,0.3,2.5,Duhamel,100,0.01,4.0,SMN004,35.2881,132.9004,2000/10/08,20:59:00,2000/10/08,20:59:48,119,2000/10/08,20:00:00,35.366,133.302,3.8,9,100,2.644,3.464,1.574,45,0.0002384185791015,2000.0,8388608.0,770,37.44869
F:\Research Work\Response Spectrum\Seismic waveform 1\data2\ER_3.8.9\SMN0150010082059\SMN0150010082059Anj.NS.csv,F:\Research Work\Response Spectrum\Seismic waveform 1\data2\ER_3.8.9\SMN0150010082059\SMN0150010082059Anj.EW.csv,F:\Research Work\Response Spectrum\Seismic waveform 1\data2\ER_3.8.9\SMN0150010082059\SMN0150010082059Anj.UD.csv,F:\Research Work\Response Spectrum\Seismic waveform 1\data2\ER_3.8.9\SMN0150010082059,0.0002384185791015,358,3.58,358,957,6.0,600,100.0,0.05,0.1,0.3,2.5,Duhamel,100,0.01,4.0,SMN015,35.3644,133.1704,2000/10/08,20:59:00,2000/10/08,20:59:41,120,2000/10/08,20:00:00,35.366,133.302,3.8,9,100,29.851,16.766,5.075,32,0.0002384185791015,2000.0,8388608.0,771,11.9344425
F:\Research Work\Response Spectrum\Seismic waveform 1\data2\ER_3.8.9\SMN0160010082059\SMN0160010082059Anj.NS.csv,F:\Research Work\Response Spectrum\Seismic waveform 1\data2\ER_3.8.9\SMN0160010082059\SMN0160010082059Anj.EW.csv,F:\Research Work\Response Spectrum\Seismic waveform 1\data2\ER_3.8.9\SMN0160010082059\SMN0160010082059Anj.UD.csv,F:\Research Work\Response Spectrum\Seismic waveform 1\data2\ER_3.8.9\SMN0160010082059,0.0002384185791015,803,8.03,803,1402,6.0,600,100.0,0.05,0.1,0.3,2.5,Duhamel,100,0.01,4.0,SMN016,35.1957,132.8146,2000/10/08,20:59:00,2000/10/08,20:59:52,120,2000/10/08,20:00:00,35.366,133.302,3.8,9,100,6.124,5.115,2.575,210,0.0002384185791015,2000.0,8388608.0,772,48.124367
F:\Research Work\Response Spectrum\Seismic waveform 1\data2\ER_3.8.9\TTR0050010082059\TTR0050010082059Anj.NS.csv,F:\Research Work\Response Spectrum\Seismic waveform 1\data2\ER_3.8.9\TTR0050010082059\TTR0050010082059Anj.EW.csv,F:\Research Work\Response Spectrum\Seismic waveform 1\data2\ER_3.8.9\TTR0050010082059\TTR0050010082059Anj.UD.csv,F:\Research Work\Response Spectrum\Seismic waveform 1\data2\ER_3.8.9\TTR0050010082059,0.0002384185791015,803,8.03,803,1402,6.0,600,100.0,0.05,0.1,0.3,2.5,Duhamel,100,0.01,4.0,TTR005,35.429,133.8253,2000/10/08,20:59:00,2000/10/08,20:59:52,119,2000/10/08,20:00:00,35.366,133.302,3.8,9,100,2.421,4.593,0.971,27,0.0002384185791015,2000.0,8388608.0,773,47.946827
F:\Research Work\Response Spectrum\Seismic waveform 1\data2\ER_3.8.9\TTR0080010082059\TTR0080010082059Anj.NS.csv,F:\Research Work\Response Spectrum\Seismic waveform 1\data2\ER_3.8.9\TTR0080010082059\TTR0080010082059Anj.EW.csv,F:\Research Work\Response Spectrum\Seismic waveform 1\data2\ER_3.8.9\TTR0080010082059\TTR0080010082059Anj.UD.csv,F:\Research Work\Response Spectrum\Seismic waveform 1\data2\ER_3.8.9\TTR0080010082059,0.0002384185791015,447,4.47,447,1046,6.0,600,100.0,0.05,0.1,0.3,2.5,Duhamel,100,0.01,4.0,TTR008,35.4258,133.3301,2000/10/08,20:59:00,2000/10/08,20:59:39,120,2000/10/08,20:00:00,35.366,133.302,3.8,9,100,39.307,38.269,29.526,2,0.0002384185791015,2000.0,8388608.0,774,7.120589
F:\Research Work\Response Spectrum\Seismic waveform 1\data2\ER_3.9.11\HRS0010303280531\HRS0010303280531Anj.NS.csv,F:\Research Work\Response Spectrum\Seismic waveform 1\data2\ER_3.9.11\HRS0010303280531\HRS0010303280531Anj.EW.csv,F:\Research Work\Response Spectrum\Seismic waveform 1\data2\ER_3.9.11\HRS0010303280531\HRS0010303280531Anj.UD.csv,F:\Research Work\Response Spectrum\Seismic waveform 1\data2\ER_3.9.11\HRS0010303280531,0.0002384185791015,1398,13.98,1398,1997,6.0,600,100.0,0.05,0.1,0.3,2.5,Duhamel,100,0.01,4.0,HRS001,35.0337,132.9018,2003/03/28,05:31:00,2003/03/28,05:31:53,119,2003/03/28,05:00:00,35.131,132.685,3.9,12,100,7.159,9.774,7.064,566,0.0002384185791015,2000.0,8388608.0,775,22.499523
F:\Research Work\Response Spectrum\Seismic waveform 1\data2\ER_3.9.11\HRS0030303280531\HRS0030303280531Anj.NS.csv,F:\Research Work\Response Spectrum\Seismic waveform 1\data2\ER_3.9.11\HRS0030303280531\HRS0030303280531Anj.EW.csv,F:\Research Work\Response Spectrum\Seismic waveform 1\data2\ER_3.9.11\HRS0030303280531\HRS0030303280531Anj.UD.csv,F:\Research Work\Response Spectrum\Seismic waveform 1\data2\ER_3.9.11\HRS0030303280531,0.0002384185791015,960,9.6,960,1559,6.0,600,100.0,0.05,0.1,0.3,2.5,Duhamel,100,0.01,4.0,HRS003,34.8143,132.8418,2003/03/28,05:31:00,2003/03/28,05:32:00,119,2003/03/28,05:00:00,35.131,132.685,3.9,12,100,4.727,3.656,1.289,156,0.0002384185791015,2000.0,8388608.0,776,38.003204
F:\Research Work\Response Spectrum\Seismic waveform 1\data2\ER_3.9.11\HRS0080303280531\HRS0080303280531Anj.NS.csv,F:\Research Work\Response Spectrum\Seismic waveform 1\data2\ER_3.9.11\HRS0080303280531\HRS0080303280531Anj.EW.csv,F:\Research Work\Response Spectrum\Seismic waveform 1\data2\ER_3.9.11\HRS0080303280531\HRS0080303280531Anj.UD.csv,F:\Research Work\Response Spectrum\Seismic waveform 1\data2\ER_3.9.11\HRS0080303280531,0.0002384185791015,675,6.75,675,1274,6.0,600,100.0,0.05,0.1,0.3,2.5,Duhamel,100,0.01,4.0,HRS008,34.6107,132.7193,2003/03/28,05:31:00,2003/03/28,05:32:06,119,2003/03/28,05:00:00,35.131,132.685,3.9,12,100,3.624,2.386,1.054,202,0.0002384185791015,2000.0,8388608.0,777,57.93928
F:\Research Work\Response Spectrum\Seismic waveform 1\data2\ER_3.9.11\SMN0040303280531\SMN0040303280531Anj.NS.csv,F:\Research Work\Response Spectrum\Seismic waveform 1\data2\ER_3.9.11\SMN0040303280531\SMN0040303280531Anj.EW.csv,F:\Research Work\Response Spectrum\Seismic waveform 1\data2\ER_3.9.11\SMN0040303280531\SMN0040303280531Anj.UD.csv,F:\Research Work\Response Spectrum\Seismic waveform 1\data2\ER_3.9.11\SMN0040303280531,0.0002384185791015,1434,14.34,1434,2033,6.0,600,100.0,0.05,0.1,0.3,2.5,Duhamel,100,0.01,4.0,SMN004,35.2881,132.9004,2003/03/28,05:31:00,2003/03/28,05:31:53,119,2003/03/28,05:00:00,35.131,132.685,3.9,12,100,9.961,9.151,6.53,45,0.0002384185791015,2000.0,8388608.0,778,26.232023
F:\Research Work\Response Spectrum\Seismic waveform 1\data2\ER_3.9.11\SMN0070303280531\SMN0070303280531Anj.NS.csv,F:\Research Work\Response Spectrum\Seismic waveform 1\data2\ER_3.9.11\SMN0070303280531\SMN0070303280531Anj.EW.csv,F:\Research Work\Response Spectrum\Seismic waveform 1\data2\ER_3.9.11\SMN0070303280531\SMN0070303280531Anj.UD.csv,F:\Research Work\Response Spectrum\Seismic waveform 1\data2\ER_3.9.11\SMN0070303280531,0.0002384185791015,1421,14.21,1421,2020,6.0,600,100.0,0.05,0.1,0.3,2.5,Duhamel,100,0.01,4.0,SMN007,35.0807,132.5914,2003/03/28,05:31:00,2003/03/28,05:31:51,119,2003/03/28,05:00:00,35.131,132.685,3.9,12,100,80.454,105.424,38.489,67,0.0002384185791015,2000.0,8388608.0,779,10.187277
F:\Research Work\Response Spectrum\Seismic waveform 1\data2\ER_3.9.11\SMN0080303280531\SMN0080303280531Anj.NS.csv,F:\Research Work\Response Spectrum\Seismic waveform 1\data2\ER_3.9.11\SMN0080303280531\SMN0080303280531Anj.EW.csv,F:\Research Work\Response Spectrum\Seismic waveform 1\data2\ER_3.9.11\SMN0080303280531\SMN0080303280531Anj.UD.csv,F:\Research Work\Response Spectrum\Seismic waveform 1\data2\ER_3.9.11\SMN0080303280531,0.0002384185791015,993,9.93,993,1592,6.0,600,100.0,0.05,0.1,0.3,2.5,Duhamel,100,0.01,4.0,SMN008,34.8523,132.5308,2003/03/28,05:31:00,2003/03/28,05:31:59,119,2003/03/28,05:00:00,35.131,132.685,3.9,12,100,3.928,5.569,3.816,335,0.0002384185791015,2000.0,8388608.0,780,34.024902
F:\Research Work\Response Spectrum\Seismic waveform 1\data2\ER_3.9.11\SMN0090303280531\SMN0090303280531Anj.NS.csv,F:\Research Work\Response Spectrum\Seismic waveform 1\data2\ER_3.9.11\SMN0090303280531\SMN0090303280531Anj.EW.csv,F:\Research Work\Response Spectrum\Seismic waveform 1\data2\ER_3.9.11\SMN0090303280531\SMN0090303280531Anj.UD.csv,F:\Research Work\Response Spectrum\Seismic waveform 1\data2\ER_3.9.11\SMN0090303280531,0.0002384185791015,285,2.85,285,884,6.0,600,100.0,0.05,0.1,0.3,2.5,Duhamel,100,0.01,4.0,SMN009,35.0112,132.2227,2003/03/28,05:31:00,2003/03/28,05:32:02,119,2003/03/28,05:00:00,35.131,132.685,3.9,12,100,8.451,8.472,3.913,20,0.0002384185791015,2000.0,8388608.0,781,44.130726
F:\Research Work\Response Spectrum\Seismic waveform 1\data2\ER_3.9.12\HRS0010305030931\HRS0010305030931Anj.NS.csv,F:\Research Work\Response Spectrum\Seismic waveform 1\data2\ER_3.9.12\HRS0010305030931\HRS0010305030931Anj.EW.csv,F:\Research Work\Response Spectrum\Seismic waveform 1\data2\ER_3.9.12\HRS0010305030931\HRS0010305030931Anj.UD.csv,F:\Research Work\Response Spectrum\Seismic waveform 1\data2\ER_3.9.12\HRS0010305030931,0.0002384185791015,1450,14.5,1450,2049,6.0,600,100.0,0.05,0.1,0.3,2.5,Duhamel,100,0.01,4.0,HRS001,35.0337,132.9018,2003/05/03,09:31:00,2003/05/03,09:31:53,119,2003/05/03,09:00:00,35.016,132.927,3.9,7,100,87.903,188.937,68.664,566,0.0002384185791015,2000.0,8388608.0,782,3.0230901
F:\Research Work\Response Spectrum\Seismic waveform 1\data2\ER_3.9.12\HRS0020305030931\HRS0020305030931Anj.NS.csv,F:\Research Work\Response Spectrum\Seismic waveform 1\data2\ER_3.9.12\HRS0020305030931\HRS0020305030931Anj.EW.csv,F:\Research Work\Response Spectrum\Seismic waveform 1\data2\ER_3.9.12\HRS0020305030931\HRS0020305030931Anj.UD.csv,F:\Research Work\Response Spectrum\Seismic waveform 1\data2\ER_3.9.12\HRS0020305030931,0.0002384185791015,741,7.41,741,1340,6.0,600,100.0,0.05,0.1,0.3,2.5,Duhamel,100,0.01,4.0,HRS002,34.8951,133.2755,2003/05/03,09:31:00,2003/05/03,09:32:02,119,2003/05/03,09:00:00,35.016,132.927,3.9,7,100,24.396,36.599,5.989,306,0.0002384185791015,2000.0,8388608.0,783,34.48851
F:\Research Work\Response Spectrum\Seismic waveform 1\data2\ER_3.9.12\HRS0030305030931\HRS0030305030931Anj.NS.csv,F:\Research Work\Response Spectrum\Seismic waveform 1\data2\ER_3.9.12\HRS0030305030931\HRS0030305030931Anj.EW.csv,F:\Research Work\Response Spectrum\Seismic waveform 1\data2\ER_3.9.12\HRS0030305030931\HRS0030305030931Anj.UD.csv,F:\Research Work\Response Spectrum\Seismic waveform 1\data2\ER_3.9.12\HRS0030305030931,0.0002384185791015,1386,13.86,1386,1985,6.0,600,100.0,0.05,0.1,0.3,2.5,Duhamel,100,0.01,4.0,HRS003,34.8143,132.8418,2003/05/03,09:31:00,2003/05/03,09:31:57,119,2003/05/03,09:00:00,35.016,132.927,3.9,7,100,7.816,4.516,2.024,156,0.0002384185791015,2000.0,8388608.0,784,23.735329
F:\Research Work\Response Spectrum\Seismic waveform 1\data2\ER_3.9.12\HRS0050305030931\HRS0050305030931Anj.NS.csv,F:\Research Work\Response Spectrum\Seismic waveform 1\data2\ER_3.9.12\HRS0050305030931\HRS0050305030931Anj.EW.csv,F:\Research Work\Response Spectrum\Seismic waveform 1\data2\ER_3.9.12\HRS0050305030931\HRS0050305030931Anj.UD.csv,F:\Research Work\Response Spectrum\Seismic waveform 1\data2\ER_3.9.12\HRS0050305030931,0.0002384185791015,877,8.77,877,1476,6.0,600,100.0,0.05,0.1,0.3,2.5,Duhamel,100,0.01,4.0,HRS005,34.777,133.2807,2003/05/03,09:31:00,2003/05/03,09:32:05,119,2003/05/03,09:00:00,35.016,132.927,3.9,7,100,6.219,6.462,3.057,480,0.0002384185791015,2000.0,8388608.0,785,41.7949
F:\Research Work\Response Spectrum\Seismic waveform 1\data2\ER_3.9.12\HRS0210305030931\HRS0210305030931Anj.NS.csv,F:\Research Work\Response Spectrum\Seismic waveform 1\data2\ER_3.9.12\HRS0210305030931\HRS0210305030931Anj.EW.csv,F:\Research Work\Response Spectrum\Seismic waveform 1\data2\ER_3.9.12\HRS0210305030931\HRS0210305030931Anj.UD.csv,F:\Research Work\Response Spectrum\Seismic waveform 1\data2\ER_3.9.12\HRS0210305030931,0.0002384185791015,1397,13.97,1397,1996,6.0,600,100.0,0.05,0.1,0.3,2.5,Duhamel,100,0.01,4.0,HRS021,34.9529,133.1171,2003/05/03,09:31:00,2003/05/03,09:31:56,119,2003/05/03,09:00:00,35.016,132.927,3.9,7,100,23.887,35.307,10.799,325,0.0002384185791015,2000.0,8388608.0,786,18.68597
F:\Research Work\Response Spectrum\Seismic waveform 1\data2\ER_3.9.12\OKY0040305030931\OKY0040305030931Anj.NS.csv,F:\Research Work\Response Spectrum\Seismic waveform 1\data2\ER_3.9.12\OKY0040305030931\OKY0040305030931Anj.EW.csv,F:\Research Work\Response Spectrum\Seismic waveform 1\data2\ER_3.9.12\OKY0040305030931\OKY0040305030931Anj.UD.csv,F:\Research Work\Response Spectrum\Seismic waveform 1\data2\ER_3.9.12\OKY0040305030931,0.0002384185791015,838,8.38,838,1437,6.0,600,100.0,0.05,0.1,0.3,2.5,Duhamel,100,0.01,4.0,OKY004,34.9579,133.5018,2003/05/03,09:31:00,2003/05/03,09:32:07,119,2003/05/03,09:00:00,35.016,132.927,3.9,7,100,1.95,4.166,1.302,168,0.0002384185791015,2000.0,8388608.0,787,52.76127
F:\Research Work\Response Spectrum\Seismic waveform 1\data2\ER_3.9.12\OKY0130305030931\OKY0130305030931Anj.NS.csv,F:\Research Work\Response Spectrum\Seismic waveform 1\data2\ER_3.9.12\OKY0130305030931\OKY0130305030931Anj.EW.csv,F:\Research Work\Response Spectrum\Seismic waveform 1\data2\ER_3.9.12\OKY0130305030931\OKY0130305030931Anj.UD.csv,F:\Research Work\Response Spectrum\Seismic waveform 1\data2\ER_3.9.12\OKY0130305030931,0.0002384185791015,470,4.7,470,1069,6.0,600,100.0,0.05,0.1,0.3,2.5,Duhamel,100,0.01,4.0,OKY013,34.5095,133.5099,2003/05/03,09:31:00,2003/05/03,09:32:15,119,2003/05/03,09:00:00,35.016,132.927,3.9,7,100,3.199,2.231,1.341,6,0.0002384185791015,2000.0,8388608.0,788,77.506035
F:\Research Work\Response Spectrum\Seismic waveform 1\data2\ER_3.9.12\SMN0030305030931\SMN0030305030931Anj.NS.csv,F:\Research Work\Response Spectrum\Seismic waveform 1\data2\ER_3.9.12\SMN0030305030931\SMN0030305030931Anj.EW.csv,F:\Research Work\Response Spectrum\Seismic waveform 1\data2\ER_3.9.12\SMN0030305030931\SMN0030305030931Anj.UD.csv,F:\Research Work\Response Spectrum\Seismic waveform 1\data2\ER_3.9.12\SMN0030305030931,0.0002384185791015,85,0.85,85,684,6.0,600,100.0,0.05,0.1,0.3,2.5,Duhamel,100,0.01,4.0,SMN003,35.1795,133.0929,2003/05/03,09:31:00,2003/05/03,09:31:59,119,2003/05/03,09:00:00,35.016,132.927,3.9,7,100,11.657,16.953,3.085,332,0.0002384185791015,2000.0,8388608.0,789,23.628895
F:\Research Work\Response Spectrum\Seismic waveform 1\data2\ER_3.9.12\SMN0080305030931\SMN0080305030931Anj.NS.csv,F:\Research Work\Response Spectrum\Seismic waveform 1\data2\ER_3.9.12\SMN0080305030931\SMN0080305030931Anj.EW.csv,F:\Research Work\Response Spectrum\Seismic waveform 1\data2\ER_3.9.12\SMN0080305030931\SMN0080305030931Anj.UD.csv,F:\Research Work\Response Spectrum\Seismic waveform 1\data2\ER_3.9.12\SMN0080305030931,0.0002384185791015,951,9.51,951,1550,6.0,600,100.0,0.05,0.1,0.3,2.5,Duhamel,100,0.01,4.0,SMN008,34.8523,132.5308,2003/05/03,09:31:00,2003/05/03,09:32:04,120,2003/05/03,09:00:00,35.016,132.927,3.9,7,100,2.857,7.003,2.488,335,0.0002384185791015,2000.0,8388608.0,790,40.44474
F:\Research Work\Response Spectrum\Seismic waveform 1\data2\ER_3.9.12\SMN0160305030931\SMN0160305030931Anj.NS.csv,F:\Research Work\Response Spectrum\Seismic waveform 1\data2\ER_3.9.12\SMN0160305030931\SMN0160305030931Anj.EW.csv,F:\Research Work\Response Spectrum\Seismic waveform 1\data2\ER_3.9.12\SMN0160305030931\SMN0160305030931Anj.UD.csv,F:\Research Work\Response Spectrum\Seismic waveform 1\data2\ER_3.9.12\SMN0160305030931,0.0002384185791015,1444,14.44,1444,2043,6.0,600,100.0,0.05,0.1,0.3,2.5,Duhamel,100,0.01,4.0,SMN016,35.1957,132.8146,2003/05/03,09:31:00,2003/05/03,09:31:56,120,2003/05/03,09:00:00,35.016,132.927,3.9,7,100,5.3,7.655,3.364,210,0.0002384185791015,2000.0,8388608.0,791,22.44582
F:\Research Work\Response Spectrum\Seismic waveform 1\data2\ER_4.0.1\HRS0019708230835\HRS0019708230835Anj.NS.csv,F:\Research Work\Response Spectrum\Seismic waveform 1\data2\ER_4.0.1\HRS0019708230835\HRS0019708230835Anj.EW.csv,F:\Research Work\Response Spectrum\Seismic waveform 1\data2\ER_4.0.1\HRS0019708230835\HRS0019708230835Anj.UD.csv,F:\Research Work\Response Spectrum\Seismic waveform 1\data2\ER_4.0.1\HRS0019708230835,0.0002384185791015,852,8.52,852,1451,6.0,600,100.0,0.05,0.1,0.3,2.5,Duhamel,100,0.01,4.0,HRS001,35.0337,132.9018,1997/08/23,08:35:00,1997/08/23,08:35:45,59,1997/08/23,08:00:00,35.253,133.38,4.0,12,100,5.313,9.992,2.818,566,0.0002384185791015,2000.0,8388608.0,831,49.851677
F:\Research Work\Response Spectrum\Seismic waveform 1\data2\ER_4.0.1\HRS0059708230835\HRS0059708230835Anj.NS.csv,F:\Research Work\Response Spectrum\Seismic waveform 1\data2\ER_4.0.1\HRS0059708230835\HRS0059708230835Anj.EW.csv,F:\Research Work\Response Spectrum\Seismic waveform 1\data2\ER_4.0.1\HRS0059708230835\HRS0059708230835Anj.UD.csv,F:\Research Work\Response Spectrum\Seismic waveform 1\data2\ER_4.0.1\HRS0059708230835,0.0002384185791015,727,7.27,727,1326,6.0,600,100.0,0.05,0.1,0.3,2.5,Duhamel,100,0.01,4.0,HRS005,34.777,133.2807,1997/08/23,08:35:00,1997/08/23,08:35:47,59,1997/08/23,08:00:00,35.253,133.38,4.0,12,100,3.274,3.26,1.854,480,0.0002384185791015,2000.0,8388608.0,832,53.695747
F:\Research Work\Response Spectrum\Seismic waveform 1\data2\ER_4.0.1\HRS0219708230835\HRS0219708230835Anj.NS.csv,F:\Research Work\Response Spectrum\Seismic waveform 1\data2\ER_4.0.1\HRS0219708230835\HRS0219708230835Anj.EW.csv,F:\Research Work\Response Spectrum\Seismic waveform 1\data2\ER_4.0.1\HRS0219708230835\HRS0219708230835Anj.UD.csv,F:\Research Work\Response Spectrum\Seismic waveform 1\data2\ER_4.0.1\HRS0219708230835,0.0002384185791015,1028,10.28,1028,1627,6.0,600,100.0,0.05,0.1,0.3,2.5,Duhamel,100,0.01,4.0,HRS021,34.9529,133.1171,1997/08/23,08:35:00,1997/08/23,08:35:42,59,1997/08/23,08:00:00,35.253,133.38,4.0,12,100,3.351,4.247,4.199,325,0.0002384185791015,2000.0,8388608.0,833,41.054993
F:\Research Work\Response Spectrum\Seismic waveform 1\data2\ER_4.0.1\OKY0049708230835\OKY0049708230835Anj.NS.csv,F:\Research Work\Response Spectrum\Seismic waveform 1\data2\ER_4.0.1\OKY0049708230835\OKY0049708230835Anj.EW.csv,F:\Research Work\Response Spectrum\Seismic waveform 1\data2\ER_4.0.1\OKY0049708230835\OKY0049708230835Anj.UD.csv,F:\Research Work\Response Spectrum\Seismic waveform 1\data2\ER_4.0.1\OKY0049708230835,0.0002384185791015,1413,14.13,1413,2012,6.0,600,100.0,0.05,0.1,0.3,2.5,Duhamel,100,0.01,4.0,OKY004,34.9579,133.5018,1997/08/23,08:35:00,1997/08/23,08:35:37,59,1997/08/23,08:00:00,35.253,133.38,4.0,12,100,27.767,24.237,5.355,168,0.0002384185791015,2000.0,8388608.0,834,34.633762
F:\Research Work\Response Spectrum\Seismic waveform 1\data2\ER_4.0.1\OKY0069708230835\OKY0069708230835Anj.NS.csv,F:\Research Work\Response Spectrum\Seismic waveform 1\data2\ER_4.0.1\OKY0069708230835\OKY0069708230835Anj.EW.csv,F:\Research Work\Response Spectrum\Seismic waveform 1\data2\ER_4.0.1\OKY0069708230835\OKY0069708230835Anj.UD.csv,F:\Research Work\Response Spectrum\Seismic waveform 1\data2\ER_4.0.1\OKY0069708230835,0.0002384185791015,629,6.29,629,1228,6.0,600,100.0,0.05,0.1,0.3,2.5,Duhamel,100,0.01,4.0,OKY006,35.0684,134.005,1997/08/23,08:35:00,1997/08/23,08:35:49,59,1997/08/23,08:00:00,35.253,133.38,4.0,12,100,2.625,3.199,2.688,98,0.0002384185791015,2000.0,8388608.0,835,60.410522
F:\Research Work\Response Spectrum\Seismic waveform 1\data2\ER_4.0.1\OKY0089708230835\OKY0089708230835Anj.NS.csv,F:\Research Work\Response Spectrum\Seismic waveform 1\data2\ER_4.0.1\OKY0089708230835\OKY0089708230835Anj.EW.csv,F:\Research Work\Response Spectrum\Seismic waveform 1\data2\ER_4.0.1\OKY0089708230835\OKY0089708230835Anj.UD.csv,F:\Research Work\Response Spectrum\Seismic waveform 1\data2\ER_4.0.1\OKY0089708230835,0.0002384185791015,1498,14.98,1498,2097,6.0,600,100.0,0.05,0.1,0.3,2.5,Duhamel,100,0.01,4.0,OKY008,34.8701,133.9036,1997/08/23,08:35:00,1997/08/23,08:35:50,59,1997/08/23,08:00:00,35.253,133.38,4.0,12,100,2.754,2.484,1.448,62,0.0002384185791015,2000.0,8388608.0,836,63.905216
F:\Research Work\Response Spectrum\Seismic waveform 1\data2\ER_4.0.1\OKY0099708230835\OKY0099708230835Anj.NS.csv,F:\Research Work\Response Spectrum\Seismic waveform 1\data2\ER_4.0.1\OKY0099708230835\OKY0099708230835Anj.EW.csv,F:\Research Work\Response Spectrum\Seismic waveform 1\data2\ER_4.0.1\OKY0099708230835\OKY0099708230835Anj.UD.csv,F:\Research Work\Response Spectrum\Seismic waveform 1\data2\ER_4.0.1\OKY0099708230835,0.0002384185791015,2632,26.32,2632,3231,6.0,600,100.0,0.05,0.1,0.3,2.5,Duhamel,100,0.01,4.0,OKY009,34.9176,134.0923,1997/08/23,08:35:00,1997/08/23,08:35:53,59,1997/08/23,08:00:00,35.253,133.38,4.0,12,100,3.996,3.527,1.207,48,0.0002384185791015,2000.0,8388608.0,837,74.77645
F:\Research Work\Response Spectrum\Seismic waveform 1\data2\ER_4.0.1\OKY0119708230835\OKY0119708230835Anj.NS.csv,F:\Research Work\Response Spectrum\Seismic waveform 1\data2\ER_4.0.1\OKY0119708230835\OKY0119708230835Anj.EW.csv,F:\Research Work\Response Spectrum\Seismic waveform 1\data2\ER_4.0.1\OKY0119708230835\OKY0119708230835Anj.UD.csv,F:\Research Work\Response Spectrum\Seismic waveform 1\data2\ER_4.0.1\OKY0119708230835,0.0002384185791015,400,4.0,400,999,6.0,600,100.0,0.05,0.1,0.3,2.5,Duhamel,100,0.01,4.0,OKY011,34.654,133.9067,1997/08/23,08:35:00,1997/08/23,08:35:55,59,1997/08/23,08:00:00,35.253,133.38,4.0,12,100,4.818,5.995,1.524,2,0.0002384185791015,2000.0,8388608.0,838,82.10033
F:\Research Work\Response Spectrum\Seismic waveform 1\data2\ER_4.0.1\SMN0019708230835\SMN0019708230835Anj.NS.csv,F:\Research Work\Response Spectrum\Seismic waveform 1\data2\ER_4.0.1\SMN0019708230835\SMN0019708230835Anj.EW.csv,F:\Research Work\Response Spectrum\Seismic waveform 1\data2\ER_4.0.1\SMN0019708230835\SMN0019708230835Anj.UD.csv,F:\Research Work\Response Spectrum\Seismic waveform 1\data2\ER_4.0.1\SMN0019708230835,0.0002384185791015,950,9.5,950,1549,6.0,600,100.0,0.05,0.1,0.3,2.5,Duhamel,100,0.01,4.0,SMN001,35.5372,133.1612,1997/08/23,08:35:00,1997/08/23,08:35:42,59,1997/08/23,08:00:00,35.253,133.38,4.0,12,100,30.62,36.311,7.024,2,0.0002384185791015,2000.0,8388608.0,839,37.30951
F:\Research Work\Response Spectrum\Seismic waveform 1\data2\ER_4.0.1\SMN0029708230835\SMN0029708230835Anj.NS.csv,F:\Research Work\Response Spectrum\Seismic waveform 1\data2\ER_4.0.1\SMN0029708230835\SMN0029708230835Anj.EW.csv,F:\Research Work\Response Spectrum\Seismic waveform 1\data2\ER_4.0.1\SMN0029708230835\SMN0029708230835Anj.UD.csv,F:\Research Work\Response Spectrum\Seismic waveform 1\data2\ER_4.0.1\SMN0029708230835,0.0002384185791015,942,9.42,942,1541,6.0,600,100.0,0.05,0.1,0.3,2.5,Duhamel,100,0.01,4.0,SMN002,35.4714,133.0682,1997/08/23,08:35:00,1997/08/23,08:35:42,59,1997/08/23,08:00:00,35.253,133.38,4.0,12,100,7.431,7.879,2.082,2,0.0002384185791015,2000.0,8388608.0,840,37.271797
F:\Research Work\Response Spectrum\Seismic waveform 1\data2\ER_4.0.1\SMN0039708230835\SMN0039708230835Anj.NS.csv,F:\Research Work\Response Spectrum\Seismic waveform 1\data2\ER_4.0.1\SMN0039708230835\SMN0039708230835Anj.EW.csv,F:\Research Work\Response Spectrum\Seismic waveform 1\data2\ER_4.0.1\SMN0039708230835\SMN0039708230835Anj.UD.csv,F:\Research Work\Response Spectrum\Seismic waveform 1\data2\ER_4.0.1\SMN0039708230835,0.0002384185791015,1061,10.61,1061,1660,6.0,600,100.0,0.05,0.1,0.3,2.5,Duhamel,100,0.01,4.0,SMN003,35.1795,133.0929,1997/08/23,08:35:00,1997/08/23,08:35:39,59,1997/08/23,08:00:00,35.253,133.38,4.0,12,100,6.419,5.1,2.719,332,0.0002384185791015,2000.0,8388608.0,841,27.331886
F:\Research Work\Response Spectrum\Seismic waveform 1\data2\ER_4.0.1\SMN0159708230835\SMN0159708230835Anj.NS.csv,F:\Research Work\Response Spectrum\Seismic waveform 1\data2\ER_4.0.1\SMN0159708230835\SMN0159708230835Anj.EW.csv,F:\Research Work\Response Spectrum\Seismic waveform 1\data2\ER_4.0.1\SMN0159708230835\SMN0159708230835Anj.UD.csv,F:\Research Work\Response Spectrum\Seismic waveform 1\data2\ER_4.0.1\SMN0159708230835,0.0002384185791015,1172,11.72,1172,1771,6.0,600,100.0,0.05,0.1,0.3,2.5,Duhamel,100,0.01,4.0,SMN015,35.3644,133.1704,1997/08/23,08:35:00,1997/08/23,08:35:37,59,1997/08/23,08:00:00,35.253,133.38,4.0,12,100,5.177,4.625,2.196,32,0.0002384185791015,2000.0,8388608.0,842,22.697386
F:\Research Work\Response Spectrum\Seismic waveform 1\data2\ER_4.0.1\SMN0169708230835\SMN0169708230835Anj.NS.csv,F:\Research Work\Response Spectrum\Seismic waveform 1\data2\ER_4.0.1\SMN0169708230835\SMN0169708230835Anj.EW.csv,F:\Research Work\Response Spectrum\Seismic waveform 1\data2\ER_4.0.1\SMN0169708230835\SMN0169708230835Anj.UD.csv,F:\Research Work\Response Spectrum\Seismic waveform 1\data2\ER_4.0.1\SMN0169708230835,0.0002384185791015,764,7.64,764,1363,6.0,600,100.0,0.05,0.1,0.3,2.5,Duhamel,100,0.01,4.0,SMN016,35.1957,132.8146,1997/08/23,08:35:00,1997/08/23,08:35:46,59,1997/08/23,08:00:00,35.253,133.38,4.0,12,100,3.571,4.25,3.344,210,0.0002384185791015,2000.0,8388608.0,843,51.751812
F:\Research Work\Response Spectrum\Seismic waveform 1\data2\ER_4.0.1\TTR0059708230835\TTR0059708230835Anj.NS.csv,F:\Research Work\Response Spectrum\Seismic waveform 1\data2\ER_4.0.1\TTR0059708230835\TTR0059708230835Anj.EW.csv,F:\Research Work\Response Spectrum\Seismic waveform 1\data2\ER_4.0.1\TTR0059708230835\TTR0059708230835Anj.UD.csv,F:\Research Work\Response Spectrum\Seismic waveform 1\data2\ER_4.0.1\TTR0059708230835,0.0002384185791015,1343,13.43,1343,1942,6.0,600,100.0,0.05,0.1,0.3,2.5,Duhamel,100,0.01,4.0,TTR005,35.429,133.8253,1997/08/23,08:35:00,1997/08/23,08:35:44,59,1997/08/23,08:00:00,35.253,133.38,4.0,12,100,2.896,2.68,0.722,27,0.0002384185791015,2000.0,8388608.0,844,44.88202
F:\Research Work\Response Spectrum\Seismic waveform 1\data2\ER_4.0.1\TTR0069708230835\TTR0069708230835Anj.NS.csv,F:\Research Work\Response Spectrum\Seismic waveform 1\data2\ER_4.0.1\TTR0069708230835\TTR0069708230835Anj.EW.csv,F:\Research Work\Response Spectrum\Seismic waveform 1\data2\ER_4.0.1\TTR0069708230835\TTR0069708230835Anj.UD.csv,F:\Research Work\Response Spectrum\Seismic waveform 1\data2\ER_4.0.1\TTR0069708230835,0.0002384185791015,947,9.47,947,1546,6.0,600,100.0,0.05,0.1,0.3,2.5,Duhamel,100,0.01,4.0,TTR006,35.5106,133.6303,1997/08/23,08:35:00,1997/08/23,08:35:42,59,1997/08/23,08:00:00,35.253,133.38,4.0,12,100,3.109,2.913,0.91,20,0.0002384185791015,2000.0,8388608.0,845,36.542915
F:\Research Work\Response Spectrum\Seismic waveform 1\data2\ER_4.0.1\TTR0079708230835\TTR0079708230835Anj.NS.csv,F:\Research Work\Response Spectrum\Seismic waveform 1\data2\ER_4.0.1\TTR0079708230835\TTR0079708230835Anj.EW.csv,F:\Research Work\Response Spectrum\Seismic waveform 1\data2\ER_4.0.1\TTR0079708230835\TTR0079708230835Anj.UD.csv,F:\Research Work\Response Spectrum\Seismic waveform 1\data2\ER_4.0.1\TTR0079708230835,0.0002384185791015,1494,14.94,1494,2093,6.0,600,100.0,0.05,0.1,0.3,2.5,Duhamel,100,0.01,4.0,TTR007,35.2826,133.4876,1997/08/23,08:35:00,1997/08/23,08:35:32,59,1997/08/23,08:00:00,35.253,133.38,4.0,12,100,8.58,20.608,8.415,155,0.0002384185791015,2000.0,8388608.0,846,10.308205
F:\Research Work\Response Spectrum\Seismic waveform 1\data2\ER_4.0.1\TTR0089708230835\TTR0089708230835Anj.NS.csv,F:\Research Work\Response Spectrum\Seismic waveform 1\data2\ER_4.0.1\TTR0089708230835\TTR0089708230835Anj.EW.csv,F:\Research Work\Response Spectrum\Seismic waveform 1\data2\ER_4.0.1\TTR0089708230835\TTR0089708230835Anj.UD.csv,F:\Research Work\Response Spectrum\Seismic waveform 1\data2\ER_4.0.1\TTR0089708230835,0.0002384185791015,1230,12.3,1230,1829,6.0,600,100.0,0.05,0.1,0.3,2.5,Duhamel,100,0.01,4.0,TTR008,35.4258,133.3301,1997/08/23,08:35:00,1997/08/23,08:35:36,59,1997/08/23,08:00:00,35.253,133.38,4.0,12,100,9.74,12.653,5.96,2,0.0002384185791015,2000.0,8388608.0,847,19.740395
F:\Research Work\Response Spectrum\Seismic waveform 1\data2\ER_4.0.1\TTR0099708230835\TTR0099708230835Anj.NS.csv,F:\Research Work\Response Spectrum\Seismic waveform 1\data2\ER_4.0.1\TTR0099708230835\TTR0099708230835Anj.EW.csv,F:\Research Work\Response Spectrum\Seismic waveform 1\data2\ER_4.0.1\TTR0099708230835\TTR0099708230835Anj.UD.csv,F:\Research Work\Response Spectrum\Seismic waveform 1\data2\ER_4.0.1\TTR0099708230835,0.0002384185791015,1443,14.43,1443,2042,6.0,600,100.0,0.05,0.1,0.3,2.5,Duhamel,100,0.01,4.0,TTR009,35.1629,133.3063,1997/08/23,08:35:00,1997/08/23,08:35:33,59,1997/08/23,08:00:00,35.253,133.38,4.0,12,100,29.857,26.946,8.966,299,0.0002384185791015,2000.0,8388608.0,848,12.050256
F:\Research Work\Response Spectrum\Seismic waveform 1\data1\ER_3.6.10\HRS0020010210740\HRS0020010210740Anj.NS.csv,F:\Research Work\Response Spectrum\Seismic waveform 1\data1\ER_3.6.10\HRS0020010210740\HRS0020010210740Anj.EW.csv,F:\Research Work\Response Spectrum\Seismic waveform 1\data1\ER_3.6.10\HRS0020010210740\HRS0020010210740Anj.UD.csv,F:\Research Work\Response Spectrum\Seismic waveform 1\data1\ER_3.6.10\HRS0020010210740,0.0002384185791015,774,7.74,774,1373,6.0,600,100.0,0.05,0.1,0.3,2.5,Duhamel,100,0.01,4.0,HRS002,34.8951,133.2755,2000/10/21,07:40:00,2000/10/21,07:40:56,119,2000/10/21,07:00:00,35.39,133.297,3.6,12,100,6.411,3.214,0.552,306,0.0002384185791015,2000.0,8388608.0,849,55.065083
F:\Research Work\Response Spectrum\Seismic waveform 1\data1\ER_3.6.10\HRS0210010210740\HRS0210010210740Anj.NS.csv,F:\Research Work\Response Spectrum\Seismic waveform 1\data1\ER_3.6.10\HRS0210010210740\HRS0210010210740Anj.EW.csv,F:\Research Work\Response Spectrum\Seismic waveform 1\data1\ER_3.6.10\HRS0210010210740\HRS0210010210740Anj.UD.csv,F:\Research Work\Response Spectrum\Seismic waveform 1\data1\ER_3.6.10\HRS0210010210740,0.0002384185791015,1437,14.37,1437,2036,6.0,600,100.0,0.05,0.1,0.3,2.5,Duhamel,100,0.01,4.0,HRS021,34.9529,133.1171,2000/10/21,07:40:00,2000/10/21,07:40:49,119,2000/10/21,07:00:00,35.39,133.297,3.6,12,100,2.199,2.351,4.853,325,0.0002384185791015,2000.0,8388608.0,850,51.280228
F:\Research Work\Response Spectrum\Seismic waveform 1\data1\ER_3.6.10\OKY0050010210740\OKY0050010210740Anj.NS.csv,F:\Research Work\Response Spectrum\Seismic waveform 1\data1\ER_3.6.10\OKY0050010210740\OKY0050010210740Anj.EW.csv,F:\Research Work\Response Spectrum\Seismic waveform 1\data1\ER_3.6.10\OKY0050010210740\OKY0050010210740Anj.UD.csv,F:\Research Work\Response Spectrum\Seismic waveform 1\data1\ER_3.6.10\OKY0050010210740,0.0002384185791015,700,7.0,700,1299,6.0,600,100.0,0.05,0.1,0.3,2.5,Duhamel,100,0.01,4.0,OKY005,35.0098,133.7317,2000/10/21,07:40:00,2000/10/21,07:40:57,119,2000/10/21,07:00:00,35.39,133.297,3.6,12,100,2.182,3.544,1.12,134,0.0002384185791015,2000.0,8388608.0,851,57.856335
F:\Research Work\Response Spectrum\Seismic waveform 1\data1\ER_3.6.10\SMN0010010210740\SMN0010010210740Anj.NS.csv,F:\Research Work\Response Spectrum\Seismic waveform 1\data1\ER_3.6.10\SMN0010010210740\SMN0010010210740Anj.EW.csv,F:\Research Work\Response Spectrum\Seismic waveform 1\data1\ER_3.6.10\SMN0010010210740\SMN0010010210740Anj.UD.csv,F:\Research Work\Response Spectrum\Seismic waveform 1\data1\ER_3.6.10\SMN0010010210740,0.0002384185791015,1093,10.93,1093,1692,6.0,600,100.0,0.05,0.1,0.3,2.5,Duhamel,100,0.01,4.0,SMN001,35.5372,133.1612,2000/10/21,07:40:00,2000/10/21,07:40:47,119,2000/10/21,07:00:00,35.39,133.297,3.6,12,100,5.702,5.916,2.143,2,0.0002384185791015,2000.0,8388608.0,852,20.473677
F:\Research Work\Response Spectrum\Seismic waveform 1\data1\ER_3.6.10\SMN0150010210740\SMN0150010210740Anj.NS.csv,F:\Research Work\Response Spectrum\Seismic waveform 1\data1\ER_3.6.10\SMN0150010210740\SMN0150010210740Anj.EW.csv,F:\Research Work\Response Spectrum\Seismic waveform 1\data1\ER_3.6.10\SMN0150010210740\SMN0150010210740Anj.UD.csv,F:\Research Work\Response Spectrum\Seismic waveform 1\data1\ER_3.6.10\SMN0150010210740,0.0002384185791015,1245,12.45,1245,1844,6.0,600,100.0,0.05,0.1,0.3,2.5,Duhamel,100,0.01,4.0,SMN015,35.3644,133.1704,2000/10/21,07:40:00,2000/10/21,07:40:44,120,2000/10/21,07:00:00,35.39,133.297,3.6,12,100,6.196,4.272,1.839,32,0.0002384185791015,2000.0,8388608.0,853,11.825739
F:\Research Work\Response Spectrum\Seismic waveform 1\data1\ER_3.6.10\TTR0070010210740\TTR0070010210740Anj.NS.csv,F:\Research Work\Response Spectrum\Seismic waveform 1\data1\ER_3.6.10\TTR0070010210740\TTR0070010210740Anj.EW.csv,F:\Research Work\Response Spectrum\Seismic waveform 1\data1\ER_3.6.10\TTR0070010210740\TTR0070010210740Anj.UD.csv,F:\Research Work\Response Spectrum\Seismic waveform 1\data1\ER_3.6.10\TTR0070010210740,0.0002384185791015,1099,10.99,1099,1698,6.0,600,100.0,0.05,0.1,0.3,2.5,Duhamel,100,0.01,4.0,TTR007,35.2826,133.4876,2000/10/21,07:40:00,2000/10/21,07:40:47,119,2000/10/21,07:00:00,35.39,133.297,3.6,12,100,4.78,5.242,2.837,155,0.0002384185791015,2000.0,8388608.0,854,21.012793
F:\Research Work\Response Spectrum\Seismic waveform 1\data1\ER_3.6.10\TTR0080010210740\TTR0080010210740Anj.NS.csv,F:\Research Work\Response Spectrum\Seismic waveform 1\data1\ER_3.6.10\TTR0080010210740\TTR0080010210740Anj.EW.csv,F:\Research Work\Response Spectrum\Seismic waveform 1\data1\ER_3.6.10\TTR0080010210740\TTR0080010210740Anj.UD.csv,F:\Research Work\Response Spectrum\Seismic waveform 1\data1\ER_3.6.10\TTR0080010210740,0.0002384185791015,1262,12.62,1262,1861,6.0,600,100.0,0.05,0.1,0.3,2.5,Duhamel,100,0.01,4.0,TTR008,35.4258,133.3301,2000/10/21,07:40:00,2000/10/21,07:40:41,119,2000/10/21,07:00:00,35.39,133.297,3.6,12,100,12.433,13.081,10.059,2,0.0002384185791015,2000.0,8388608.0,855,4.9845314
F:\Research Work\Response Spectrum\Seismic waveform 1\data1\ER_3.6.10\TTR0090010210740\TTR0090010210740Anj.NS.csv,F:\Research Work\Response Spectrum\Seismic waveform 1\data1\ER_3.6.10\TTR0090010210740\TTR0090010210740Anj.EW.csv,F:\Research Work\Response Spectrum\Seismic waveform 1\data1\ER_3.6.10\TTR0090010210740\TTR0090010210740Anj.UD.csv,F:\Research Work\Response Spectrum\Seismic waveform 1\data1\ER_3.6.10\TTR0090010210740,0.0002384185791015,1088,10.88,1088,1687,6.0,600,100.0,0.05,0.1,0.3,2.5,Duhamel,100,0.01,4.0,TTR009,35.1629,133.3063,2000/10/21,07:40:00,2000/10/21,07:40:48,119,2000/10/21,07:00:00,35.39,133.297,3.6,12,100,4.068,3.76,1.247,299,0.0002384185791015,2000.0,8388608.0,856,25.266476
F:\Research Work\Response Spectrum\Seismic waveform 1\data1\ER_3.6.11\HRS0010010240743\HRS0010010240743Anj.NS.csv,F:\Research Work\Response Spectrum\Seismic waveform 1\data1\ER_3.6.11\HRS0010010240743\HRS0010010240743Anj.EW.csv,F:\Research Work\Response Spectrum\Seismic waveform 1\data1\ER_3.6.11\HRS0010010240743\HRS0010010240743Anj.UD.csv,F:\Research Work\Response Spectrum\Seismic waveform 1\data1\ER_3.6.11\HRS0010010240743,0.0002384185791015,803,8.03,803,1402,6.0,600,100.0,0.05,0.1,0.3,2.5,Duhamel,100,0.01,4.0,HRS001,35.0337,132.9018,2000/10/24,07:43:00,2000/10/24,07:43:51,119,2000/10/24,07:00:00,35.248,133.38,3.6,12,100,4.194,7.653,1.91,566,0.0002384185791015,2000.0,8388608.0,857,49.583267
F:\Research Work\Response Spectrum\Seismic waveform 1\data1\ER_3.6.11\HRS0030010240743\HRS0030010240743Anj.NS.csv,F:\Research Work\Response Spectrum\Seismic waveform 1\data1\ER_3.6.11\HRS0030010240743\HRS0030010240743Anj.EW.csv,F:\Research Work\Response Spectrum\Seismic waveform 1\data1\ER_3.6.11\HRS0030010240743\HRS0030010240743Anj.UD.csv,F:\Research Work\Response Spectrum\Seismic waveform 1\data1\ER_3.6.11\HRS0030010240743,0.0002384185791015,425,4.25,425,1024,6.0,600,100.0,0.05,0.1,0.3,2.5,Duhamel,100,0.01,4.0,HRS003,34.8143,132.8418,2000/10/24,07:43:00,2000/10/24,07:43:58,119,2000/10/24,07:00:00,35.248,133.38,3.6,12,100,3.388,1.55,0.89,156,0.0002384185791015,2000.0,8388608.0,858,68.753105
F:\Research Work\Response Spectrum\Seismic waveform 1\data1\ER_3.6.11\HRS0050010240743\HRS0050010240743Anj.NS.csv,F:\Research Work\Response Spectrum\Seismic waveform 1\data1\ER_3.6.11\HRS0050010240743\HRS0050010240743Anj.EW.csv,F:\Research Work\Response Spectrum\Seismic waveform 1\data1\ER_3.6.11\HRS0050010240743\HRS0050010240743Anj.UD.csv,F:\Research Work\Response Spectrum\Seismic waveform 1\data1\ER_3.6.11\HRS0050010240743,0.0002384185791015,768,7.68,768,1367,6.0,600,100.0,0.05,0.1,0.3,2.5,Duhamel,100,0.01,4.0,HRS005,34.777,133.2807,2000/10/24,07:43:00,2000/10/24,07:43:52,119,2000/10/24,07:00:00,35.248,133.38,3.6,12,100,2.636,2.056,1.172,480,0.0002384185791015,2000.0,8388608.0,859,53.147846
F:\Research Work\Response Spectrum\Seismic waveform 1\data1\ER_3.6.11\HRS0060010240743\HRS0060010240743Anj.NS.csv,F:\Research Work\Response Spectrum\Seismic waveform 1\data1\ER_3.6.11\HRS0060010240743\HRS0060010240743Anj.EW.csv,F:\Research Work\Response Spectrum\Seismic waveform 1\data1\ER_3.6.11\HRS0060010240743\HRS0060010240743Anj.UD.csv,F:\Research Work\Response Spectrum\Seismic waveform 1\data1\ER_3.6.11\HRS0060010240743,0.0002384185791015,73,0.73,73,672,6.0,600,100.0,0.05,0.1,0.3,2.5,Duhamel,100,0.01,4.0,HRS006,34.6659,132.4077,2000/10/24,07:43:00,2000/10/24,07:44:08,119,2000/10/24,07:00:00,35.248,133.38,3.6,12,100,3.555,3.156,1.521,371,0.0002384185791015,2000.0,8388608.0,860,109.73087
F:\Research Work\Response Spectrum\Seismic waveform 1\data1\ER_3.6.11\HRS0210010240743\HRS0210010240743Anj.NS.csv,F:\Research Work\Response Spectrum\Seismic waveform 1\data1\ER_3.6.11\HRS0210010240743\HRS0210010240743Anj.EW.csv,F:\Research Work\Response Spectrum\Seismic waveform 1\data1\ER_3.6.11\HRS0210010240743\HRS0210010240743Anj.UD.csv,F:\Research Work\Response Spectrum\Seismic waveform 1\data1\ER_3.6.11\HRS0210010240743,0.0002384185791015,876,8.76,876,1475,6.0,600,100.0,0.05,0.1,0.3,2.5,Duhamel,100,0.01,4.0,HRS021,34.9529,133.1171,2000/10/24,07:43:00,2000/10/24,07:43:49,119,2000/10/24,07:00:00,35.248,133.38,3.6,12,100,5.579,3.744,3.371,325,0.0002384185791015,2000.0,8388608.0,861,40.604816
F:\Research Work\Response Spectrum\Seismic waveform 1\data1\ER_3.6.11\OKY0010010240743\OKY0010010240743Anj.NS.csv,F:\Research Work\Response Spectrum\Seismic waveform 1\data1\ER_3.6.11\OKY0010010240743\OKY0010010240743Anj.EW.csv,F:\Research Work\Response Spectrum\Seismic waveform 1\data1\ER_3.6.11\OKY0010010240743\OKY0010010240743Anj.UD.csv,F:\Research Work\Response Spectrum\Seismic waveform 1\data1\ER_3.6.11\OKY0010010240743,0.0002384185791015,1430,14.3,1430,2029,6.0,600,100.0,0.05,0.1,0.3,2.5,Duhamel,100,0.01,4.0,OKY001,35.1945,133.7314,2000/10/24,07:43:00,2000/10/24,07:43:42,119,2000/10/24,07:00:00,35.248,133.38,3.6,12,100,8.438,3.598,3.347,334,0.0002384185791015,2000.0,8388608.0,862,32.47027
F:\Research Work\Response Spectrum\Seismic waveform 1\data1\ER_3.6.11\OKY0050010240743\OKY0050010240743Anj.NS.csv,F:\Research Work\Response Spectrum\Seismic waveform 1\data1\ER_3.6.11\OKY0050010240743\OKY0050010240743Anj.EW.csv,F:\Research Work\Response Spectrum\Seismic waveform 1\data1\ER_3.6.11\OKY0050010240743\OKY0050010240743Anj.UD.csv,F:\Research Work\Response Spectrum\Seismic waveform 1\data1\ER_3.6.11\OKY0050010240743,0.0002384185791015,871,8.71,871,1470,6.0,600,100.0,0.05,0.1,0.3,2.5,Duhamel,100,0.01,4.0,OKY005,35.0098,133.7317,2000/10/24,07:43:00,2000/10/24,07:43:49,119,2000/10/24,07:00:00,35.248,133.38,3.6,12,100,3.828,4.301,1.906,134,0.0002384185791015,2000.0,8388608.0,863,41.527447
F:\Research Work\Response Spectrum\Seismic waveform 1\data1\ER_3.6.11\SMN0030010240743\SMN0030010240743Anj.NS.csv,F:\Research Work\Response Spectrum\Seismic waveform 1\data1\ER_3.6.11\SMN0030010240743\SMN0030010240743Anj.EW.csv,F:\Research Work\Response Spectrum\Seismic waveform 1\data1\ER_3.6.11\SMN0030010240743\SMN0030010240743Anj.UD.csv,F:\Research Work\Response Spectrum\Seismic waveform 1\data1\ER_3.6.11\SMN0030010240743,0.0002384185791015,35,0.35,35,634,6.0,600,100.0,0.05,0.1,0.3,2.5,Duhamel,100,0.01,4.0,SMN003,35.1795,133.0929,2000/10/24,07:43:00,2000/10/24,07:43:44,119,2000/10/24,07:00:00,35.248,133.38,3.6,12,100,4.864,10.761,2.664,332,0.0002384185791015,2000.0,8388608.0,864,27.171589
F:\Research Work\Response Spectrum\Seismic waveform 1\data1\ER_3.6.11\TTR0090010240743\TTR0090010240743Anj.NS.csv,F:\Research Work\Response Spectrum\Seismic waveform 1\data1\ER_3.6.11\TTR0090010240743\TTR0090010240743Anj.EW.csv,F:\Research Work\Response Spectrum\Seismic waveform 1\data1\ER_3.6.11\TTR0090010240743\TTR0090010240743Anj.UD.csv,F:\Research Work\Response Spectrum\Seismic waveform 1\data1\ER_3.6.11\TTR0090010240743,0.0002384185791015,1403,14.03,1403,2002,6.0,600,100.0,0.05,0.1,0.3,2.5,Duhamel,100,0.01,4.0,TTR009,35.1629,133.3063,2000/10/24,07:43:00,2000/10/24,07:43:39,119,2000/10/24,07:00:00,35.248,133.38,3.6,12,100,18.599,25.854,7.49,299,0.0002384185791015,2000.0,8388608.0,865,11.592252
F:\Research Work\Response Spectrum\Seismic waveform 1\data1\ER_3.6.13\HRS0020010210740\HRS0020010210740Anj.NS.csv,F:\Research Work\Response Spectrum\Seismic waveform 1\data1\ER_3.6.13\HRS0020010210740\HRS0020010210740Anj.EW.csv,F:\Research Work\Response Spectrum\Seismic waveform 1\data1\ER_3.6.13\HRS0020010210740\HRS0020010210740Anj.UD.csv,F:\Research Work\Response Spectrum\Seismic waveform 1\data1\ER_3.6.13\HRS0020010210740,0.0002384185791015,774,7.74,774,1373,6.0,600,100.0,0.05,0.1,0.3,2.5,Duhamel,100,0.01,4.0,HRS002,34.8951,133.2755,2000/10/21,07:40:00,2000/10/21,07:40:56,119,2000/10/21,07:00:00,35.39,133.297,3.6,12,100,6.411,3.214,0.552,306,0.0002384185791015,2000.0,8388608.0,866,55.065083
F:\Research Work\Response Spectrum\Seismic waveform 1\data1\ER_3.6.13\HRS0210010210740\HRS0210010210740Anj.NS.csv,F:\Research Work\Response Spectrum\Seismic waveform 1\data1\ER_3.6.13\HRS0210010210740\HRS0210010210740Anj.EW.csv,F:\Research Work\Response Spectrum\Seismic waveform 1\data1\ER_3.6.13\HRS0210010210740\HRS0210010210740Anj.UD.csv,F:\Research Work\Response Spectrum\Seismic waveform 1\data1\ER_3.6.13\HRS0210010210740,0.0002384185791015,1437,14.37,1437,2036,6.0,600,100.0,0.05,0.1,0.3,2.5,Duhamel,100,0.01,4.0,HRS021,34.9529,133.1171,2000/10/21,07:40:00,2000/10/21,07:40:49,119,2000/10/21,07:00:00,35.39,133.297,3.6,12,100,2.199,2.351,4.853,325,0.0002384185791015,2000.0,8388608.0,867,51.280228
F:\Research Work\Response Spectrum\Seismic waveform 1\data1\ER_3.6.13\OKY0050010210740\OKY0050010210740Anj.NS.csv,F:\Research Work\Response Spectrum\Seismic waveform 1\data1\ER_3.6.13\OKY0050010210740\OKY0050010210740Anj.EW.csv,F:\Research Work\Response Spectrum\Seismic waveform 1\data1\ER_3.6.13\OKY0050010210740\OKY0050010210740Anj.UD.csv,F:\Research Work\Response Spectrum\Seismic waveform 1\data1\ER_3.6.13\OKY0050010210740,0.0002384185791015,700,7.0,700,1299,6.0,600,100.0,0.05,0.1,0.3,2.5,Duhamel,100,0.01,4.0,OKY005,35.0098,133.7317,2000/10/21,07:40:00,2000/10/21,07:40:57,119,2000/10/21,07:00:00,35.39,133.297,3.6,12,100,2.182,3.544,1.12,134,0.0002384185791015,2000.0,8388608.0,868,57.856335
F:\Research Work\Response Spectrum\Seismic waveform 1\data1\ER_3.6.13\SMN0010010210740\SMN0010010210740Anj.NS.csv,F:\Research Work\Response Spectrum\Seismic waveform 1\data1\ER_3.6.13\SMN0010010210740\SMN0010010210740Anj.EW.csv,F:\Research Work\Response Spectrum\Seismic waveform 1\data1\ER_3.6.13\SMN0010010210740\SMN0010010210740Anj.UD.csv,F:\Research Work\Response Spectrum\Seismic waveform 1\data1\ER_3.6.13\SMN0010010210740,0.0002384185791015,1093,10.93,1093,1692,6.0,600,100.0,0.05,0.1,0.3,2.5,Duhamel,100,0.01,4.0,SMN001,35.5372,133.1612,2000/10/21,07:40:00,2000/10/21,07:40:47,119,2000/10/21,07:00:00,35.39,133.297,3.6,12,100,5.702,5.916,2.143,2,0.0002384185791015,2000.0,8388608.0,869,20.473677
F:\Research Work\Response Spectrum\Seismic waveform 1\data1\ER_3.6.13\SMN0150010210740\SMN0150010210740Anj.NS.csv,F:\Research Work\Response Spectrum\Seismic waveform 1\data1\ER_3.6.13\SMN0150010210740\SMN0150010210740Anj.EW.csv,F:\Research Work\Response Spectrum\Seismic waveform 1\data1\ER_3.6.13\SMN0150010210740\SMN0150010210740Anj.UD.csv,F:\Research Work\Response Spectrum\Seismic waveform 1\data1\ER_3.6.13\SMN0150010210740,0.0002384185791015,1245,12.45,1245,1844,6.0,600,100.0,0.05,0.1,0.3,2.5,Duhamel,100,0.01,4.0,SMN015,35.3644,133.1704,2000/10/21,07:40:00,2000/10/21,07:40:44,120,2000/10/21,07:00:00,35.39,133.297,3.6,12,100,6.196,4.272,1.839,32,0.0002384185791015,2000.0,8388608.0,870,11.825739
F:\Research Work\Response Spectrum\Seismic waveform 1\data1\ER_3.6.13\TTR0070010210740\TTR0070010210740Anj.NS.csv,F:\Research Work\Response Spectrum\Seismic waveform 1\data1\ER_3.6.13\TTR0070010210740\TTR0070010210740Anj.EW.csv,F:\Research Work\Response Spectrum\Seismic waveform 1\data1\ER_3.6.13\TTR0070010210740\TTR0070010210740Anj.UD.csv,F:\Research Work\Response Spectrum\Seismic waveform 1\data1\ER_3.6.13\TTR0070010210740,0.0002384185791015,1099,10.99,1099,1698,6.0,600,100.0,0.05,0.1,0.3,2.5,Duhamel,100,0.01,4.0,TTR007,35.2826,133.4876,2000/10/21,07:40:00,2000/10/21,07:40:47,119,2000/10/21,07:00:00,35.39,133.297,3.6,12,100,4.78,5.242,2.837,155,0.0002384185791015,2000.0,8388608.0,871,21.012793
F:\Research Work\Response Spectrum\Seismic waveform 1\data1\ER_3.6.13\TTR0080010210740\TTR0080010210740Anj.NS.csv,F:\Research Work\Response Spectrum\Seismic waveform 1\data1\ER_3.6.13\TTR0080010210740\TTR0080010210740Anj.EW.csv,F:\Research Work\Response Spectrum\Seismic waveform 1\data1\ER_3.6.13\TTR0080010210740\TTR0080010210740Anj.UD.csv,F:\Research Work\Response Spectrum\Seismic waveform 1\data1\ER_3.6.13\TTR0080010210740,0.0002384185791015,1262,12.62,1262,1861,6.0,600,100.0,0.05,0.1,0.3,2.5,Duhamel,100,0.01,4.0,TTR008,35.4258,133.3301,2000/10/21,07:40:00,2000/10/21,07:40:41,119,2000/10/21,07:00:00,35.39,133.297,3.6,12,100,12.433,13.081,10.059,2,0.0002384185791015,2000.0,8388608.0,872,4.9845314
F:\Research Work\Response Spectrum\Seismic waveform 1\data1\ER_3.6.13\TTR0090010210740\TTR0090010210740Anj.NS.csv,F:\Research Work\Response Spectrum\Seismic waveform 1\data1\ER_3.6.13\TTR0090010210740\TTR0090010210740Anj.EW.csv,F:\Research Work\Response Spectrum\Seismic waveform 1\data1\ER_3.6.13\TTR0090010210740\TTR0090010210740Anj.UD.csv,F:\Research Work\Response Spectrum\Seismic waveform 1\data1\ER_3.6.13\TTR0090010210740,0.0002384185791015,1088,10.88,1088,1687,6.0,600,100.0,0.05,0.1,0.3,2.5,Duhamel,100,0.01,4.0,TTR009,35.1629,133.3063,2000/10/21,07:40:00,2000/10/21,07:40:48,119,2000/10/21,07:00:00,35.39,133.297,3.6,12,100,4.068,3.76,1.247,299,0.0002384185791015,2000.0,8388608.0,873,25.266476
F:\Research Work\Response Spectrum\Seismic waveform 1\data1\ER_3.6.14\SMN0010101021532\SMN0010101021532Anj.NS.csv,F:\Research Work\Response Spectrum\Seismic waveform 1\data1\ER_3.6.14\SMN0010101021532\SMN0010101021532Anj.EW.csv,F:\Research Work\Response Spectrum\Seismic waveform 1\data1\ER_3.6.14\SMN0010101021532\SMN0010101021532Anj.UD.csv,F:\Research Work\Response Spectrum\Seismic waveform 1\data1\ER_3.6.14\SMN0010101021532,0.0002384185791015,1116,11.16,1116,1715,6.0,600,100.0,0.05,0.1,0.3,2.5,Duhamel,100,0.01,4.0,SMN001,35.5372,133.1612,2001/01/02,15:32:00,2001/01/02,15:32:42,119,2001/01/02,15:00:00,35.371,133.305,3.6,11,100,5.187,6.932,1.591,2,0.0002384185791015,2000.0,8388608.0,874,22.609352
F:\Research Work\Response Spectrum\Seismic waveform 1\data1\ER_3.6.14\SMN0020101021532\SMN0020101021532Anj.NS.csv,F:\Research Work\Response Spectrum\Seismic waveform 1\data1\ER_3.6.14\SMN0020101021532\SMN0020101021532Anj.EW.csv,F:\Research Work\Response Spectrum\Seismic waveform 1\data1\ER_3.6.14\SMN0020101021532\SMN0020101021532Anj.UD.csv,F:\Research Work\Response Spectrum\Seismic waveform 1\data1\ER_3.6.14\SMN0020101021532,0.0002384185791015,241,2.41,241,840,6.0,600,100.0,0.05,0.1,0.3,2.5,Duhamel,100,0.01,4.0,SMN002,35.4714,133.0682,2001/01/02,15:32:00,2001/01/02,15:32:43,119,2001/01/02,15:00:00,35.371,133.305,3.6,11,100,2.597,2.3,2.023,2,0.0002384185791015,2000.0,8388608.0,875,24.18793
F:\Research Work\Response Spectrum\Seismic waveform 1\data1\ER_3.6.14\TTR0070101021532\TTR0070101021532Anj.NS.csv,F:\Research Work\Response Spectrum\Seismic waveform 1\data1\ER_3.6.14\TTR0070101021532\TTR0070101021532Anj.EW.csv,F:\Research Work\Response Spectrum\Seismic waveform 1\data1\ER_3.6.14\TTR0070101021532\TTR0070101021532Anj.UD.csv,F:\Research Work\Response Spectrum\Seismic waveform 1\data1\ER_3.6.14\TTR0070101021532,0.0002384185791015,1309,13.09,1309,1908,6.0,600,100.0,0.05,0.1,0.3,2.5,Duhamel,100,0.01,4.0,TTR007,35.2826,133.4876,2001/01/02,15:32:00,2001/01/02,15:32:38,119,2001/01/02,15:00:00,35.371,133.305,3.6,11,100,5.992,4.641,6.665,155,0.0002384185791015,2000.0,8388608.0,876,19.262348
F:\Research Work\Response Spectrum\Seismic waveform 1\data1\ER_3.6.14\TTR0080101021532\TTR0080101021532Anj.NS.csv,F:\Research Work\Response Spectrum\Seismic waveform 1\data1\ER_3.6.14\TTR0080101021532\TTR0080101021532Anj.EW.csv,F:\Research Work\Response Spectrum\Seismic waveform 1\data1\ER_3.6.14\TTR0080101021532\TTR0080101021532Anj.UD.csv,F:\Research Work\Response Spectrum\Seismic waveform 1\data1\ER_3.6.14\TTR0080101021532,0.0002384185791015,627,6.27,627,1226,6.0,600,100.0,0.05,0.1,0.3,2.5,Duhamel,100,0.01,4.0,TTR008,35.4258,133.3301,2001/01/02,15:32:00,2001/01/02,15:32:36,119,2001/01/02,15:00:00,35.371,133.305,3.6,11,100,18.598,13.558,16.378,2,0.0002384185791015,2000.0,8388608.0,877,6.5043387
F:\Research Work\Response Spectrum\Seismic waveform 1\data1\ER_3.6.14\TTR0090101021532\TTR0090101021532Anj.NS.csv,F:\Research Work\Response Spectrum\Seismic waveform 1\data1\ER_3.6.14\TTR0090101021532\TTR0090101021532Anj.EW.csv,F:\Research Work\Response Spectrum\Seismic waveform 1\data1\ER_3.6.14\TTR0090101021532\TTR0090101021532Anj.UD.csv,F:\Research Work\Response Spectrum\Seismic waveform 1\data1\ER_3.6.14\TTR0090101021532,0.0002384185791015,1154,11.54,1154,1753,6.0,600,100.0,0.05,0.1,0.3,2.5,Duhamel,100,0.01,4.0,TTR009,35.1629,133.3063,2001/01/02,15:32:00,2001/01/02,15:32:42,119,2001/01/02,15:00:00,35.371,133.305,3.6,11,100,2.301,3.06,0.978,299,0.0002384185791015,2000.0,8388608.0,878,23.139965
F:\Research Work\Response Spectrum\Seismic waveform 1\data1\ER_3.6.15\SMN0010101070256\SMN0010101070256Anj.NS.csv,F:\Research Work\Response Spectrum\Seismic waveform 1\data1\ER_3.6.15\SMN0010101070256\SMN0010101070256Anj.EW.csv,F:\Research Work\Response Spectrum\Seismic waveform 1\data1\ER_3.6.15\SMN0010101070256\SMN0010101070256Anj.UD.csv,F:\Research Work\Response Spectrum\Seismic waveform 1\data1\ER_3.6.15\SMN0010101070256,0.0002384185791015,1102,11.02,1102,1701,6.0,600,100.0,0.05,0.1,0.3,2.5,Duhamel,100,0.01,4.0,SMN001,35.5372,133.1612,2001/01/07,02:56:00,2001/01/07,02:56:19,119,2001/01/07,02:00:00,35.385,133.294,3.6,13,100,10.851,17.963,3.203,2,0.0002384185791015,2000.0,8388608.0,879,20.762476
F:\Research Work\Response Spectrum\Seismic waveform 1\data1\ER_3.6.15\SMN0020101070256\SMN0020101070256Anj.NS.csv,F:\Research Work\Response Spectrum\Seismic waveform 1\data1\ER_3.6.15\SMN0020101070256\SMN0020101070256Anj.EW.csv,F:\Research Work\Response Spectrum\Seismic waveform 1\data1\ER_3.6.15\SMN0020101070256\SMN0020101070256Anj.UD.csv,F:\Research Work\Response Spectrum\Seismic waveform 1\data1\ER_3.6.15\SMN0020101070256,0.0002384185791015,180,1.8,180,779,6.0,600,100.0,0.05,0.1,0.3,2.5,Duhamel,100,0.01,4.0,SMN002,35.4714,133.0682,2001/01/07,02:56:00,2001/01/07,02:56:19,119,2001/01/07,02:00:00,35.385,133.294,3.6,13,100,2.259,3.39,2.429,2,0.0002384185791015,2000.0,8388608.0,880,22.602345
F:\Research Work\Response Spectrum\Seismic waveform 1\data1\ER_3.6.15\SMN0150101070256\SMN0150101070256Anj.NS.csv,F:\Research Work\Response Spectrum\Seismic waveform 1\data1\ER_3.6.15\SMN0150101070256\SMN0150101070256Anj.EW.csv,F:\Research Work\Response Spectrum\Seismic waveform 1\data1\ER_3.6.15\SMN0150101070256\SMN0150101070256Anj.UD.csv,F:\Research Work\Response Spectrum\Seismic waveform 1\data1\ER_3.6.15\SMN0150101070256,0.0002384185791015,1240,12.4,1240,1839,6.0,600,100.0,0.05,0.1,0.3,2.5,Duhamel,100,0.01,4.0,SMN015,35.3644,133.1704,2001/01/07,02:56:00,2001/01/07,02:56:16,119,2001/01/07,02:00:00,35.385,133.294,3.6,13,100,7.719,7.951,2.325,32,0.0002384185791015,2000.0,8388608.0,881,11.438088
F:\Research Work\Response Spectrum\Seismic waveform 1\data1\ER_3.6.15\TTR0070101070256\TTR0070101070256Anj.NS.csv,F:\Research Work\Response Spectrum\Seismic waveform 1\data1\ER_3.6.15\TTR0070101070256\TTR0070101070256Anj.EW.csv,F:\Research Work\Response Spectrum\Seismic waveform 1\data1\ER_3.6.15\TTR0070101070256\TTR0070101070256Anj.UD.csv,F:\Research Work\Response Spectrum\Seismic waveform 1\data1\ER_3.6.15\TTR0070101070256,0.0002384185791015,1197,11.97,1197,1796,6.0,600,100.0,0.05,0.1,0.3,2.5,Duhamel,100,0.01,4.0,TTR007,35.2826,133.4876,2001/01/07,02:56:00,2001/01/07,02:56:18,119,2001/01/07,02:00:00,35.385,133.294,3.6,13,100,5.967,4.07,3.06,155,0.0002384185791015,2000.0,8388608.0,882,20.930126
F:\Research Work\Response Spectrum\Seismic waveform 1\data1\ER_3.6.15\TTR0080101070256\TTR0080101070256Anj.NS.csv,F:\Research Work\Response Spectrum\Seismic waveform 1\data1\ER_3.6.15\TTR0080101070256\TTR0080101070256Anj.EW.csv,F:\Research Work\Response Spectrum\Seismic waveform 1\data1\ER_3.6.15\TTR0080101070256\TTR0080101070256Anj.UD.csv,F:\Research Work\Response Spectrum\Seismic waveform 1\data1\ER_3.6.15\TTR0080101070256,0.0002384185791015,994,9.94,994,1593,6.0,600,100.0,0.05,0.1,0.3,2.5,Duhamel,100,0.01,4.0,TTR008,35.4258,133.3301,2001/01/07,02:56:00,2001/01/07,02:56:13,119,2001/01/07,02:00:00,35.385,133.294,3.6,13,100,15.614,18.159,13.77,2,0.0002384185791015,2000.0,8388608.0,883,5.5934696
F:\Research Work\Response Spectrum\Seismic waveform 1\data1\ER_3.6.16\HRS0020108111729\HRS0020108111729Anj.NS.csv,F:\Research Work\Response Spectrum\Seismic waveform 1\data1\ER_3.6.16\HRS0020108111729\HRS0020108111729Anj.EW.csv,F:\Research Work\Response Spectrum\Seismic waveform 1\data1\ER_3.6.16\HRS0020108111729\HRS0020108111729Anj.UD.csv,F:\Research Work\Response Spectrum\Seismic waveform 1\data1\ER_3.6.16\HRS0020108111729,0.0002384185791015,943,9.43,943,1542,6.0,600,100.0,0.05,0.1,0.3,2.5,Duhamel,100,0.01,4.0,HRS002,34.8951,133.2755,2001/08/11,17:29:00,2001/08/11,17:29:23,119,2001/08/11,17:00:00,35.281,133.325,3.6,15,100,10.321,7.586,2.421,306,0.0002384185791015,2000.0,8388608.0,884,43.145836
F:\Research Work\Response Spectrum\Seismic waveform 1\data1\ER_3.6.16\HRS0050108111729\HRS0050108111729Anj.NS.csv,F:\Research Work\Response Spectrum\Seismic waveform 1\data1\ER_3.6.16\HRS0050108111729\HRS0050108111729Anj.EW.csv,F:\Research Work\Response Spectrum\Seismic waveform 1\data1\ER_3.6.16\HRS0050108111729\HRS0050108111729Anj.UD.csv,F:\Research Work\Response Spectrum\Seismic waveform 1\data1\ER_3.6.16\HRS0050108111729,0.0002384185791015,732,7.32,732,1331,6.0,600,100.0,0.05,0.1,0.3,2.5,Duhamel,100,0.01,4.0,HRS005,34.777,133.2807,2001/08/11,17:29:00,2001/08/11,17:29:27,119,2001/08/11,17:00:00,35.281,133.325,3.6,15,100,11.656,6.192,4.23,480,0.0002384185791015,2000.0,8388608.0,885,56.187214
F:\Research Work\Response Spectrum\Seismic waveform 1\data1\ER_3.6.16\HRS0210108111729\HRS0210108111729Anj.NS.csv,F:\Research Work\Response Spectrum\Seismic waveform 1\data1\ER_3.6.16\HRS0210108111729\HRS0210108111729Anj.EW.csv,F:\Research Work\Response Spectrum\Seismic waveform 1\data1\ER_3.6.16\HRS0210108111729\HRS0210108111729Anj.UD.csv,F:\Research Work\Response Spectrum\Seismic waveform 1\data1\ER_3.6.16\HRS0210108111729,0.0002384185791015,911,9.11,911,1510,6.0,600,100.0,0.05,0.1,0.3,2.5,Duhamel,100,0.01,4.0,HRS021,34.9529,133.1171,2001/08/11,17:29:00,2001/08/11,17:29:23,119,2001/08/11,17:00:00,35.281,133.325,3.6,15,100,4.942,4.537,3.546,325,0.0002384185791015,2000.0,8388608.0,886,41.092373
F:\Research Work\Response Spectrum\Seismic waveform 1\data1\ER_3.6.16\OKY0040108111729\OKY0040108111729Anj.NS.csv,F:\Research Work\Response Spectrum\Seismic waveform 1\data1\ER_3.6.16\OKY0040108111729\OKY0040108111729Anj.EW.csv,F:\Research Work\Response Spectrum\Seismic waveform 1\data1\ER_3.6.16\OKY0040108111729\OKY0040108111729Anj.UD.csv,F:\Research Work\Response Spectrum\Seismic waveform 1\data1\ER_3.6.16\OKY0040108111729,0.0002384185791015,92,0.92,92,691,6.0,600,100.0,0.05,0.1,0.3,2.5,Duhamel,100,0.01,4.0,OKY004,34.9579,133.5018,2001/08/11,17:29:00,2001/08/11,17:29:22,119,2001/08/11,17:00:00,35.281,133.325,3.6,15,100,7.123,6.968,2.58,168,0.0002384185791015,2000.0,8388608.0,887,39.361557
F:\Research Work\Response Spectrum\Seismic waveform 1\data1\ER_3.6.16\SMN0030108111729\SMN0030108111729Anj.NS.csv,F:\Research Work\Response Spectrum\Seismic waveform 1\data1\ER_3.6.16\SMN0030108111729\SMN0030108111729Anj.EW.csv,F:\Research Work\Response Spectrum\Seismic waveform 1\data1\ER_3.6.16\SMN0030108111729\SMN0030108111729Anj.UD.csv,F:\Research Work\Response Spectrum\Seismic waveform 1\data1\ER_3.6.16\SMN0030108111729,0.0002384185791015,1120,11.2,1120,1719,6.0,600,100.0,0.05,0.1,0.3,2.5,Duhamel,100,0.01,4.0,SMN003,35.1795,133.0929,2001/08/11,17:29:00,2001/08/11,17:29:18,119,2001/08/11,17:00:00,35.281,133.325,3.6,15,100,22.548,6.248,5.135,332,0.0002384185791015,2000.0,8388608.0,888,23.912357
F:\Research Work\Response Spectrum\Seismic waveform 1\data1\ER_3.6.16\SMN0150108111729\SMN0150108111729Anj.NS.csv,F:\Research Work\Response Spectrum\Seismic waveform 1\data1\ER_3.6.16\SMN0150108111729\SMN0150108111729Anj.EW.csv,F:\Research Work\Response Spectrum\Seismic waveform 1\data1\ER_3.6.16\SMN0150108111729\SMN0150108111729Anj.UD.csv,F:\Research Work\Response Spectrum\Seismic waveform 1\data1\ER_3.6.16\SMN0150108111729,0.0002384185791015,1206,12.06,1206,1805,6.0,600,100.0,0.05,0.1,0.3,2.5,Duhamel,100,0.01,4.0,SMN015,35.3644,133.1704,2001/08/11,17:29:00,2001/08/11,17:29:16,119,2001/08/11,17:00:00,35.281,133.325,3.6,15,100,3.696,1.943,2.798,32,0.0002384185791015,2000.0,8388608.0,889,16.814613
F:\Research Work\Response Spectrum\Seismic waveform 1\data1\ER_3.6.16\TTR0070108111729\TTR0070108111729Anj.NS.csv,F:\Research Work\Response Spectrum\Seismic waveform 1\data1\ER_3.6.16\TTR0070108111729\TTR0070108111729Anj.EW.csv,F:\Research Work\Response Spectrum\Seismic waveform 1\data1\ER_3.6.16\TTR0070108111729\TTR0070108111729Anj.UD.csv,F:\Research Work\Response Spectrum\Seismic waveform 1\data1\ER_3.6.16\TTR0070108111729,0.0002384185791015,1195,11.95,1195,1794,6.0,600,100.0,0.05,0.1,0.3,2.5,Duhamel,100,0.01,4.0,TTR007,35.2826,133.4876,2001/08/11,17:29:00,2001/08/11,17:29:16,119,2001/08/11,17:00:00,35.281,133.325,3.6,15,100,12.878,12.799,5.107,155,0.0002384185791015,2000.0,8388608.0,890,14.760397
F:\Research Work\Response Spectrum\Seismic waveform 1\data1\ER_3.6.18\HRS0020111160633\HRS0020111160633Anj.NS.csv,F:\Research Work\Response Spectrum\Seismic waveform 1\data1\ER_3.6.18\HRS0020111160633\HRS0020111160633Anj.EW.csv,F:\Research Work\Response Spectrum\Seismic waveform 1\data1\ER_3.6.18\HRS0020111160633\HRS0020111160633Anj.UD.csv,F:\Research Work\Response Spectrum\Seismic waveform 1\data1\ER_3.6.18\HRS0020111160633,0.0002384185791015,805,8.05,805,1404,6.0,600,100.0,0.05,0.1,0.3,2.5,Duhamel,100,0.01,4.0,HRS002,34.8951,133.2755,2001/11/16,06:33:00,2001/11/16,06:33:20,119,2001/11/16,06:00:00,35.366,133.302,3.6,9,100,14.826,10.318,1.214,306,0.0002384185791015,2000.0,8388608.0,893,52.417118
F:\Research Work\Response Spectrum\Seismic waveform 1\data1\ER_3.6.18\HRS0050111160633\HRS0050111160633Anj.NS.csv,F:\Research Work\Response Spectrum\Seismic waveform 1\data1\ER_3.6.18\HRS0050111160633\HRS0050111160633Anj.EW.csv,F:\Research Work\Response Spectrum\Seismic waveform 1\data1\ER_3.6.18\HRS0050111160633\HRS0050111160633Anj.UD.csv,F:\Research Work\Response Spectrum\Seismic waveform 1\data1\ER_3.6.18\HRS0050111160633,0.0002384185791015,626,6.26,626,1225,6.0,600,100.0,0.05,0.1,0.3,2.5,Duhamel,100,0.01,4.0,HRS005,34.777,133.2807,2001/11/16,06:33:00,2001/11/16,06:33:24,119,2001/11/16,06:00:00,35.366,133.302,3.6,9,100,3.117,4.744,3.604,480,0.0002384185791015,2000.0,8388608.0,894,65.52249
F:\Research Work\Response Spectrum\Seismic waveform 1\data1\ER_3.6.18\HRS0210111160633\HRS0210111160633Anj.NS.csv,F:\Research Work\Response Spectrum\Seismic waveform 1\data1\ER_3.6.18\HRS0210111160633\HRS0210111160633Anj.EW.csv,F:\Research Work\Response Spectrum\Seismic waveform 1\data1\ER_3.6.18\HRS0210111160633\HRS0210111160633Anj.UD.csv,F:\Research Work\Response Spectrum\Seismic waveform 1\data1\ER_3.6.18\HRS0210111160633,0.0002384185791015,778,7.78,778,1377,6.0,600,100.0,0.05,0.1,0.3,2.5,Duhamel,100,0.01,4.0,HRS021,34.9529,133.1171,2001/11/16,06:33:00,2001/11/16,06:33:20,119,2001/11/16,06:00:00,35.366,133.302,3.6,9,100,6.434,3.369,2.018,325,0.0002384185791015,2000.0,8388608.0,895,48.91343
F:\Research Work\Response Spectrum\Seismic waveform 1\data1\ER_3.6.18\OKY0040111160633\OKY0040111160633Anj.NS.csv,F:\Research Work\Response Spectrum\Seismic waveform 1\data1\ER_3.6.18\OKY0040111160633\OKY0040111160633Anj.EW.csv,F:\Research Work\Response Spectrum\Seismic waveform 1\data1\ER_3.6.18\OKY0040111160633\OKY0040111160633Anj.UD.csv,F:\Research Work\Response Spectrum\Seismic waveform 1\data1\ER_3.6.18\OKY0040111160633,0.0002384185791015,832,8.32,832,1431,6.0,600,100.0,0.05,0.1,0.3,2.5,Duhamel,100,0.01,4.0,OKY004,34.9579,133.5018,2001/11/16,06:33:00,2001/11/16,06:33:19,119,2001/11/16,06:00:00,35.366,133.302,3.6,9,100,7.606,5.704,1.874,168,0.0002384185791015,2000.0,8388608.0,896,48.87848
F:\Research Work\Response Spectrum\Seismic waveform 1\data1\ER_3.6.18\OKY0050111160633\OKY0050111160633Anj.NS.csv,F:\Research Work\Response Spectrum\Seismic waveform 1\data1\ER_3.6.18\OKY0050111160633\OKY0050111160633Anj.EW.csv,F:\Research Work\Response Spectrum\Seismic waveform 1\data1\ER_3.6.18\OKY0050111160633\OKY0050111160633Anj.UD.csv,F:\Research Work\Response Spectrum\Seismic waveform 1\data1\ER_3.6.18\OKY0050111160633,0.0002384185791015,641,6.41,641,1240,6.0,600,100.0,0.05,0.1,0.3,2.5,Duhamel,100,0.01,4.0,OKY005,35.0098,133.7317,2001/11/16,06:33:00,2001/11/16,06:33:22,119,2001/11/16,06:00:00,35.366,133.302,3.6,9,100,2.111,2.492,0.882,134,0.0002384185791015,2000.0,8388608.0,897,55.620174
F:\Research Work\Response Spectrum\Seismic waveform 1\data1\ER_3.6.18\SMN0010111160633\SMN0010111160633Anj.NS.csv,F:\Research Work\Response Spectrum\Seismic waveform 1\data1\ER_3.6.18\SMN0010111160633\SMN0010111160633Anj.EW.csv,F:\Research Work\Response Spectrum\Seismic waveform 1\data1\ER_3.6.18\SMN0010111160633\SMN0010111160633Anj.UD.csv,F:\Research Work\Response Spectrum\Seismic waveform 1\data1\ER_3.6.18\SMN0010111160633,0.0002384185791015,1089,10.89,1089,1688,6.0,600,100.0,0.05,0.1,0.3,2.5,Duhamel,100,0.01,4.0,SMN001,35.5372,133.1612,2001/11/16,06:33:00,2001/11/16,06:33:12,119,2001/11/16,06:00:00,35.366,133.302,3.6,9,100,6.982,11.17,1.963,2,0.0002384185791015,2000.0,8388608.0,898,22.913898
F:\Research Work\Response Spectrum\Seismic waveform 1\data1\ER_3.6.18\SMN0150111160633\SMN0150111160633Anj.NS.csv,F:\Research Work\Response Spectrum\Seismic waveform 1\data1\ER_3.6.18\SMN0150111160633\SMN0150111160633Anj.EW.csv,F:\Research Work\Response Spectrum\Seismic waveform 1\data1\ER_3.6.18\SMN0150111160633\SMN0150111160633Anj.UD.csv,F:\Research Work\Response Spectrum\Seismic waveform 1\data1\ER_3.6.18\SMN0150111160633,0.0002384185791015,1294,12.94,1294,1893,6.0,600,100.0,0.05,0.1,0.3,2.5,Duhamel,100,0.01,4.0,SMN015,35.3644,133.1704,2001/11/16,06:33:00,2001/11/16,06:33:08,119,2001/11/16,06:00:00,35.366,133.302,3.6,9,100,6.404,4.837,1.635,32,0.0002384185791015,2000.0,8388608.0,899,11.9344425
F:\Research Work\Response Spectrum\Seismic waveform 1\data1\ER_3.6.18\TTR0050111160633\TTR0050111160633Anj.NS.csv,F:\Research Work\Response Spectrum\Seismic waveform 1\data1\ER_3.6.18\TTR0050111160633\TTR0050111160633Anj.EW.csv,F:\Research Work\Response Spectrum\Seismic waveform 1\data1\ER_3.6.18\TTR0050111160633\TTR0050111160633Anj.UD.csv,F:\Research Work\Response Spectrum\Seismic waveform 1\data1\ER_3.6.18\TTR0050111160633,0.0002384185791015,808,8.08,808,1407,6.0,600,100.0,0.05,0.1,0.3,2.5,Duhamel,100,0.01,4.0,TTR005,35.429,133.8253,2001/11/16,06:33:00,2001/11/16,06:33:19,119,2001/11/16,06:00:00,35.366,133.302,3.6,9,100,1.557,4.252,0.801,27,0.0002384185791015,2000.0,8388608.0,900,47.946827
F:\Research Work\Response Spectrum\Seismic waveform 1\data1\ER_3.6.18\TTR0070111160633\TTR0070111160633Anj.NS.csv,F:\Research Work\Response Spectrum\Seismic waveform 1\data1\ER_3.6.18\TTR0070111160633\TTR0070111160633Anj.EW.csv,F:\Research Work\Response Spectrum\Seismic waveform 1\data1\ER_3.6.18\TTR0070111160633\TTR0070111160633Anj.UD.csv,F:\Research Work\Response Spectrum\Seismic waveform 1\data1\ER_3.6.18\TTR0070111160633,0.0002384185791015,1439,14.39,1439,2038,6.0,600,100.0,0.05,0.1,0.3,2.5,Duhamel,100,0.01,4.0,TTR007,35.2826,133.4876,2001/11/16,06:33:00,2001/11/16,06:33:08,119,2001/11/16,06:00:00,35.366,133.302,3.6,9,100,7.843,3.974,3.416,155,0.0002384185791015,2000.0,8388608.0,901,19.223053
F:\Research Work\Response Spectrum\Seismic waveform 1\data1\ER_3.6.18\TTR0080111160633\TTR0080111160633Anj.NS.csv,F:\Research Work\Response Spectrum\Seismic waveform 1\data1\ER_3.6.18\TTR0080111160633\TTR0080111160633Anj.EW.csv,F:\Research Work\Response Spectrum\Seismic waveform 1\data1\ER_3.6.18\TTR0080111160633\TTR0080111160633Anj.UD.csv,F:\Research Work\Response Spectrum\Seismic waveform 1\data1\ER_3.6.18\TTR0080111160633,0.0002384185791015,964,9.64,964,1563,6.0,600,100.0,0.05,0.1,0.3,2.5,Duhamel,100,0.01,4.0,TTR008,35.4258,133.3301,2001/11/16,06:33:00,2001/11/16,06:33:06,119,2001/11/16,06:00:00,35.366,133.302,3.6,9,100,22.903,24.121,21.955,2,0.0002384185791015,2000.0,8388608.0,902,7.120589
F:\Research Work\Response Spectrum\Seismic waveform 1\data1\ER_3.6.22\HRS0010210240952\HRS0010210240952Anj.NS.csv,F:\Research Work\Response Spectrum\Seismic waveform 1\data1\ER_3.6.22\HRS0010210240952\HRS0010210240952Anj.EW.csv,F:\Research Work\Response Spectrum\Seismic waveform 1\data1\ER_3.6.22\HRS0010210240952\HRS0010210240952Anj.UD.csv,F:\Research Work\Response Spectrum\Seismic waveform 1\data1\ER_3.6.22\HRS0010210240952,0.0002384185791015,786,7.86,786,1385,6.0,600,100.0,0.05,0.1,0.3,2.5,Duhamel,100,0.01,4.0,HRS001,35.0337,132.9018,2002/10/24,09:52:00,2002/10/24,09:53:03,119,2002/10/24,09:00:00,35.338,133.402,3.6,12,100,12.065,15.976,5.277,566,0.0002384185791015,2000.0,8388608.0,922,56.668015
F:\Research Work\Response Spectrum\Seismic waveform 1\data1\ER_3.6.22\HRS0210210240952\HRS0210210240952Anj.NS.csv,F:\Research Work\Response Spectrum\Seismic waveform 1\data1\ER_3.6.22\HRS0210210240952\HRS0210210240952Anj.EW.csv,F:\Research Work\Response Spectrum\Seismic waveform 1\data1\ER_3.6.22\HRS0210210240952\HRS0210210240952Anj.UD.csv,F:\Research Work\Response Spectrum\Seismic waveform 1\data1\ER_3.6.22\HRS0210210240952,0.0002384185791015,806,8.06,806,1405,6.0,600,100.0,0.05,0.1,0.3,2.5,Duhamel,100,0.01,4.0,HRS021,34.9529,133.1171,2002/10/24,09:52:00,2002/10/24,09:53:02,119,2002/10/24,09:00:00,35.338,133.402,3.6,12,100,5.896,2.479,3.126,325,0.0002384185791015,2000.0,8388608.0,923,50.04664
F:\Research Work\Response Spectrum\Seismic waveform 1\data1\ER_3.6.22\OKY0050210240952\OKY0050210240952Anj.NS.csv,F:\Research Work\Response Spectrum\Seismic waveform 1\data1\ER_3.6.22\OKY0050210240952\OKY0050210240952Anj.EW.csv,F:\Research Work\Response Spectrum\Seismic waveform 1\data1\ER_3.6.22\OKY0050210240952\OKY0050210240952Anj.UD.csv,F:\Research Work\Response Spectrum\Seismic waveform 1\data1\ER_3.6.22\OKY0050210240952,0.0002384185791015,558,5.58,558,1157,6.0,600,100.0,0.05,0.1,0.3,2.5,Duhamel,100,0.01,4.0,OKY005,35.0098,133.7317,2002/10/24,09:52:00,2002/10/24,09:53:02,119,2002/10/24,09:00:00,35.338,133.402,3.6,12,100,2.249,2.234,1.502,134,0.0002384185791015,2000.0,8388608.0,924,47.221138
F:\Research Work\Response Spectrum\Seismic waveform 1\data1\ER_3.6.22\SMN0010210240952\SMN0010210240952Anj.NS.csv,F:\Research Work\Response Spectrum\Seismic waveform 1\data1\ER_3.6.22\SMN0010210240952\SMN0010210240952Anj.EW.csv,F:\Research Work\Response Spectrum\Seismic waveform 1\data1\ER_3.6.22\SMN0010210240952\SMN0010210240952Anj.UD.csv,F:\Research Work\Response Spectrum\Seismic waveform 1\data1\ER_3.6.22\SMN0010210240952,0.0002384185791015,981,9.81,981,1580,6.0,600,100.0,0.05,0.1,0.3,2.5,Duhamel,100,0.01,4.0,SMN001,35.5372,133.1612,2002/10/24,09:52:00,2002/10/24,09:52:57,119,2002/10/24,09:00:00,35.338,133.402,3.6,12,100,4.899,5.535,1.325,2,0.0002384185791015,2000.0,8388608.0,925,31.089176
F:\Research Work\Response Spectrum\Seismic waveform 1\data1\ER_3.6.22\SMN0030210240952\SMN0030210240952Anj.NS.csv,F:\Research Work\Response Spectrum\Seismic waveform 1\data1\ER_3.6.22\SMN0030210240952\SMN0030210240952Anj.EW.csv,F:\Research Work\Response Spectrum\Seismic waveform 1\data1\ER_3.6.22\SMN0030210240952\SMN0030210240952Anj.UD.csv,F:\Research Work\Response Spectrum\Seismic waveform 1\data1\ER_3.6.22\SMN0030210240952,0.0002384185791015,1004,10.04,1004,1603,6.0,600,100.0,0.05,0.1,0.3,2.5,Duhamel,100,0.01,4.0,SMN003,35.1795,133.0929,2002/10/24,09:52:00,2002/10/24,09:52:57,119,2002/10/24,09:00:00,35.338,133.402,3.6,12,100,4.73,6.751,2.129,332,0.0002384185791015,2000.0,8388608.0,926,33.140224
F:\Research Work\Response Spectrum\Seismic waveform 1\data1\ER_3.6.22\SMN0040210240952\SMN0040210240952Anj.NS.csv,F:\Research Work\Response Spectrum\Seismic waveform 1\data1\ER_3.6.22\SMN0040210240952\SMN0040210240952Anj.EW.csv,F:\Research Work\Response Spectrum\Seismic waveform 1\data1\ER_3.6.22\SMN0040210240952\SMN0040210240952Anj.UD.csv,F:\Research Work\Response Spectrum\Seismic waveform 1\data1\ER_3.6.22\SMN0040210240952,0.0002384185791015,796,7.96,796,1395,6.0,600,100.0,0.05,0.1,0.3,2.5,Duhamel,100,0.01,4.0,SMN004,35.2881,132.9004,2002/10/24,09:52:00,2002/10/24,09:53:01,119,2002/10/24,09:00:00,35.338,133.402,3.6,12,100,3.653,2.486,1.65,45,0.0002384185791015,2000.0,8388608.0,927,45.849964
F:\Research Work\Response Spectrum\Seismic waveform 1\data1\ER_3.6.22\TTR0060210240952\TTR0060210240952Anj.NS.csv,F:\Research Work\Response Spectrum\Seismic waveform 1\data1\ER_3.6.22\TTR0060210240952\TTR0060210240952Anj.EW.csv,F:\Research Work\Response Spectrum\Seismic waveform 1\data1\ER_3.6.22\TTR0060210240952\TTR0060210240952Anj.UD.csv,F:\Research Work\Response Spectrum\Seismic waveform 1\data1\ER_3.6.22\TTR0060210240952,0.0002384185791015,1044,10.44,1044,1643,6.0,600,100.0,0.05,0.1,0.3,2.5,Duhamel,100,0.01,4.0,TTR006,35.5106,133.6303,2002/10/24,09:52:00,2002/10/24,09:52:56,119,2002/10/24,09:00:00,35.338,133.402,3.6,12,100,2.817,3.957,1.082,20,0.0002384185791015,2000.0,8388608.0,928,28.218252
F:\Research Work\Response Spectrum\Seismic waveform 1\data1\ER_3.6.22\TTR0070210240952\TTR0070210240952Anj.NS.csv,F:\Research Work\Response Spectrum\Seismic waveform 1\data1\ER_3.6.22\TTR0070210240952\TTR0070210240952Anj.EW.csv,F:\Research Work\Response Spectrum\Seismic waveform 1\data1\ER_3.6.22\TTR0070210240952\TTR0070210240952Anj.UD.csv,F:\Research Work\Response Spectrum\Seismic waveform 1\data1\ER_3.6.22\TTR0070210240952,0.0002384185791015,1463,14.63,1463,2062,6.0,600,100.0,0.05,0.1,0.3,2.5,Duhamel,100,0.01,4.0,TTR007,35.2826,133.4876,2002/10/24,09:52:00,2002/10/24,09:52:49,119,2002/10/24,09:00:00,35.338,133.402,3.6,12,100,27.014,16.186,12.275,155,0.0002384185791015,2000.0,8388608.0,929,9.91353
F:\Research Work\Response Spectrum\Seismic waveform 1\data1\ER_3.6.22\TTR0080210240952\TTR0080210240952Anj.NS.csv,F:\Research Work\Response Spectrum\Seismic waveform 1\data1\ER_3.6.22\TTR0080210240952\TTR0080210240952Anj.EW.csv,F:\Research Work\Response Spectrum\Seismic waveform 1\data1\ER_3.6.22\TTR0080210240952\TTR0080210240952Anj.UD.csv,F:\Research Work\Response Spectrum\Seismic waveform 1\data1\ER_3.6.22\TTR0080210240952,0.0002384185791015,1269,12.69,1269,1868,6.0,600,100.0,0.05,0.1,0.3,2.5,Duhamel,100,0.01,4.0,TTR008,35.4258,133.3301,2002/10/24,09:52:00,2002/10/24,09:52:51,120,2002/10/24,09:00:00,35.338,133.402,3.6,12,100,12.824,10.064,5.09,2,0.0002384185791015,2000.0,8388608.0,930,11.738962
F:\Research Work\Response Spectrum\Seismic waveform 1\data1\ER_3.6.22\TTR0090210240952\TTR0090210240952Anj.NS.csv,F:\Research Work\Response Spectrum\Seismic waveform 1\data1\ER_3.6.22\TTR0090210240952\TTR0090210240952Anj.EW.csv,F:\Research Work\Response Spectrum\Seismic waveform 1\data1\ER_3.6.22\TTR0090210240952\TTR0090210240952Anj.UD.csv,F:\Research Work\Response Spectrum\Seismic waveform 1\data1\ER_3.6.22\TTR0090210240952,0.0002384185791015,1125,11.25,1125,1724,6.0,600,100.0,0.05,0.1,0.3,2.5,Duhamel,100,0.01,4.0,TTR009,35.1708,133.3113,2002/10/24,09:52:00,2002/10/24,09:52:54,119,2002/10/24,09:00:00,35.338,133.402,3.6,12,100,5.251,8.013,2.101,300,0.0002384185791015,2000.0,8388608.0,931,20.334238
F:\Research Work\Response Spectrum\Seismic waveform 1\data1\ER_3.6.4\HRS0010010080108\HRS0010010080108Anj.NS.csv,F:\Research Work\Response Spectrum\Seismic waveform 1\data1\ER_3.6.4\HRS0010010080108\HRS0010010080108Anj.EW.csv,F:\Research Work\Response Spectrum\Seismic waveform 1\data1\ER_3.6.4\HRS0010010080108\HRS0010010080108Anj.UD.csv,F:\Research Work\Response Spectrum\Seismic waveform 1\data1\ER_3.6.4\HRS0010010080108,0.0002384185791015,822,8.22,822,1421,6.0,600,100.0,0.05,0.1,0.3,2.5,Duhamel,100,0.01,4.0,HRS001,35.0337,132.9018,2000/10/08,01:08:00,2000/10/08,01:08:53,119,2000/10/08,01:00:00,35.193,133.424,3.6,9,100,3.546,6.9,1.762,566,0.0002384185791015,2000.0,8388608.0,943,50.69417
F:\Research Work\Response Spectrum\Seismic waveform 1\data1\ER_3.6.4\SMN0010010080108\SMN0010010080108Anj.NS.csv,F:\Research Work\Response Spectrum\Seismic waveform 1\data1\ER_3.6.4\SMN0010010080108\SMN0010010080108Anj.EW.csv,F:\Research Work\Response Spectrum\Seismic waveform 1\data1\ER_3.6.4\SMN0010010080108\SMN0010010080108Anj.UD.csv,F:\Research Work\Response Spectrum\Seismic waveform 1\data1\ER_3.6.4\SMN0010010080108,0.0002384185791015,847,8.47,847,1446,6.0,600,100.0,0.05,0.1,0.3,2.5,Duhamel,100,0.01,4.0,SMN001,35.5372,133.1612,2000/10/08,01:08:00,2000/10/08,01:08:52,119,2000/10/08,01:00:00,35.193,133.424,3.6,9,100,11.642,14.017,2.191,2,0.0002384185791015,2000.0,8388608.0,944,45.085575
F:\Research Work\Response Spectrum\Seismic waveform 1\data1\ER_3.6.4\TTR0070010080108\TTR0070010080108Anj.NS.csv,F:\Research Work\Response Spectrum\Seismic waveform 1\data1\ER_3.6.4\TTR0070010080108\TTR0070010080108Anj.EW.csv,F:\Research Work\Response Spectrum\Seismic waveform 1\data1\ER_3.6.4\TTR0070010080108\TTR0070010080108Anj.UD.csv,F:\Research Work\Response Spectrum\Seismic waveform 1\data1\ER_3.6.4\TTR0070010080108,0.0002384185791015,1260,12.6,1260,1859,6.0,600,100.0,0.05,0.1,0.3,2.5,Duhamel,100,0.01,4.0,TTR007,35.2826,133.4876,2000/10/08,01:08:00,2000/10/08,01:08:42,119,2000/10/08,01:00:00,35.193,133.424,3.6,9,100,10.6,19.279,6.764,155,0.0002384185791015,2000.0,8388608.0,945,11.516364
F:\Research Work\Response Spectrum\Seismic waveform 1\data1\ER_3.6.5\HRS0010010080621\HRS0010010080621Anj.NS.csv,F:\Research Work\Response Spectrum\Seismic waveform 1\data1\ER_3.6.5\HRS0010010080621\HRS0010010080621Anj.EW.csv,F:\Research Work\Response Spectrum\Seismic waveform 1\data1\ER_3.6.5\HRS0010010080621\HRS0010010080621Anj.UD.csv,F:\Research Work\Response Spectrum\Seismic waveform 1\data1\ER_3.6.5\HRS0010010080621,0.0002384185791015,819,8.19,819,1418,6.0,600,100.0,0.05,0.1,0.3,2.5,Duhamel,100,0.01,4.0,HRS001,35.0337,132.9018,2000/10/08,06:21:00,2000/10/08,06:21:14,119,2000/10/08,06:00:00,35.22,133.385,3.6,8,100,2.053,7.003,1.7,566,0.0002384185791015,2000.0,8388608.0,946,48.58211
F:\Research Work\Response Spectrum\Seismic waveform 1\data1\ER_3.6.5\SMN0040010080621\SMN0040010080621Anj.NS.csv,F:\Research Work\Response Spectrum\Seismic waveform 1\data1\ER_3.6.5\SMN0040010080621\SMN0040010080621Anj.EW.csv,F:\Research Work\Response Spectrum\Seismic waveform 1\data1\ER_3.6.5\SMN0040010080621\SMN0040010080621Anj.UD.csv,F:\Research Work\Response Spectrum\Seismic waveform 1\data1\ER_3.6.5\SMN0040010080621,0.0002384185791015,842,8.42,842,1441,6.0,600,100.0,0.05,0.1,0.3,2.5,Duhamel,100,0.01,4.0,SMN004,35.2881,132.9004,2000/10/08,06:21:00,2000/10/08,06:21:13,119,2000/10/08,06:00:00,35.22,133.385,3.6,8,100,3.149,3.41,1.599,45,0.0002384185791015,2000.0,8388608.0,947,44.64934
F:\Research Work\Response Spectrum\Seismic waveform 1\data1\ER_3.6.5\SMN0160010080621\SMN0160010080621Anj.NS.csv,F:\Research Work\Response Spectrum\Seismic waveform 1\data1\ER_3.6.5\SMN0160010080621\SMN0160010080621Anj.EW.csv,F:\Research Work\Response Spectrum\Seismic waveform 1\data1\ER_3.6.5\SMN0160010080621\SMN0160010080621Anj.UD.csv,F:\Research Work\Response Spectrum\Seismic waveform 1\data1\ER_3.6.5\SMN0160010080621,0.0002384185791015,765,7.65,765,1364,6.0,600,100.0,0.05,0.1,0.3,2.5,Duhamel,100,0.01,4.0,SMN016,35.1957,132.8146,2000/10/08,06:21:00,2000/10/08,06:21:15,120,2000/10/08,06:00:00,35.22,133.385,3.6,8,100,3.831,3.339,1.816,210,0.0002384185791015,2000.0,8388608.0,948,51.893208
F:\Research Work\Response Spectrum\Seismic waveform 1\data1\ER_3.6.5\TTR0070010080621\TTR0070010080621Anj.NS.csv,F:\Research Work\Response Spectrum\Seismic waveform 1\data1\ER_3.6.5\TTR0070010080621\TTR0070010080621Anj.EW.csv,F:\Research Work\Response Spectrum\Seismic waveform 1\data1\ER_3.6.5\TTR0070010080621\TTR0070010080621Anj.UD.csv,F:\Research Work\Response Spectrum\Seismic waveform 1\data1\ER_3.6.5\TTR0070010080621,0.0002384185791015,1282,12.82,1282,1881,6.0,600,100.0,0.05,0.1,0.3,2.5,Duhamel,100,0.01,4.0,TTR007,35.2826,133.4876,2000/10/08,06:21:00,2000/10/08,06:21:03,119,2000/10/08,06:00:00,35.22,133.385,3.6,8,100,8.677,13.149,3.382,155,0.0002384185791015,2000.0,8388608.0,949,11.629769
F:\Research Work\Response Spectrum\Seismic waveform 1\data1\ER_3.6.6\HRS0010010091924\HRS0010010091924Anj.NS.csv,F:\Research Work\Response Spectrum\Seismic waveform 1\data1\ER_3.6.6\HRS0010010091924\HRS0010010091924Anj.EW.csv,F:\Research Work\Response Spectrum\Seismic waveform 1\data1\ER_3.6.6\HRS0010010091924\HRS0010010091924Anj.UD.csv,F:\Research Work\Response Spectrum\Seismic waveform 1\data1\ER_3.6.6\HRS0010010091924,0.0002384185791015,1378,13.78,1378,1977,6.0,600,100.0,0.05,0.1,0.3,2.5,Duhamel,100,0.01,4.0,HRS001,35.0337,132.9018,2000/10/09,19:24:00,2000/10/09,19:24:15,119,2000/10/09,19:00:00,35.271,133.345,3.6,12,100,11.978,12.898,7.474,566,0.0002384185791015,2000.0,8388608.0,950,48.164646
F:\Research Work\Response Spectrum\Seismic waveform 1\data1\ER_3.6.6\HRS0020010091924\HRS0020010091924Anj.NS.csv,F:\Research Work\Response Spectrum\Seismic waveform 1\data1\ER_3.6.6\HRS0020010091924\HRS0020010091924Anj.EW.csv,F:\Research Work\Response Spectrum\Seismic waveform 1\data1\ER_3.6.6\HRS0020010091924\HRS0020010091924Anj.UD.csv,F:\Research Work\Response Spectrum\Seismic waveform 1\data1\ER_3.6.6\HRS0020010091924,0.0002384185791015,421,4.21,421,1020,6.0,600,100.0,0.05,0.1,0.3,2.5,Duhamel,100,0.01,4.0,HRS002,34.8951,133.2755,2000/10/09,19:24:00,2000/10/09,19:24:19,119,2000/10/09,19:00:00,35.271,133.345,3.6,12,100,14.726,16.888,2.83,306,0.0002384185791015,2000.0,8388608.0,951,42.27387
F:\Research Work\Response Spectrum\Seismic waveform 1\data1\ER_3.6.6\HRS0030010091924\HRS0030010091924Anj.NS.csv,F:\Research Work\Response Spectrum\Seismic waveform 1\data1\ER_3.6.6\HRS0030010091924\HRS0030010091924Anj.EW.csv,F:\Research Work\Response Spectrum\Seismic waveform 1\data1\ER_3.6.6\HRS0030010091924\HRS0030010091924Anj.UD.csv,F:\Research Work\Response Spectrum\Seismic waveform 1\data1\ER_3.6.6\HRS0030010091924,0.0002384185791015,523,5.23,523,1122,6.0,600,100.0,0.05,0.1,0.3,2.5,Duhamel,100,0.01,4.0,HRS003,34.8143,132.8418,2000/10/09,19:24:00,2000/10/09,19:24:27,119,2000/10/09,19:00:00,35.271,133.345,3.6,12,100,4.375,3.288,0.938,156,0.0002384185791015,2000.0,8388608.0,952,68.391815
F:\Research Work\Response Spectrum\Seismic waveform 1\data1\ER_3.6.6\HRS0210010091924\HRS0210010091924Anj.NS.csv,F:\Research Work\Response Spectrum\Seismic waveform 1\data1\ER_3.6.6\HRS0210010091924\HRS0210010091924Anj.EW.csv,F:\Research Work\Response Spectrum\Seismic waveform 1\data1\ER_3.6.6\HRS0210010091924\HRS0210010091924Anj.UD.csv,F:\Research Work\Response Spectrum\Seismic waveform 1\data1\ER_3.6.6\HRS0210010091924,0.0002384185791015,892,8.92,892,1491,6.0,600,100.0,0.05,0.1,0.3,2.5,Duhamel,100,0.01,4.0,HRS021,34.9529,133.1171,2000/10/09,19:24:00,2000/10/09,19:24:19,119,2000/10/09,19:00:00,35.271,133.345,3.6,12,100,34.475,13.317,9.079,325,0.0002384185791015,2000.0,8388608.0,953,40.99809
F:\Research Work\Response Spectrum\Seismic waveform 1\data1\ER_3.6.6\SMN0020010091924\SMN0020010091924Anj.NS.csv,F:\Research Work\Response Spectrum\Seismic waveform 1\data1\ER_3.6.6\SMN0020010091924\SMN0020010091924Anj.EW.csv,F:\Research Work\Response Spectrum\Seismic waveform 1\data1\ER_3.6.6\SMN0020010091924\SMN0020010091924Anj.UD.csv,F:\Research Work\Response Spectrum\Seismic waveform 1\data1\ER_3.6.6\SMN0020010091924,0.0002384185791015,1039,10.39,1039,1638,6.0,600,100.0,0.05,0.1,0.3,2.5,Duhamel,100,0.01,4.0,SMN002,35.4714,133.0682,2000/10/09,19:24:00,2000/10/09,19:24:16,119,2000/10/09,19:00:00,35.271,133.345,3.6,12,100,4.512,4.823,1.106,2,0.0002384185791015,2000.0,8388608.0,954,33.562466
F:\Research Work\Response Spectrum\Seismic waveform 1\data1\ER_3.6.6\SMN0030010091924\SMN0030010091924Anj.NS.csv,F:\Research Work\Response Spectrum\Seismic waveform 1\data1\ER_3.6.6\SMN0030010091924\SMN0030010091924Anj.EW.csv,F:\Research Work\Response Spectrum\Seismic waveform 1\data1\ER_3.6.6\SMN0030010091924\SMN0030010091924Anj.UD.csv,F:\Research Work\Response Spectrum\Seismic waveform 1\data1\ER_3.6.6\SMN0030010091924,0.0002384185791015,1102,11.02,1102,1701,6.0,600,100.0,0.05,0.1,0.3,2.5,Duhamel,100,0.01,4.0,SMN003,35.1795,133.0929,2000/10/09,19:24:00,2000/10/09,19:24:14,119,2000/10/09,19:00:00,35.271,133.345,3.6,12,100,11.484,15.483,4.886,332,0.0002384185791015,2000.0,8388608.0,955,25.057804
F:\Research Work\Response Spectrum\Seismic waveform 1\data1\ER_3.6.6\SMN0040010091924\SMN0040010091924Anj.NS.csv,F:\Research Work\Response Spectrum\Seismic waveform 1\data1\ER_3.6.6\SMN0040010091924\SMN0040010091924Anj.EW.csv,F:\Research Work\Response Spectrum\Seismic waveform 1\data1\ER_3.6.6\SMN0040010091924\SMN0040010091924Anj.UD.csv,F:\Research Work\Response Spectrum\Seismic waveform 1\data1\ER_3.6.6\SMN0040010091924,0.0002384185791015,942,9.42,942,1541,6.0,600,100.0,0.05,0.1,0.3,2.5,Duhamel,100,0.01,4.0,SMN004,35.2881,132.9004,2000/10/09,19:24:00,2000/10/09,19:24:18,119,2000/10/09,19:00:00,35.271,133.345,3.6,12,100,3.915,2.115,2.035,45,0.0002384185791015,2000.0,8388608.0,956,40.40254
F:\Research Work\Response Spectrum\Seismic waveform 1\data1\ER_3.6.6\SMN0160010091924\SMN0160010091924Anj.NS.csv,F:\Research Work\Response Spectrum\Seismic waveform 1\data1\ER_3.6.6\SMN0160010091924\SMN0160010091924Anj.EW.csv,F:\Research Work\Response Spectrum\Seismic waveform 1\data1\ER_3.6.6\SMN0160010091924\SMN0160010091924Anj.UD.csv,F:\Research Work\Response Spectrum\Seismic waveform 1\data1\ER_3.6.6\SMN0160010091924,0.0002384185791015,1475,14.75,1475,2074,6.0,600,100.0,0.05,0.1,0.3,2.5,Duhamel,100,0.01,4.0,SMN016,35.1957,132.8146,2000/10/09,19:24:00,2000/10/09,19:24:14,120,2000/10/09,19:00:00,35.271,133.345,3.6,12,100,2.974,1.902,3.588,210,0.0002384185791015,2000.0,8388608.0,957,48.89577
F:\Research Work\Response Spectrum\Seismic waveform 1\data1\ER_3.6.6\TTR0060010091924\TTR0060010091924Anj.NS.csv,F:\Research Work\Response Spectrum\Seismic waveform 1\data1\ER_3.6.6\TTR0060010091924\TTR0060010091924Anj.EW.csv,F:\Research Work\Response Spectrum\Seismic waveform 1\data1\ER_3.6.6\TTR0060010091924\TTR0060010091924Anj.UD.csv,F:\Research Work\Response Spectrum\Seismic waveform 1\data1\ER_3.6.6\TTR0060010091924,0.0002384185791015,909,9.09,909,1508,6.0,600,100.0,0.05,0.1,0.3,2.5,Duhamel,100,0.01,4.0,TTR006,35.5106,133.6303,2000/10/09,19:24:00,2000/10/09,19:24:18,119,2000/10/09,19:00:00,35.271,133.345,3.6,12,100,3.642,3.219,0.925,20,0.0002384185791015,2000.0,8388608.0,958,37.130207
F:\Research Work\Response Spectrum\Seismic waveform 1\data1\ER_3.6.6\TTR0070010091924\TTR0070010091924Anj.NS.csv,F:\Research Work\Response Spectrum\Seismic waveform 1\data1\ER_3.6.6\TTR0070010091924\TTR0070010091924Anj.EW.csv,F:\Research Work\Response Spectrum\Seismic waveform 1\data1\ER_3.6.6\TTR0070010091924\TTR0070010091924Anj.UD.csv,F:\Research Work\Response Spectrum\Seismic waveform 1\data1\ER_3.6.6\TTR0070010091924,0.0002384185791015,1220,12.2,1220,1819,6.0,600,100.0,0.05,0.1,0.3,2.5,Duhamel,100,0.01,4.0,TTR007,35.2826,133.4876,2000/10/09,19:24:00,2000/10/09,19:24:11,120,2000/10/09,19:00:00,35.271,133.345,3.6,12,100,15.427,9.535,5.7,155,0.0002384185791015,2000.0,8388608.0,959,13.008814
F:\Research Work\Response Spectrum\Seismic waveform 1\data1\ER_3.6.6\TTR0090010091924\TTR0090010091924Anj.NS.csv,F:\Research Work\Response Spectrum\Seismic waveform 1\data1\ER_3.6.6\TTR0090010091924\TTR0090010091924Anj.EW.csv,F:\Research Work\Response Spectrum\Seismic waveform 1\data1\ER_3.6.6\TTR0090010091924\TTR0090010091924Anj.UD.csv,F:\Research Work\Response Spectrum\Seismic waveform 1\data1\ER_3.6.6\TTR0090010091924,0.0002384185791015,1242,12.42,1242,1841,6.0,600,100.0,0.05,0.1,0.3,2.5,Duhamel,100,0.01,4.0,TTR009,35.1629,133.3063,2000/10/09,19:24:00,2000/10/09,19:24:11,119,2000/10/09,19:00:00,35.271,133.345,3.6,12,100,12.831,16.793,9.704,299,0.0002384185791015,2000.0,8388608.0,960,12.5237465
F:\Research Work\Response Spectrum\Seismic waveform 1\data1\ER_3.6.7\HRS0010010120353\HRS0010010120353Anj.NS.csv,F:\Research Work\Response Spectrum\Seismic waveform 1\data1\ER_3.6.7\HRS0010010120353\HRS0010010120353Anj.EW.csv,F:\Research Work\Response Spectrum\Seismic waveform 1\data1\ER_3.6.7\HRS0010010120353\HRS0010010120353Anj.UD.csv,F:\Research Work\Response Spectrum\Seismic waveform 1\data1\ER_3.6.7\HRS0010010120353,0.0002384185791015,845,8.45,845,1444,6.0,600,100.0,0.05,0.1,0.3,2.5,Duhamel,100,0.01,4.0,HRS001,35.0337,132.9018,2000/10/12,03:53:00,2000/10/12,03:53:47,119,2000/10/12,03:00:00,35.363,133.297,3.6,10,100,3.005,3.775,1.31,566,0.0002384185791015,2000.0,8388608.0,961,51.28598
F:\Research Work\Response Spectrum\Seismic waveform 1\data1\ER_3.6.7\HRS0020010120353\HRS0020010120353Anj.NS.csv,F:\Research Work\Response Spectrum\Seismic waveform 1\data1\ER_3.6.7\HRS0020010120353\HRS0020010120353Anj.EW.csv,F:\Research Work\Response Spectrum\Seismic waveform 1\data1\ER_3.6.7\HRS0020010120353\HRS0020010120353Anj.UD.csv,F:\Research Work\Response Spectrum\Seismic waveform 1\data1\ER_3.6.7\HRS0020010120353,0.0002384185791015,764,7.64,764,1363,6.0,600,100.0,0.05,0.1,0.3,2.5,Duhamel,100,0.01,4.0,HRS002,34.8951,133.2755,2000/10/12,03:53:00,2000/10/12,03:53:48,119,2000/10/12,03:00:00,35.363,133.297,3.6,10,100,8.09,4.881,1.165,306,0.0002384185791015,2000.0,8388608.0,962,52.06483
F:\Research Work\Response Spectrum\Seismic waveform 1\data1\ER_3.6.7\HRS0050010120353\HRS0050010120353Anj.NS.csv,F:\Research Work\Response Spectrum\Seismic waveform 1\data1\ER_3.6.7\HRS0050010120353\HRS0050010120353Anj.EW.csv,F:\Research Work\Response Spectrum\Seismic waveform 1\data1\ER_3.6.7\HRS0050010120353\HRS0050010120353Anj.UD.csv,F:\Research Work\Response Spectrum\Seismic waveform 1\data1\ER_3.6.7\HRS0050010120353,0.0002384185791015,583,5.83,583,1182,6.0,600,100.0,0.05,0.1,0.3,2.5,Duhamel,100,0.01,4.0,HRS005,34.777,133.2807,2000/10/12,03:53:00,2000/10/12,03:53:52,119,2000/10/12,03:00:00,35.363,133.297,3.6,10,100,2.473,5.141,3.634,480,0.0002384185791015,2000.0,8388608.0,963,65.17711
F:\Research Work\Response Spectrum\Seismic waveform 1\data1\ER_3.6.7\HRS0210010120353\HRS0210010120353Anj.NS.csv,F:\Research Work\Response Spectrum\Seismic waveform 1\data1\ER_3.6.7\HRS0210010120353\HRS0210010120353Anj.EW.csv,F:\Research Work\Response Spectrum\Seismic waveform 1\data1\ER_3.6.7\HRS0210010120353\HRS0210010120353Anj.UD.csv,F:\Research Work\Response Spectrum\Seismic waveform 1\data1\ER_3.6.7\HRS0210010120353,0.0002384185791015,1428,14.28,1428,2027,6.0,600,100.0,0.05,0.1,0.3,2.5,Duhamel,100,0.01,4.0,HRS021,34.9529,133.1171,2000/10/12,03:53:00,2000/10/12,03:53:41,119,2000/10/12,03:00:00,35.363,133.297,3.6,10,100,4.786,4.027,7.232,325,0.0002384185791015,2000.0,8388608.0,964,48.44507
F:\Research Work\Response Spectrum\Seismic waveform 1\data1\ER_3.6.7\OKY0050010120353\OKY0050010120353Anj.NS.csv,F:\Research Work\Response Spectrum\Seismic waveform 1\data1\ER_3.6.7\OKY0050010120353\OKY0050010120353Anj.EW.csv,F:\Research Work\Response Spectrum\Seismic waveform 1\data1\ER_3.6.7\OKY0050010120353\OKY0050010120353Anj.UD.csv,F:\Research Work\Response Spectrum\Seismic waveform 1\data1\ER_3.6.7\OKY0050010120353,0.0002384185791015,715,7.15,715,1314,6.0,600,100.0,0.05,0.1,0.3,2.5,Duhamel,100,0.01,4.0,OKY005,35.0098,133.7317,2000/10/12,03:53:00,2000/10/12,03:53:49,119,2000/10/12,03:00:00,35.363,133.297,3.6,10,100,2.271,2.858,1.349,134,0.0002384185791015,2000.0,8388608.0,965,55.70494
F:\Research Work\Response Spectrum\Seismic waveform 1\data1\ER_3.6.7\SMN0010010120353\SMN0010010120353Anj.NS.csv,F:\Research Work\Response Spectrum\Seismic waveform 1\data1\ER_3.6.7\SMN0010010120353\SMN0010010120353Anj.EW.csv,F:\Research Work\Response Spectrum\Seismic waveform 1\data1\ER_3.6.7\SMN0010010120353\SMN0010010120353Anj.UD.csv,F:\Research Work\Response Spectrum\Seismic waveform 1\data1\ER_3.6.7\SMN0010010120353,0.0002384185791015,1163,11.63,1163,1762,6.0,600,100.0,0.05,0.1,0.3,2.5,Duhamel,100,0.01,4.0,SMN001,35.5372,133.1612,2000/10/12,03:53:00,2000/10/12,03:53:39,119,2000/10/12,03:00:00,35.363,133.297,3.6,10,100,10.345,11.76,2.416,2,0.0002384185791015,2000.0,8388608.0,966,22.945961
F:\Research Work\Response Spectrum\Seismic waveform 1\data1\ER_3.6.7\SMN0150010120353\SMN0150010120353Anj.NS.csv,F:\Research Work\Response Spectrum\Seismic waveform 1\data1\ER_3.6.7\SMN0150010120353\SMN0150010120353Anj.EW.csv,F:\Research Work\Response Spectrum\Seismic waveform 1\data1\ER_3.6.7\SMN0150010120353\SMN0150010120353Anj.UD.csv,F:\Research Work\Response Spectrum\Seismic waveform 1\data1\ER_3.6.7\SMN0150010120353,0.0002384185791015,1213,12.13,1213,1812,6.0,600,100.0,0.05,0.1,0.3,2.5,Duhamel,100,0.01,4.0,SMN015,35.3644,133.1704,2000/10/12,03:53:00,2000/10/12,03:53:36,119,2000/10/12,03:00:00,35.363,133.297,3.6,10,100,12.057,5.84,3.206,32,0.0002384185791015,2000.0,8388608.0,967,11.480999
F:\Research Work\Response Spectrum\Seismic waveform 1\data1\ER_3.6.7\SMN0160010120353\SMN0160010120353Anj.NS.csv,F:\Research Work\Response Spectrum\Seismic waveform 1\data1\ER_3.6.7\SMN0160010120353\SMN0160010120353Anj.EW.csv,F:\Research Work\Response Spectrum\Seismic waveform 1\data1\ER_3.6.7\SMN0160010120353\SMN0160010120353Anj.UD.csv,F:\Research Work\Response Spectrum\Seismic waveform 1\data1\ER_3.6.7\SMN0160010120353,0.0002384185791015,878,8.78,878,1477,6.0,600,100.0,0.05,0.1,0.3,2.5,Duhamel,100,0.01,4.0,SMN016,35.1957,132.8146,2000/10/12,03:53:00,2000/10/12,03:53:46,119,2000/10/12,03:00:00,35.363,133.297,3.6,10,100,3.31,2.414,1.684,210,0.0002384185791015,2000.0,8388608.0,968,47.576782
F:\Research Work\Response Spectrum\Seismic waveform 1\data1\ER_3.6.7\TTR0050010120353\TTR0050010120353Anj.NS.csv,F:\Research Work\Response Spectrum\Seismic waveform 1\data1\ER_3.6.7\TTR0050010120353\TTR0050010120353Anj.EW.csv,F:\Research Work\Response Spectrum\Seismic waveform 1\data1\ER_3.6.7\TTR0050010120353\TTR0050010120353Anj.UD.csv,F:\Research Work\Response Spectrum\Seismic waveform 1\data1\ER_3.6.7\TTR0050010120353,0.0002384185791015,790,7.9,790,1389,6.0,600,100.0,0.05,0.1,0.3,2.5,Duhamel,100,0.01,4.0,TTR005,35.429,133.8253,2000/10/12,03:53:00,2000/10/12,03:53:47,119,2000/10/12,03:00:00,35.363,133.297,3.6,10,100,1.954,4.239,0.953,27,0.0002384185791015,2000.0,8388608.0,969,48.445503
F:\Research Work\Response Spectrum\Seismic waveform 1\data1\ER_3.6.7\TTR0070010120353\TTR0070010120353Anj.NS.csv,F:\Research Work\Response Spectrum\Seismic waveform 1\data1\ER_3.6.7\TTR0070010120353\TTR0070010120353Anj.EW.csv,F:\Research Work\Response Spectrum\Seismic waveform 1\data1\ER_3.6.7\TTR0070010120353\TTR0070010120353Anj.UD.csv,F:\Research Work\Response Spectrum\Seismic waveform 1\data1\ER_3.6.7\TTR0070010120353,0.0002384185791015,1419,14.19,1419,2018,6.0,600,100.0,0.05,0.1,0.3,2.5,Duhamel,100,0.01,4.0,TTR007,35.2826,133.4876,2000/10/12,03:53:00,2000/10/12,03:53:36,119,2000/10/12,03:00:00,35.363,133.297,3.6,10,100,7.973,6.655,4.305,155,0.0002384185791015,2000.0,8388608.0,970,19.466455
F:\Research Work\Response Spectrum\Seismic waveform 1\data1\ER_3.6.7\TTR0080010120353\TTR0080010120353Anj.NS.csv,F:\Research Work\Response Spectrum\Seismic waveform 1\data1\ER_3.6.7\TTR0080010120353\TTR0080010120353Anj.EW.csv,F:\Research Work\Response Spectrum\Seismic waveform 1\data1\ER_3.6.7\TTR0080010120353\TTR0080010120353Anj.UD.csv,F:\Research Work\Response Spectrum\Seismic waveform 1\data1\ER_3.6.7\TTR0080010120353,0.0002384185791015,962,9.62,962,1561,6.0,600,100.0,0.05,0.1,0.3,2.5,Duhamel,100,0.01,4.0,TTR008,35.4258,133.3301,2000/10/12,03:53:00,2000/10/12,03:53:33,119,2000/10/12,03:00:00,35.363,133.297,3.6,10,100,23.341,20.521,17.7,2,0.0002384185791015,2000.0,8388608.0,971,7.6003184
F:\Research Work\Response Spectrum\Seismic waveform 1\data1\ER_3.6.7\TTR0090010120353\TTR0090010120353Anj.NS.csv,F:\Research Work\Response Spectrum\Seismic waveform 1\data1\ER_3.6.7\TTR0090010120353\TTR0090010120353Anj.EW.csv,F:\Research Work\Response Spectrum\Seismic waveform 1\data1\ER_3.6.7\TTR0090010120353\TTR0090010120353Anj.UD.csv,F:\Research Work\Response Spectrum\Seismic waveform 1\data1\ER_3.6.7\TTR0090010120353,0.0002384185791015,1088,10.88,1088,1687,6.0,600,100.0,0.05,0.1,0.3,2.5,Duhamel,100,0.01,4.0,TTR009,35.1629,133.3063,2000/10/12,03:53:00,2000/10/12,03:53:40,119,2000/10/12,03:00:00,35.363,133.297,3.6,10,100,5.559,5.711,2.196,299,0.0002384185791015,2000.0,8388608.0,972,22.26612
F:\Research Work\Response Spectrum\Seismic waveform 1\data1\ER_3.6.8\HRS0010010131044\HRS0010010131044Anj.NS.csv,F:\Research Work\Response Spectrum\Seismic waveform 1\data1\ER_3.6.8\HRS0010010131044\HRS0010010131044Anj.EW.csv,F:\Research Work\Response Spectrum\Seismic waveform 1\data1\ER_3.6.8\HRS0010010131044\HRS0010010131044Anj.UD.csv,F:\Research Work\Response Spectrum\Seismic waveform 1\data1\ER_3.6.8\HRS0010010131044,0.0002384185791015,858,8.58,858,1457,6.0,600,100.0,0.05,0.1,0.3,2.5,Duhamel,100,0.01,4.0,HRS001,35.0337,132.9018,2000/10/13,10:44:00,2000/10/13,10:44:37,119,2000/10/13,10:00:00,35.27,133.35,3.6,10,100,6.898,8.638,4.068,566,0.0002384185791015,2000.0,8388608.0,973,48.48544
F:\Research Work\Response Spectrum\Seismic waveform 1\data1\ER_3.6.8\HRS0050010131044\HRS0050010131044Anj.NS.csv,F:\Research Work\Response Spectrum\Seismic waveform 1\data1\ER_3.6.8\HRS0050010131044\HRS0050010131044Anj.EW.csv,F:\Research Work\Response Spectrum\Seismic waveform 1\data1\ER_3.6.8\HRS0050010131044\HRS0050010131044Anj.UD.csv,F:\Research Work\Response Spectrum\Seismic waveform 1\data1\ER_3.6.8\HRS0050010131044,0.0002384185791015,780,7.8,780,1379,6.0,600,100.0,0.05,0.1,0.3,2.5,Duhamel,100,0.01,4.0,HRS005,34.777,133.2807,2000/10/13,10:44:00,2000/10/13,10:44:39,119,2000/10/13,10:00:00,35.27,133.35,3.6,10,100,3.804,1.973,1.337,480,0.0002384185791015,2000.0,8388608.0,974,55.181107
F:\Research Work\Response Spectrum\Seismic waveform 1\data1\ER_3.6.8\OKY0050010131044\OKY0050010131044Anj.NS.csv,F:\Research Work\Response Spectrum\Seismic waveform 1\data1\ER_3.6.8\OKY0050010131044\OKY0050010131044Anj.EW.csv,F:\Research Work\Response Spectrum\Seismic waveform 1\data1\ER_3.6.8\OKY0050010131044\OKY0050010131044Anj.UD.csv,F:\Research Work\Response Spectrum\Seismic waveform 1\data1\ER_3.6.8\OKY0050010131044,0.0002384185791015,903,9.03,903,1502,6.0,600,100.0,0.05,0.1,0.3,2.5,Duhamel,100,0.01,4.0,OKY005,35.0098,133.7317,2000/10/13,10:44:00,2000/10/13,10:44:36,119,2000/10/13,10:00:00,35.27,133.35,3.6,10,100,3.353,3.403,1.939,134,0.0002384185791015,2000.0,8388608.0,975,45.185608
F:\Research Work\Response Spectrum\Seismic waveform 1\data1\ER_3.6.8\SMN0010010131044\SMN0010010131044Anj.NS.csv,F:\Research Work\Response Spectrum\Seismic waveform 1\data1\ER_3.6.8\SMN0010010131044\SMN0010010131044Anj.EW.csv,F:\Research Work\Response Spectrum\Seismic waveform 1\data1\ER_3.6.8\SMN0010010131044\SMN0010010131044Anj.UD.csv,F:\Research Work\Response Spectrum\Seismic waveform 1\data1\ER_3.6.8\SMN0010010131044,0.0002384185791015,923,9.23,923,1522,6.0,600,100.0,0.05,0.1,0.3,2.5,Duhamel,100,0.01,4.0,SMN001,35.5372,133.1612,2000/10/13,10:44:00,2000/10/13,10:44:34,119,2000/10/13,10:00:00,35.27,133.35,3.6,10,100,2.781,2.761,0.84,2,0.0002384185791015,2000.0,8388608.0,976,34.28658
F:\Research Work\Response Spectrum\Seismic waveform 1\data1\ER_3.6.8\SMN0150010131044\SMN0150010131044Anj.NS.csv,F:\Research Work\Response Spectrum\Seismic waveform 1\data1\ER_3.6.8\SMN0150010131044\SMN0150010131044Anj.EW.csv,F:\Research Work\Response Spectrum\Seismic waveform 1\data1\ER_3.6.8\SMN0150010131044\SMN0150010131044Anj.UD.csv,F:\Research Work\Response Spectrum\Seismic waveform 1\data1\ER_3.6.8\SMN0150010131044,0.0002384185791015,1467,14.67,1467,2066,6.0,600,100.0,0.05,0.1,0.3,2.5,Duhamel,100,0.01,4.0,SMN015,35.3644,133.1704,2000/10/13,10:44:00,2000/10/13,10:44:26,119,2000/10/13,10:00:00,35.27,133.35,3.6,10,100,1.686,1.597,3.901,32,0.0002384185791015,2000.0,8388608.0,977,19.383482
F:\Research Work\Response Spectrum\Seismic waveform 1\data1\ER_3.6.8\TTR0070010131044\TTR0070010131044Anj.NS.csv,F:\Research Work\Response Spectrum\Seismic waveform 1\data1\ER_3.6.8\TTR0070010131044\TTR0070010131044Anj.EW.csv,F:\Research Work\Response Spectrum\Seismic waveform 1\data1\ER_3.6.8\TTR0070010131044\TTR0070010131044Anj.UD.csv,F:\Research Work\Response Spectrum\Seismic waveform 1\data1\ER_3.6.8\TTR0070010131044,0.0002384185791015,1479,14.79,1479,2078,6.0,600,100.0,0.05,0.1,0.3,2.5,Duhamel,100,0.01,4.0,TTR007,35.2826,133.4876,2000/10/13,10:44:00,2000/10/13,10:44:25,119,2000/10/13,10:00:00,35.27,133.35,3.6,10,100,18.16,12.657,5.197,155,0.0002384185791015,2000.0,8388608.0,978,12.569235
F:\Research Work\Response Spectrum\Seismic waveform 1\data1\ER_3.6.8\TTR0080010131044\TTR0080010131044Anj.NS.csv,F:\Research Work\Response Spectrum\Seismic waveform 1\data1\ER_3.6.8\TTR0080010131044\TTR0080010131044Anj.EW.csv,F:\Research Work\Response Spectrum\Seismic waveform 1\data1\ER_3.6.8\TTR0080010131044\TTR0080010131044Anj.UD.csv,F:\Research Work\Response Spectrum\Seismic waveform 1\data1\ER_3.6.8\TTR0080010131044,0.0002384185791015,1233,12.33,1233,1832,6.0,600,100.0,0.05,0.1,0.3,2.5,Duhamel,100,0.01,4.0,TTR008,35.4258,133.3301,2000/10/13,10:44:00,2000/10/13,10:44:28,119,2000/10/13,10:00:00,35.27,133.35,3.6,10,100,7.903,5.083,5.293,2,0.0002384185791015,2000.0,8388608.0,979,17.417933
F:\Research Work\Response Spectrum\Seismic waveform 1\data1\ER_3.6.8\TTR0090010131044\TTR0090010131044Anj.NS.csv,F:\Research Work\Response Spectrum\Seismic waveform 1\data1\ER_3.6.8\TTR0090010131044\TTR0090010131044Anj.EW.csv,F:\Research Work\Response Spectrum\Seismic waveform 1\data1\ER_3.6.8\TTR0090010131044\TTR0090010131044Anj.UD.csv,F:\Research Work\Response Spectrum\Seismic waveform 1\data1\ER_3.6.8\TTR0090010131044,0.0002384185791015,1404,14.04,1404,2003,6.0,600,100.0,0.05,0.1,0.3,2.5,Duhamel,100,0.01,4.0,TTR009,35.1629,133.3063,2000/10/13,10:44:00,2000/10/13,10:44:26,119,2000/10/13,10:00:00,35.27,133.35,3.6,10,100,7.12,6.331,10.172,299,0.0002384185791015,2000.0,8388608.0,980,12.553233
F:\Research Work\Response Spectrum\Seismic waveform 1\data1\ER_3.6.9\HRS0010010181422\HRS0010010181422Anj.NS.csv,F:\Research Work\Response Spectrum\Seismic waveform 1\data1\ER_3.6.9\HRS0010010181422\HRS0010010181422Anj.EW.csv,F:\Research Work\Response Spectrum\Seismic waveform 1\data1\ER_3.6.9\HRS0010010181422\HRS0010010181422Anj.UD.csv,F:\Research Work\Response Spectrum\Seismic waveform 1\data1\ER_3.6.9\HRS0010010181422,0.0002384185791015,838,8.38,838,1437,6.0,600,100.0,0.05,0.1,0.3,2.5,Duhamel,100,0.01,4.0,HRS001,35.0337,132.9018,2000/10/18,14:22:00,2000/10/18,14:22:58,119,2000/10/18,14:00:00,35.288,133.317,3.6,12,100,2.048,3.857,1.113,566,0.0002384185791015,2000.0,8388608.0,981,47.16143
F:\Research Work\Response Spectrum\Seismic waveform 1\data1\ER_3.6.9\HRS0020010181422\HRS0020010181422Anj.NS.csv,F:\Research Work\Response Spectrum\Seismic waveform 1\data1\ER_3.6.9\HRS0020010181422\HRS0020010181422Anj.EW.csv,F:\Research Work\Response Spectrum\Seismic waveform 1\data1\ER_3.6.9\HRS0020010181422\HRS0020010181422Anj.UD.csv,F:\Research Work\Response Spectrum\Seismic waveform 1\data1\ER_3.6.9\HRS0020010181422,0.0002384185791015,898,8.98,898,1497,6.0,600,100.0,0.05,0.1,0.3,2.5,Duhamel,100,0.01,4.0,HRS002,34.8951,133.2755,2000/10/18,14:22:00,2000/10/18,14:22:57,119,2000/10/18,14:00:00,35.288,133.317,3.6,12,100,3.939,4.777,1.565,306,0.0002384185791015,2000.0,8388608.0,982,43.851345
F:\Research Work\Response Spectrum\Seismic waveform 1\data1\ER_3.6.9\HRS0050010181422\HRS0050010181422Anj.NS.csv,F:\Research Work\Response Spectrum\Seismic waveform 1\data1\ER_3.6.9\HRS0050010181422\HRS0050010181422Anj.EW.csv,F:\Research Work\Response Spectrum\Seismic waveform 1\data1\ER_3.6.9\HRS0050010181422\HRS0050010181422Anj.UD.csv,F:\Research Work\Response Spectrum\Seismic waveform 1\data1\ER_3.6.9\HRS0050010181422,0.0002384185791015,712,7.12,712,1311,6.0,600,100.0,0.05,0.1,0.3,2.5,Duhamel,100,0.01,4.0,HRS005,34.777,133.2807,2000/10/18,14:22:00,2000/10/18,14:23:01,119,2000/10/18,14:00:00,35.288,133.317,3.6,12,100,7.079,4.934,2.799,480,0.0002384185791015,2000.0,8388608.0,983,56.91665
F:\Research Work\Response Spectrum\Seismic waveform 1\data1\ER_3.6.9\HRS0210010181422\HRS0210010181422Anj.NS.csv,F:\Research Work\Response Spectrum\Seismic waveform 1\data1\ER_3.6.9\HRS0210010181422\HRS0210010181422Anj.EW.csv,F:\Research Work\Response Spectrum\Seismic waveform 1\data1\ER_3.6.9\HRS0210010181422\HRS0210010181422Anj.UD.csv,F:\Research Work\Response Spectrum\Seismic waveform 1\data1\ER_3.6.9\HRS0210010181422,0.0002384185791015,882,8.82,882,1481,6.0,600,100.0,0.05,0.1,0.3,2.5,Duhamel,100,0.01,4.0,HRS021,34.9529,133.1171,2000/10/18,14:22:00,2000/10/18,14:22:57,120,2000/10/18,14:00:00,35.288,133.317,3.6,12,100,5.018,4.672,2.853,325,0.0002384185791015,2000.0,8388608.0,984,41.460407
F:\Research Work\Response Spectrum\Seismic waveform 1\data1\ER_3.6.9\OKY0010010181422\OKY0010010181422Anj.NS.csv,F:\Research Work\Response Spectrum\Seismic waveform 1\data1\ER_3.6.9\OKY0010010181422\OKY0010010181422Anj.EW.csv,F:\Research Work\Response Spectrum\Seismic waveform 1\data1\ER_3.6.9\OKY0010010181422\OKY0010010181422Anj.UD.csv,F:\Research Work\Response Spectrum\Seismic waveform 1\data1\ER_3.6.9\OKY0010010181422,0.0002384185791015,909,9.09,909,1508,6.0,600,100.0,0.05,0.1,0.3,2.5,Duhamel,100,0.01,4.0,OKY001,35.1945,133.7314,2000/10/18,14:22:00,2000/10/18,14:22:56,119,2000/10/18,14:00:00,35.288,133.317,3.6,12,100,8.488,6.11,2.346,334,0.0002384185791015,2000.0,8388608.0,985,39.04388
F:\Research Work\Response Spectrum\Seismic waveform 1\data1\ER_3.6.9\OKY0040010181422\OKY0040010181422Anj.NS.csv,F:\Research Work\Response Spectrum\Seismic waveform 1\data1\ER_3.6.9\OKY0040010181422\OKY0040010181422Anj.EW.csv,F:\Research Work\Response Spectrum\Seismic waveform 1\data1\ER_3.6.9\OKY0040010181422\OKY0040010181422Anj.UD.csv,F:\Research Work\Response Spectrum\Seismic waveform 1\data1\ER_3.6.9\OKY0040010181422,0.0002384185791015,836,8.36,836,1435,6.0,600,100.0,0.05,0.1,0.3,2.5,Duhamel,100,0.01,4.0,OKY004,34.9579,133.5018,2000/10/18,14:22:00,2000/10/18,14:22:57,119,2000/10/18,14:00:00,35.288,133.317,3.6,12,100,6.671,15.064,3.571,168,0.0002384185791015,2000.0,8388608.0,986,40.370438
F:\Research Work\Response Spectrum\Seismic waveform 1\data1\ER_3.6.9\OKY0050010181422\OKY0050010181422Anj.NS.csv,F:\Research Work\Response Spectrum\Seismic waveform 1\data1\ER_3.6.9\OKY0050010181422\OKY0050010181422Anj.EW.csv,F:\Research Work\Response Spectrum\Seismic waveform 1\data1\ER_3.6.9\OKY0050010181422\OKY0050010181422Anj.UD.csv,F:\Research Work\Response Spectrum\Seismic waveform 1\data1\ER_3.6.9\OKY0050010181422,0.0002384185791015,766,7.66,766,1365,6.0,600,100.0,0.05,0.1,0.3,2.5,Duhamel,100,0.01,4.0,OKY005,35.0098,133.7317,2000/10/18,14:22:00,2000/10/18,14:22:59,119,2000/10/18,14:00:00,35.288,133.317,3.6,12,100,2.047,3.224,1.217,134,0.0002384185791015,2000.0,8388608.0,987,48.770332
F:\Research Work\Response Spectrum\Seismic waveform 1\data1\ER_3.6.9\OKY0070010181422\OKY0070010181422Anj.NS.csv,F:\Research Work\Response Spectrum\Seismic waveform 1\data1\ER_3.6.9\OKY0070010181422\OKY0070010181422Anj.EW.csv,F:\Research Work\Response Spectrum\Seismic waveform 1\data1\ER_3.6.9\OKY0070010181422\OKY0070010181422Anj.UD.csv,F:\Research Work\Response Spectrum\Seismic waveform 1\data1\ER_3.6.9\OKY0070010181422,0.0002384185791015,694,6.94,694,1293,6.0,600,100.0,0.05,0.1,0.3,2.5,Duhamel,100,0.01,4.0,OKY007,34.7807,133.6121,2000/10/18,14:22:00,2000/10/18,14:23:02,119,2000/10/18,14:00:00,35.288,133.317,3.6,12,100,5.619,5.532,1.935,60,0.0002384185791015,2000.0,8388608.0,988,62.48101
F:\Research Work\Response Spectrum\Seismic waveform 1\data1\ER_3.6.9\OKY0090010181422\OKY0090010181422Anj.NS.csv,F:\Research Work\Response Spectrum\Seismic waveform 1\data1\ER_3.6.9\OKY0090010181422\OKY0090010181422Anj.EW.csv,F:\Research Work\Response Spectrum\Seismic waveform 1\data1\ER_3.6.9\OKY0090010181422\OKY0090010181422Anj.UD.csv,F:\Research Work\Response Spectrum\Seismic waveform 1\data1\ER_3.6.9\OKY0090010181422,0.0002384185791015,1483,14.83,1483,2082,6.0,600,100.0,0.05,0.1,0.3,2.5,Duhamel,100,0.01,4.0,OKY009,34.9176,134.0923,2000/10/18,14:22:00,2000/10/18,14:23:07,120,2000/10/18,14:00:00,35.288,133.317,3.6,12,100,3.663,1.687,0.948,48,0.0002384185791015,2000.0,8388608.0,989,81.67448
F:\Research Work\Response Spectrum\Seismic waveform 1\data1\ER_3.6.9\SMN0010010181422\SMN0010010181422Anj.NS.csv,F:\Research Work\Response Spectrum\Seismic waveform 1\data1\ER_3.6.9\SMN0010010181422\SMN0010010181422Anj.EW.csv,F:\Research Work\Response Spectrum\Seismic waveform 1\data1\ER_3.6.9\SMN0010010181422\SMN0010010181422Anj.UD.csv,F:\Research Work\Response Spectrum\Seismic waveform 1\data1\ER_3.6.9\SMN0010010181422,0.0002384185791015,980,9.8,980,1579,6.0,600,100.0,0.05,0.1,0.3,2.5,Duhamel,100,0.01,4.0,SMN001,35.5372,133.1612,2000/10/18,14:22:00,2000/10/18,14:22:54,119,2000/10/18,14:00:00,35.288,133.317,3.6,12,100,2.146,1.905,0.946,2,0.0002384185791015,2000.0,8388608.0,990,31.099562
F:\Research Work\Response Spectrum\Seismic waveform 1\data1\ER_3.6.9\SMN0020010181422\SMN0020010181422Anj.NS.csv,F:\Research Work\Response Spectrum\Seismic waveform 1\data1\ER_3.6.9\SMN0020010181422\SMN0020010181422Anj.EW.csv,F:\Research Work\Response Spectrum\Seismic waveform 1\data1\ER_3.6.9\SMN0020010181422\SMN0020010181422Anj.UD.csv,F:\Research Work\Response Spectrum\Seismic waveform 1\data1\ER_3.6.9\SMN0020010181422,0.0002384185791015,868,8.68,868,1467,6.0,600,100.0,0.05,0.1,0.3,2.5,Duhamel,100,0.01,4.0,SMN002,35.4714,133.0682,2000/10/18,14:22:00,2000/10/18,14:22:53,119,2000/10/18,14:00:00,35.288,133.317,3.6,12,100,4.295,2.392,1.467,2,0.0002384185791015,2000.0,8388608.0,991,30.408415
F:\Research Work\Response Spectrum\Seismic waveform 1\data1\ER_3.6.9\SMN0030010181422\SMN0030010181422Anj.NS.csv,F:\Research Work\Response Spectrum\Seismic waveform 1\data1\ER_3.6.9\SMN0030010181422\SMN0030010181422Anj.EW.csv,F:\Research Work\Response Spectrum\Seismic waveform 1\data1\ER_3.6.9\SMN0030010181422\SMN0030010181422Anj.UD.csv,F:\Research Work\Response Spectrum\Seismic waveform 1\data1\ER_3.6.9\SMN0030010181422,0.0002384185791015,1151,11.51,1151,1750,6.0,600,100.0,0.05,0.1,0.3,2.5,Duhamel,100,0.01,4.0,SMN003,35.1795,133.0929,2000/10/18,14:22:00,2000/10/18,14:22:51,119,2000/10/18,14:00:00,35.288,133.317,3.6,12,100,6.196,6.42,2.249,332,0.0002384185791015,2000.0,8388608.0,992,23.660772
F:\Research Work\Response Spectrum\Seismic waveform 1\data1\ER_3.6.9\TTR0060010181422\TTR0060010181422Anj.NS.csv,F:\Research Work\Response Spectrum\Seismic waveform 1\data1\ER_3.6.9\TTR0060010181422\TTR0060010181422Anj.EW.csv,F:\Research Work\Response Spectrum\Seismic waveform 1\data1\ER_3.6.9\TTR0060010181422\TTR0060010181422Anj.UD.csv,F:\Research Work\Response Spectrum\Seismic waveform 1\data1\ER_3.6.9\TTR0060010181422,0.0002384185791015,903,9.03,903,1502,6.0,600,100.0,0.05,0.1,0.3,2.5,Duhamel,100,0.01,4.0,TTR006,35.5106,133.6303,2000/10/18,14:22:00,2000/10/18,14:22:56,119,2000/10/18,14:00:00,35.288,133.317,3.6,12,100,5.999,3.77,1.189,20,0.0002384185791015,2000.0,8388608.0,993,37.670364
F:\Research Work\Response Spectrum\Seismic waveform 1\data1\ER_3.6.9\TTR0070010181422\TTR0070010181422Anj.NS.csv,F:\Research Work\Response Spectrum\Seismic waveform 1\data1\ER_3.6.9\TTR0070010181422\TTR0070010181422Anj.EW.csv,F:\Research Work\Response Spectrum\Seismic waveform 1\data1\ER_3.6.9\TTR0070010181422\TTR0070010181422Anj.UD.csv,F:\Research Work\Response Spectrum\Seismic waveform 1\data1\ER_3.6.9\TTR0070010181422,0.0002384185791015,1243,12.43,1243,1842,6.0,600,100.0,0.05,0.1,0.3,2.5,Duhamel,100,0.01,4.0,TTR007,35.2826,133.4876,2000/10/18,14:22:00,2000/10/18,14:22:49,119,2000/10/18,14:00:00,35.288,133.317,3.6,12,100,49.595,37.108,15.107,155,0.0002384185791015,2000.0,8388608.0,994,15.496459
F:\Research Work\Response Spectrum\Seismic waveform 1\data1\ER_3.6.9\TTR0080010181422\TTR0080010181422Anj.NS.csv,F:\Research Work\Response Spectrum\Seismic waveform 1\data1\ER_3.6.9\TTR0080010181422\TTR0080010181422Anj.EW.csv,F:\Research Work\Response Spectrum\Seismic waveform 1\data1\ER_3.6.9\TTR0080010181422\TTR0080010181422Anj.UD.csv,F:\Research Work\Response Spectrum\Seismic waveform 1\data1\ER_3.6.9\TTR0080010181422,0.0002384185791015,121,1.21,121,720,6.0,600,100.0,0.05,0.1,0.3,2.5,Duhamel,100,0.01,4.0,TTR008,35.4258,133.3301,2000/10/18,14:22:00,2000/10/18,14:22:49,119,2000/10/18,14:00:00,35.288,133.317,3.6,12,100,2.957,4.571,2.531,2,0.0002384185791015,2000.0,8388608.0,995,15.368646
F:\Research Work\Response Spectrum\Seismic waveform 1\data1\ER_3.6.9\TTR0090010181422\TTR0090010181422Anj.NS.csv,F:\Research Work\Response Spectrum\Seismic waveform 1\data1\ER_3.6.9\TTR0090010181422\TTR0090010181422Anj.EW.csv,F:\Research Work\Response Spectrum\Seismic waveform 1\data1\ER_3.6.9\TTR0090010181422\TTR0090010181422Anj.UD.csv,F:\Research Work\Response Spectrum\Seismic waveform 1\data1\ER_3.6.9\TTR0090010181422,0.0002384185791015,1345,13.45,1345,1944,6.0,600,100.0,0.05,0.1,0.3,2.5,Duhamel,100,0.01,4.0,TTR009,35.1629,133.3063,2000/10/18,14:22:00,2000/10/18,14:22:48,119,2000/10/18,14:00:00,35.288,133.317,3.6,12,100,6.722,5.965,6.042,299,0.0002384185791015,2000.0,8388608.0,996,13.944398
F:\Research Work\Response Spectrum\Seismic waveform 1\data1\ER_3.7.2\HRS0010010061854\HRS0010010061854Anj.NS.csv,F:\Research Work\Response Spectrum\Seismic waveform 1\data1\ER_3.7.2\HRS0010010061854\HRS0010010061854Anj.EW.csv,F:\Research Work\Response Spectrum\Seismic waveform 1\data1\ER_3.7.2\HRS0010010061854\HRS0010010061854Anj.UD.csv,F:\Research Work\Response Spectrum\Seismic waveform 1\data1\ER_3.7.2\HRS0010010061854,0.0002384185791015,712,7.12,712,1311,6.0,600,100.0,0.05,0.1,0.3,2.5,Duhamel,100,0.01,4.0,HRS001,35.0337,132.9018,2000/10/06,18:54:00,2000/10/06,18:54:57,119,2000/10/06,17:00:00,35.273,133.349,3.7,12,100,8.894,7.578,3.463,566,0.0002384185791015,2000.0,8388608.0,997,48.590298
F:\Research Work\Response Spectrum\Seismic waveform 1\data1\ER_3.7.2\SMN0020010061854\SMN0020010061854Anj.NS.csv,F:\Research Work\Response Spectrum\Seismic waveform 1\data1\ER_3.7.2\SMN0020010061854\SMN0020010061854Anj.EW.csv,F:\Research Work\Response Spectrum\Seismic waveform 1\data1\ER_3.7.2\SMN0020010061854\SMN0020010061854Anj.UD.csv,F:\Research Work\Response Spectrum\Seismic waveform 1\data1\ER_3.7.2\SMN0020010061854,0.0002384185791015,699,6.99,699,1298,6.0,600,100.0,0.05,0.1,0.3,2.5,Duhamel,100,0.01,4.0,SMN002,35.4714,133.0682,2000/10/06,18:54:00,2000/10/06,18:54:54,120,2000/10/06,17:00:00,35.273,133.349,3.7,12,100,1.771,2.877,1.868,2,0.0002384185791015,2000.0,8388608.0,998,33.688244
F:\Research Work\Response Spectrum\Seismic waveform 1\data1\ER_3.7.2\SMN0040010061854\SMN0040010061854Anj.NS.csv,F:\Research Work\Response Spectrum\Seismic waveform 1\data1\ER_3.7.2\SMN0040010061854\SMN0040010061854Anj.EW.csv,F:\Research Work\Response Spectrum\Seismic waveform 1\data1\ER_3.7.2\SMN0040010061854\SMN0040010061854Anj.UD.csv,F:\Research Work\Response Spectrum\Seismic waveform 1\data1\ER_3.7.2\SMN0040010061854,0.0002384185791015,970,9.7,970,1569,6.0,600,100.0,0.05,0.1,0.3,2.5,Duhamel,100,0.01,4.0,SMN004,35.2881,132.9004,2000/10/06,18:54:00,2000/10/06,18:54:55,119,2000/10/06,17:00:00,35.273,133.349,3.7,12,100,5.467,3.717,1.887,45,0.0002384185791015,2000.0,8388608.0,999,40.75496
F:\Research Work\Response Spectrum\Seismic waveform 1\data1\ER_3.7.2\SMN0160010061854\SMN0160010061854Anj.NS.csv,F:\Research Work\Response Spectrum\Seismic waveform 1\data1\ER_3.7.2\SMN0160010061854\SMN0160010061854Anj.EW.csv,F:\Research Work\Response Spectrum\Seismic waveform 1\data1\ER_3.7.2\SMN0160010061854\SMN0160010061854Anj.UD.csv,F:\Research Work\Response Spectrum\Seismic waveform 1\data1\ER_3.7.2\SMN0160010061854,0.0002384185791015,602,6.02,602,1201,6.0,600,100.0,0.05,0.1,0.3,2.5,Duhamel,100,0.01,4.0,SMN016,35.1957,132.8146,2000/10/06,18:54:00,2000/10/06,18:54:58,119,2000/10/06,16:00:00,35.273,133.349,3.7,12,100,3.674,5.328,2.708,210,0.0002384185791015,2000.0,8388608.0,1000,49.291447
F:\Research Work\Response Spectrum\Seismic waveform 1\data1\ER_3.7.2\TTR0090010061854\TTR0090010061854Anj.NS.csv,F:\Research Work\Response Spectrum\Seismic waveform 1\data1\ER_3.7.2\TTR0090010061854\TTR0090010061854Anj.EW.csv,F:\Research Work\Response Spectrum\Seismic waveform 1\data1\ER_3.7.2\TTR0090010061854\TTR0090010061854Anj.UD.csv,F:\Research Work\Response Spectrum\Seismic waveform 1\data1\ER_3.7.2\TTR0090010061854,0.0002384185791015,1240,12.4,1240,1839,6.0,600,100.0,0.05,0.1,0.3,2.5,Duhamel,100,0.01,4.0,TTR009,35.1629,133.3063,2000/10/06,18:54:00,2000/10/06,18:53:38,131,2000/10/06,17:00:00,35.273,133.349,3.7,12,100,7.427,9.418,10.055,299,0.0002384185791015,2000.0,8388608.0,1001,12.842378
